CUSTOMER_ID,TOTAL_CALLS,AVG_SENTIMENT_SCORE,MIN_SENTIMENT_SCORE,LAST_CALL_DATE,LAST_CALL_SUMMARY,LAST_CUSTOMER_INTENT,RECURRING_THEMES,COMPLAINT_CALLS,CANCELLATION_RISK_CALLS,UPSELL_INTEREST_CALLS,CLAIM_INQUIRY_CALLS
CUST00008,1,0.8359,0.8359,2024-07-06,Customer requested to update beneficiary information on a life insurance policy due to recent marriage. Agent assisted in making the change and congratulated the customer. No further assistance was required.,general_query,Provided data do not match the instruction context,0,0,0,0
CUST00013,1,0.0469,0.0469,2021-03-31,Customer requested a quote for a new auto comprehensive insurance policy. Agent provided a competitive rate and no other assistance was required.,upsell_interest,Provided data do not match the instruction context,0,0,1,0
CUST00027,2,0.3575,-0.0195,2024-01-17,Customer's last premium payment failed due to an expired card. The agent helped the customer update the payment method during the call. No further assistance was required.,general_query,"Payment issues, policy quotes, and updates to customer information.",0,0,0,0
CUST00029,1,0.0703,0.0703,2025-03-31,Customer requested a quote for a new auto comprehensive insurance policy. Agent provided a competitive rate and no other assistance was required.,upsell_interest,Provided data do not match the instruction context,0,0,1,0
CUST00030,1,0.6641,0.6641,2021-10-27,"Customer requested to update their address to Allentown, PA. Agent confirmed and informed them of potential premium change. No further assistance required.",general_query,Provided data do not match the instruction context,0,0,0,0
CUST00059,1,0.7813,0.7813,2025-10-07,"Customer asked about insurance coverage, agent explained the details. No further assistance required.",general_query,Provided data do not match the instruction context,0,0,0,0
CUST00083,1,0.4609,0.4609,2025-05-24,"Customer requested to increase Health policy coverage by 20%, agent calculated new premium and provided updated quote. No further assistance required.",upsell_interest,Provided data do not match the instruction context,0,0,1,0
CUST00094,1,0.7734,0.7734,2025-08-06,"Customer asked about insurance coverage, agent explained the details. No further assistance required.",general_query,Provided data do not match the instruction context,0,0,0,0
CUST00096,2,0.7227,0.6172,2021-02-02,Customer requested to update beneficiary information on life insurance policy due to recent marriage. Agent assisted in making the change and congratulated the customer. No further assistance was required.,general_query,Provided data do not match the instruction context,0,0,1,0
CUST00098,1,0.8359,0.8359,2023-09-15,Customer requested to update beneficiary information on a life insurance policy due to recent marriage. Agent assisted in making the change and congratulated the customer. No further assistance was required.,general_query,Provided data do not match the instruction context,0,0,0,0
CUST00122,1,0.0078,0.0078,2023-07-16,"Customer noticed an unfamiliar charge on their bill, agent reviewed account history and issued correction with a credit. No further issues discussed.",complaint,"Unfamiliar charges, billing errors, and need for account corrections.",1,0,0,0
CUST00126,2,0.4922,0.2031,2025-03-30,"Customer asked about insurance coverage, agent explained the details. No further assistance required.",general_query,"Based on the provided data, there are no recurring concerns or themes across all insurance calls for this customer, as there are only two calls with distinct and unrelated issues.",0,1,0,0
CUST00132,2,-0.1001,-0.8096,2026-02-04,"Customer requested to update their address to San Diego, CA. The agent confirmed the new address and informed the customer of potential premium changes. No further assistance was required.",general_query,Provided data do not match the instruction context,1,0,0,0
CUST00168,1,0.8281,0.8281,2024-07-31,Customer requested to update beneficiary information on a life insurance policy due to recent marriage. Agent assisted in making the change and congratulated the customer. No further assistance was required.,general_query,"None, as there is only one call and no recurring concerns or themes can be identified.",0,0,0,0
CUST00192,1,-0.8252,-0.8252,2023-09-25,"Customer expressed disappointment over long wait time for callback, agent apologized and promised resolution, and customer agreed to give the company one more chance.",complaint,"Long wait times, need for timely resolution, and desire for improved customer service.",1,0,0,0
CUST00292,2,0.6055,0.4766,2026-02-14,"Customer inquired about Life policy renewal date and potential premium increase. Agent provided the information and offered assistance with other matters, which the customer declined.",renewal_inquiry,"The main recurring concerns or themes across all insurance calls for this customer are:

1. Life policy renewal and premium changes: The customer inquired about the renewal date and potential premium increase, indicating concern about policy maintenance and cost.
2. Policy coverage and adjustments: The customer requested to increase policy coverage by 20%, showing a need to adjust their policy to meet changing needs.
3. Proactive policy management: The customer's inquiries and requests suggest a desire to actively manage their policy, seeking information and making adjustments to ensure it remains suitable for their situation.",0,0,1,0
CUST00297,2,0.4492,0.0703,2025-12-21,Customer requested to update beneficiary information on life insurance policy due to recent marriage. Agent assisted in making the change and congratulated the customer. No further assistance was required.,general_query,Provided data do not match the instruction context,0,0,0,0
CUST00309,2,0.6563,0.6563,2026-02-03,"Customer inquired about loyalty and bundling discounts, qualified, and agent applied it to their account. No further assistance required.",upsell_interest,Loyalty and bundling discounts.,0,0,2,0
CUST00314,2,-0.0127,-0.8223,2024-11-07,"Customer complained about long wait time for callback, apologized for the inconvenience, and promised to resolve the issue. Customer expressed disappointment but agreed to give the company another chance. No other issues discussed.",complaint,"1. Payment issues: The customer experienced a failed premium payment due to an expired card.
2. Wait time and service: The customer complained about long wait times for callbacks, expressing disappointment with the service.
3. Issue resolution: The customer's issues were resolved during the calls, with the agent providing assistance to update the payment method and apologizing for the inconvenience.",1,0,0,0
CUST00338,1,0.4141,0.4141,2024-05-29,"Customer called to inquire about the status of a home insurance claim, which is currently under review and expected to be resolved within 5-7 business days. Customer expressed frustration due to the delay and the issue was escalated. No other assistance was required.",claim_inquiry,Provided data do not match the instruction context,0,0,0,1
CUST00343,3,0.4713,0.0078,2025-10-05,"Customer asked about insurance coverage, agent explained the details. No further assistance required.",general_query,"The main recurring concerns or themes across all insurance calls for this customer are:

1. Billing and account discrepancies (unfamiliar charge on the bill)
2. Discounts and promotions (loyalty and bundling discounts)
3. Policy details and coverage (insurance coverage explanation)",1,0,1,0
CUST00347,1,0.8359,0.8359,2026-01-24,Customer requested to update beneficiary information on life insurance policy due to recent marriage. Agent assisted in making the change and congratulated the customer. No further assistance was required.,general_query,No recurring concerns or themes can be identified as there is only one call record provided.,0,0,0,0
CUST00362,1,0.7031,0.7031,2026-03-18,"Customer requested to update their address to Chicago, IL. Agent confirmed and informed them about potential premium change. No further assistance required.",general_query,Provided data do not match the instruction context,0,0,0,0
CUST00398,1,0.7656,0.7656,2025-07-10,"Customer asked about insurance coverage, agent explained the details. No further assistance required.",general_query,Provided data do not match the instruction context,0,0,0,0
CUST00399,1,0.7344,0.7344,2022-05-01,Customer's last premium payment failed due to an expired card. The agent helped the customer update the payment method during the call. No further assistance was required.,general_query,Provided data do not match the instruction context,0,0,0,0
CUST00401,1,0.6172,0.6172,2026-08-01,"Customer requested to update their address to Houston, TX, and the agent confirmed the change, informing them of potential premium adjustments. No further assistance was required.",general_query,Provided data do not match the instruction context,0,0,0,0
CUST00409,2,0.4883,0.4375,2023-09-28,"Customer called to inquire about the status of a home policy claim, currently under review and expected to be resolved within 5-7 business days, but had taken longer than expected. Agent escalated the issue and assured the customer of resolution. No other assistance requested.",claim_inquiry,"Delays in claim resolution, specifically with home and renters policies, and the need for escalation to resolve issues in a timely manner.",0,0,0,2
CUST00413,1,0.8359,0.8359,2020-03-16,Customer requested to update beneficiary information on a life insurance policy due to recent marriage. Agent assisted in making the change and congratulated the customer. No further assistance was required.,general_query,Provided data do not match the instruction context,0,0,0,0
CUST00419,1,0.0078,0.0078,2026-07-28,"Customer noticed an unfamiliar charge on their bill, agent reviewed account history and issued correction with a credit. No further issues discussed.",complaint,Provided data do not match the instruction context,1,0,0,0
CUST00423,2,0.7461,0.7109,2023-12-02,Customer's last premium payment failed due to an expired card. The agent helped the customer update the payment method during the call. No further assistance was required.,general_query,"Policy renewal and premium increase inquiries, payment issues due to expired or declined payment methods, and general customer service inquiries for assistance with policy-related matters.",0,0,0,0
CUST00455,3,0.6693,0.3906,2024-06-06,Customer requested to update beneficiary information on life insurance policy due to recent marriage. Agent assisted in making the change and congratulated the customer. No further assistance was required.,general_query,"Life insurance policy updates, insurance coverage inquiries, and claim status follow-ups are the main recurring concerns, with a specific focus on beneficiary changes due to life events and delays in claim processing.",0,0,0,1
CUST00457,2,0.4883,0.1406,2022-11-02,Customer requested a quote for a comprehensive Life insurance policy and was provided with a competitive rate by the agent. No further assistance was required.,upsell_interest,Provided data do not match the instruction context,0,0,1,0
CUST00458,1,0.1797,0.1797,2025-02-21,"Customer requested to cancel their Renters policy due to finding a better rate elsewhere, and declined the agent's offer to retain their business. No other assistance was required.",cancellation_risk,"Price competitiveness, policy retention, and customer loyalty are not the main concerns as the customer has already made up their mind to switch due to a better rate. The main recurring concern in this call is the customer's desire for a better rate, which their current insurer could not match.",0,1,0,0
CUST00472,1,0.6875,0.6875,2025-11-07,"Customer inquired about loyalty and bundling discounts, qualified, and agent applied it to their account. No further assistance required.",upsell_interest,Provided data do not match the instruction context,0,0,1,0
CUST00489,1,-0.0078,-0.0078,2023-04-07,"Customer inquired about an unfamiliar charge on their bill, agent reviewed account history and issued correction with a credit. No further issues discussed.",complaint,Provided data do not match the instruction context,1,0,0,0
CUST00496,3,0.6328,0.5234,2022-11-19,"Customer inquired about loyalty and bundling discounts, qualified, and agent applied it to their account. No further assistance required.",upsell_interest,"The main recurring concerns or themes across all insurance calls for this customer are:

1. Policy adjustments and updates (e.g., increasing Life policy coverage, updating payment method).
2. Billing and payment issues (e.g., failed premium payment due to expired card).
3. Discounts and savings (e.g., loyalty and bundling discounts).",0,0,2,0
CUST00542,2,0.4024,0.0391,2024-12-01,"Customer noticed an unfamiliar charge on their bill, agent reviewed account history and issued correction with a credit. No further issues discussed.",complaint,"Two main recurring concerns or themes across all insurance calls for this customer are:

1. Clarification on insurance coverage details.
2. Billing discrepancies and corrections.",1,0,0,0
CUST00546,1,0.5703,0.5703,2026-07-01,"Customer called to inquire about the status of a home policy claim, currently under review and expected to be resolved within 5-7 business days, but had taken longer than expected. Agent escalated the issue and assured the customer of resolution. No other assistance requested.",claim_inquiry,Provided data do not match the instruction context,0,0,0,1
CUST00551,1,0.0547,0.0547,2024-11-20,"Customer requested a quote for a comprehensive Renters insurance policy, and the agent provided a competitive rate. No further assistance was required.",upsell_interest,Provided data do not match the instruction context,0,0,1,0
CUST00571,2,0.5742,0.4922,2025-01-06,"Customer inquired about loyalty and bundling discounts, qualified, and agent applied it to their account. No further assistance required.",upsell_interest,Provided data do not match the instruction context,0,0,2,0
CUST00577,1,0.625,0.625,2026-03-21,"Customer updated their address to Mesa, AZ, which may affect their premium.",general_query,Provided data do not match the instruction context,0,0,0,0
CUST00596,1,0.7578,0.7578,2023-05-19,Customer's last premium payment failed due to an expired card. The agent helped the customer update the payment method during the call. No further assistance was required.,general_query,Provided data do not match the instruction context,0,0,0,0
CUST00608,2,0.5547,0.4844,2026-07-06,Customer requested a 20% increase in Home insurance coverage. Agent calculated the new premium and provided an updated quote. No further assistance required.,upsell_interest,"The main recurring concerns or themes across all insurance calls for this customer are:

1. **Claim resolution delays**: The customer's home policy claim has taken longer than expected to be resolved, causing concern and prompting an escalation.
2. **Policy coverage and updates**: The customer has requested changes to their home insurance coverage, specifically a 20% increase, and required assistance with calculating the new premium.
3. **Timely issue resolution**: The customer expects prompt resolution of their issues, as evidenced by their inquiry about the claim status and the agent's assurance of resolution.",0,0,1,1
CUST00541,1,0.0781,0.0781,2023-02-20,Customer requested a quote for a comprehensive Health policy and was provided with a competitive rate by the agent. No further assistance was required.,upsell_interest,Provided data do not match the instruction context,0,0,1,0
CUST00600,1,0.6719,0.6719,2024-08-30,"Customer inquired about loyalty and bundling discounts, qualified, and agent applied it to their account. No further assistance required.",upsell_interest,Loyalty and bundling discounts.,0,0,1,0
CUST00625,1,0.7656,0.7656,2026-05-29,"Customer asked about insurance coverage, agent explained the details. No further assistance required.",general_query,Provided data do not match the instruction context,0,0,0,0
CUST00626,1,0.8359,0.8359,2020-09-21,Customer requested to update beneficiary information on a life insurance policy due to recent marriage. Agent assisted in making the change and congratulated the customer. No further assistance was required.,general_query,Provided data do not match the instruction context,0,0,0,0
CUST00631,2,0.6992,0.6328,2022-05-09,"Customer updated their address to Augusta, GA, which may affect their premium.",general_query,"Insurance coverage details and potential premium changes due to address updates are the main recurring concerns, specifically related to understanding policy details and the impact of location on premiums.",0,0,0,0
CUST00632,1,0.6484,0.6484,2026-05-21,"Customer inquired about loyalty and bundling discounts, agent confirmed eligibility and applied it to the account. No further assistance required.",upsell_interest,Provided data do not match the instruction context,0,0,1,0
CUST00645,1,0.6563,0.6563,2025-05-16,"Customer inquired about loyalty and bundling discounts, qualified, and agent applied it to their account. No further assistance required.",upsell_interest,Provided data do not match the instruction context,0,0,1,0
CUST00646,2,0.5664,0.4453,2025-07-08,"Customer inquired about loyalty and bundling discounts, qualified, and agent applied it to their account. No further assistance required.",upsell_interest,Provided data do not match the instruction context,0,0,2,0
CUST00652,1,0.7188,0.7188,2020-02-26,"Customer inquired about loyalty and bundling discounts, qualified, and agent applied it to their account. No further assistance required.",upsell_interest,Loyalty and bundling discounts.,0,0,1,0
CUST00663,1,-0.8223,-0.8223,2020-09-28,"Customer expressed disappointment over long wait time for callback, agent apologized and promised resolution, and customer agreed to give the company one more chance.",complaint,"Customer dissatisfaction with wait times, desire for timely resolution, and need for improved customer service to regain trust.",1,0,0,0
CUST00668,1,-0.0117,-0.0117,2025-06-19,"Customer inquired about an unfamiliar charge on their bill, agent reviewed account history and issued correction with a credit. No further issues discussed.",complaint,"There is only one concern mentioned: an unfamiliar charge on the bill, which was resolved with a credit. Provided data do not match the instruction context to identify 2-3 main recurring concerns or themes.",1,0,0,0
CUST00671,1,0.5859,0.5859,2026-07-10,Customer requested a 20% increase in auto insurance coverage. Agent calculated the new premium and provided an updated quote. No further assistance required.,upsell_interest,Provided data do not match the instruction context,0,0,1,0
CUST00673,2,0.6016,0.5547,2023-02-19,"Customer inquired about loyalty and bundling discounts, qualified, and agent applied it to their account. No further assistance required.",upsell_interest,"Policy coverage increase and premium updates, loyalty and bundling discounts.",0,0,2,0
CUST00688,3,0.5495,0.0547,2025-10-06,Customer requested to update beneficiary information on a life insurance policy due to recent marriage. Agent assisted in making the change and congratulated the customer. No further assistance was required.,general_query,"The main recurring concerns or themes across all insurance calls for this customer are:

1. Policy updates and changes (e.g., updating beneficiary information due to a life event).
2. Clarification on insurance coverage and policy details.
3. Billing and account issues (e.g., resolving unfamiliar charges and issuing corrections).",1,0,0,0
CUST00723,1,0.8359,0.8359,2025-11-22,Customer requested to update beneficiary information on life insurance policy due to recent marriage. Agent assisted in making the change and congratulated the customer. No further assistance was required.,general_query,Provided data do not match the instruction context,0,0,0,0
CUST00731,1,0.6406,0.6406,2026-03-18,"Customer requested to update their address to Charlotte, NC, which may affect their premium. Agent confirmed the update and informed the customer. No further assistance was required.",general_query,Provided data do not match the instruction context,0,0,0,0
CUST00739,1,0.1563,0.1563,2024-08-23,"Customer requested to cancel Home policy due to finding a better rate elsewhere, and declined the agent's offer to retain business. No other assistance was required.",cancellation_risk,Provided data do not match the instruction context,0,1,0,0
CUST00749,1,0.7734,0.7734,2022-01-29,"Customer asked about insurance coverage, agent explained the details. No further assistance required.",general_query,Provided data do not match the instruction context,0,0,0,0
CUST00755,2,0.5235,0.375,2022-08-26,"Customer requested to update their address to Orlando, FL, which may affect their premium. Agent confirmed the update and informed the customer. No further assistance was required.",general_query,Provided data do not match the instruction context,0,1,0,0
CUST00769,1,-0.8174,-0.8174,2024-03-11,"Customer complained about long wait time for callback, apologized for the inconvenience, and promised to resolve the issue. Customer expressed disappointment but agreed to give the company another chance. No other issues discussed.",complaint,Provided data do not match the instruction context,1,0,0,0
CUST00729,1,0.8359,0.8359,2023-06-05,Customer requested to update beneficiary information on a life insurance policy due to recent marriage. Agent assisted in making the change and congratulated the customer. No further assistance was required.,general_query,Provided data do not match the instruction context,0,0,0,0
CUST00771,2,0.5196,0.4922,2026-04-16,Customer requested a 20% increase in Home insurance coverage. Agent calculated the new premium and provided an updated quote. No further assistance required.,upsell_interest,"The customer's main recurring concern is the need to increase coverage across different insurance policies (Home and Health), specifically requesting a 20% increase in coverage, and seeking updated premium quotes.",0,0,2,0
CUST00773,1,0.8359,0.8359,2024-02-21,Customer requested to update beneficiary information on life insurance policy due to recent marriage. Agent assisted in making the change and congratulated the customer. No further assistance was required.,general_query,Provided data do not match the instruction context,0,0,0,0
CUST00776,2,0.4688,0.375,2025-12-23,"Customer requested to increase Life policy coverage by 20%, agent calculated new premium and provided updated quote.",upsell_interest,"Life insurance claim delays and status updates, policy coverage changes and premium adjustments, and customer service experience (appreciation for patience and assistance).",0,0,1,1
CUST00811,1,-0.0117,-0.0117,2025-03-11,"Customer requested to cancel their Life policy due to finding a better rate elsewhere, and declined the agent's offer to retain their business. No other assistance was required.",cancellation_risk,Provided data do not match the instruction context,0,1,0,0
CUST00854,1,0.3047,0.3047,2025-04-06,"Customer requested to cancel their Auto policy due to finding a better rate elsewhere, and declined the agent's offer to retain their business. No other assistance was required.",cancellation_risk,Provided data do not match the instruction context,0,1,0,0
CUST00858,1,0.6172,0.6172,2022-12-22,"Customer inquired about loyalty and bundling discounts, qualified, and agent applied it to their account. No further assistance required.",upsell_interest,Provided data do not match the instruction context,0,0,1,0
CUST00866,3,0.6875,0.5469,2025-11-23,"Customer asked about insurance coverage, agent explained the details. No further assistance required.",general_query,"Insurance coverage details, policy updates, and premium adjustments.",0,0,1,0
CUST00875,2,0.3867,0.1328,2024-02-13,"Customer requested a quote for a comprehensive Renters insurance policy, and the agent provided a competitive rate. No further assistance was required.",general_query,Provided data do not match the instruction context,0,0,0,0
CUST00898,1,0.75,0.75,2021-04-15,"Customer inquired about policy renewal date and potential premium increase. Agent provided the information and offered assistance with other matters, which the customer declined.",renewal_inquiry,Provided data do not match the instruction context,0,0,0,0
CUST00900,3,0.2656,0.0313,2023-08-04,"Customer inquired about an unfamiliar charge on their bill, agent reviewed account history and issued correction with a credit. No further issues discussed.",complaint,"The 2-3 main recurring concerns or themes across all insurance calls for this customer are:

1. Unfamiliar charges on the bill (2 instances)
2. Request for discounts (1 instance)",2,0,1,0
CUST00901,1,-0.8008,-0.8008,2025-04-17,"Customer complained about long wait time for callback, apologized for the inconvenience, and promised to resolve the issue. Customer expressed disappointment but agreed to give the agent another chance. No other issues discussed.",complaint,Provided data do not match the instruction context,1,0,0,0
CUST00937,1,0.7656,0.7656,2023-06-17,Customer's last premium payment failed due to an expired card. The agent helped the customer update the payment method during the call. No further assistance was required.,general_query,Provided data do not match the instruction context,0,0,0,0
CUST00942,1,0.7344,0.7344,2023-09-08,Customer's last premium payment failed due to an expired card. The agent helped the customer update the payment method during the call. No further assistance was required.,general_query,Provided data do not match the instruction context,0,0,0,0
CUST00956,4,0.3975,-0.0039,2026-08-11,"Customer inquired about home policy renewal date and potential premium increase. Agent provided the information and offered assistance with other matters, which the customer declined.",renewal_inquiry,"Unfamiliar charges on bills, policy renewal and premium inquiries, and updates to personal information due to life events.",2,0,0,0
CUST00963,1,0.3594,0.3594,2020-07-10,"Customer called to inquire about the status of a health policy claim, currently under review and expected to be resolved within 5-7 business days, but had taken longer than expected. Agent escalated the issue and assured the customer of resolution. No other assistance requested.",claim_inquiry,"Claim status updates, delays in claim resolution, and need for escalation to resolve issues in a timely manner.",0,0,0,1
CUST00969,1,0.3984,0.3984,2026-02-03,"Customer called to inquire about the status of a claim under review for a Renters policy, which is taking longer than expected. Agent assured to escalate the issue and there were no other requests from the customer.",claim_inquiry,Provided data do not match the instruction context,0,0,0,1
CUST00970,2,0.6094,0.5547,2025-09-06,"Customer requested to update their address to one in Phoenix, AZ. The agent confirmed the new address and informed the customer of potential premium changes. No further assistance was required.",general_query,Provided data do not match the instruction context,0,0,1,0
CUST00981,2,-0.0127,-0.8145,2025-03-15,"Customer complained about long wait time for callback, apologized for the inconvenience, and promised to resolve the issue. Customer expressed disappointment but agreed to give the company another chance. No other issues discussed.",complaint,"Policy renewal and premium increase, long wait times for callbacks, and customer satisfaction with the service provided.",1,0,0,0
CUST00003,1,0.25,0.25,2025-06-18,"Customer requested a quote for a new auto comprehensive insurance policy, and the agent provided a competitive rate. No further assistance was required.",upsell_interest,"No recurring concerns or themes are present as there is only one interaction, which was a straightforward quote request with no issues.",0,0,1,0
CUST00004,2,-0.4009,-0.8096,2025-01-06,"Customer expressed disappointment over long wait time for callback, agent apologized and promised resolution, and customer agreed to give the company one more chance.",complaint,"Two main recurring concerns across all insurance calls for this customer are:

1. Billing issues: The customer had an unfamiliar charge on their bill that required correction.
2. Poor customer service experience: The customer expressed disappointment over long wait time for a callback, indicating a need for improvement in the company's responsiveness.",2,0,0,0
CUST00007,2,0.7969,0.7891,2024-03-30,Customer's last premium payment failed due to an expired card. The agent helped the customer update the payment method during the call. No further assistance was required.,general_query,"1. Payment issues: The customer experienced a failed premium payment due to an expired card, requiring an update to the payment method.
2. Policy renewal and premium concerns: The customer inquired about their auto insurance policy renewal date and potential premium increase, seeking information and clarity on their policy status.",0,0,0,0
CUST00024,1,0.7578,0.7578,2024-09-19,"Customer asked about insurance coverage, agent explained the details. No further assistance required.",general_query,Provided data do not match the instruction context,0,0,0,0
CUST00036,1,-0.8193,-0.8193,2021-02-21,"Customer expressed disappointment over long wait time for callback, agent apologized and promised resolution, and customer agreed to give the company one more chance.",complaint,"Long wait times, need for timely resolution, and desire for improved customer service.",1,0,0,0
CUST00040,1,0.1875,0.1875,2025-08-30,Customer requested a quote for a comprehensive Renters insurance policy and was provided with a competitive rate by the agent. No further assistance was required.,upsell_interest,"No recurring concerns or themes are present as this is a single, straightforward interaction where the customer's request for a quote was fulfilled without issue.",0,0,1,0
CUST00045,1,0.625,0.625,2025-07-18,"Customer inquired about loyalty and bundling discounts, qualified, and agent applied it to their account. No further assistance required.",upsell_interest,Provided data do not match the instruction context,0,0,1,0
CUST00051,1,0.7969,0.7969,2025-04-23,Customer's last premium payment failed due to an expired card. The agent helped the customer update the payment method during the call. No further assistance was required.,general_query,Provided data do not match the instruction context,0,0,0,0
CUST00060,2,0.1914,0.0078,2023-05-21,"Customer noticed an unfamiliar charge on their bill, agent reviewed account history and issued correction with a credit. No further issues discussed.",complaint,Provided data do not match the instruction context,1,0,1,0
CUST00082,2,0.6836,0.6406,2026-04-09,"Customer inquired about Life policy renewal date and potential premium increase. Agent provided the information and offered assistance with other matters, which the customer declined.",renewal_inquiry,"The main recurring concerns or themes across all insurance calls for this customer are:

1. Policy updates and changes (address update, renewal date inquiry)
2. Premium changes and potential increases
3. General policy information and clarification",0,0,0,0
CUST00086,1,0.4688,0.4688,2024-11-16,"Customer requested to increase Health policy coverage by 20%, agent calculated new premium and provided updated quote. No further assistance required.",upsell_interest,Provided data do not match the instruction context,0,0,1,0
CUST00089,1,0.2266,0.2266,2025-02-25,"Customer requested to cancel Health policy due to finding a better rate elsewhere, and declined the agent's offer to retain business. No other assistance was required.",cancellation_risk,Provided data do not match the instruction context,0,1,0,0
CUST00104,1,0.6328,0.6328,2026-01-22,"Customer inquired about loyalty and bundling discounts, qualified, and agent applied it to their account. No further assistance required.",upsell_interest,Provided data do not match the instruction context,0,0,1,0
CUST00109,1,-0.8066,-0.8066,2020-06-03,"Customer complained about long wait time for callback, apologized for the inconvenience, and promised to resolve the issue. Customer expressed disappointment but agreed to give the company another chance. No other issues discussed.",complaint,Provided data do not match the instruction context,1,0,0,0
CUST00111,1,-0.0195,-0.0195,2024-11-02,Customer requested a quote for a comprehensive home insurance policy and was provided with a competitive rate by the agent. No further assistance was required.,general_query,Provided data do not match the instruction context,0,0,0,0
CUST00115,1,0.4766,0.4766,2026-02-18,Customer requested a 20% increase in coverage for their Renters policy. Agent calculated the new premium and provided an updated quote. No further assistance was required.,upsell_interest,Provided data do not match the instruction context,0,0,1,0
CUST00140,2,0.6524,0.5234,2023-11-24,"Customer inquired about Life policy renewal date and potential premium increase. Agent provided the information and offered assistance with other matters, which the customer declined.",renewal_inquiry,"The main recurring concerns or themes across all insurance calls for this customer are:

1. Policy coverage and premium adjustments: The customer has inquired about increasing their Life policy coverage and has been provided with updated quotes.
2. Policy renewal and premium changes: The customer has asked about their policy renewal date and potential premium increases, indicating concern about future costs.
3. Proactive policy management: The customer is taking initiative to review and adjust their policy, seeking information and quotes to make informed decisions.",0,0,1,0
CUST00149,1,-0.8193,-0.8193,2021-11-02,"Customer complained about long wait time for callback, apologized for the inconvenience, and promised to resolve the issue. Customer expressed disappointment but agreed to give the company another chance. No other issues discussed.",complaint,Provided data do not match the instruction context,1,0,0,0
CUST00157,2,-0.2769,-0.8193,2024-08-08,"Customer complained about long wait time for callback, apologized for the inconvenience, and promised to resolve the issue. Customer expressed disappointment but agreed to give the company another chance. No other issues discussed.",complaint,Provided data do not match the instruction context,1,1,0,0
CUST00170,1,0.6484,0.6484,2021-04-30,"Customer inquired about loyalty and bundling discounts, qualified, and agent applied it to their account. No further assistance required.",upsell_interest,Provided data do not match the instruction context,0,0,1,0
CUST00184,1,0.3125,0.3125,2024-06-28,"Customer called to inquire about the status of a claim under review for a Renters policy, which is taking longer than expected. Agent assured to escalate the issue and there were no other requests from the customer.",claim_inquiry,Provided data do not match the instruction context,0,0,0,1
CUST00221,1,-0.0508,-0.0508,2025-10-26,Customer requested a quote for a comprehensive Life insurance policy and was provided with a competitive rate by the agent. No further assistance was required.,upsell_interest,Provided data do not match the instruction context,0,0,1,0
CUST00237,2,0.1914,0.1875,2024-08-22,"Customer requested to cancel their Renters policy due to finding a better rate elsewhere, and declined the agent's offer to retain their business. No other assistance was required.",cancellation_risk,Provided data do not match the instruction context,0,1,0,0
CUST00244,1,0.6641,0.6641,2021-12-25,"Customer requested to update their address to Durham, NC, which may affect their premium. No other assistance was required.",general_query,Provided data do not match the instruction context,0,0,0,0
CUST00262,1,0.0156,0.0156,2022-11-22,"Customer inquired about an unfamiliar charge on their bill, agent reviewed account history and issued correction with a credit. No further issues discussed.",complaint,Provided data do not match the instruction context,1,0,0,0
CUST00286,1,0.7891,0.7891,2026-03-24,"Customer asked about insurance coverage, agent explained the details. No further assistance required.",general_query,Provided data do not match the instruction context,0,0,0,0
CUST00291,1,0.6563,0.6563,2022-03-29,"Customer requested to update their address to one in Phoenix, AZ. The agent confirmed the new address and informed the customer of potential premium changes. No further assistance was required.",general_query,Provided data do not match the instruction context,0,0,0,0
CUST00303,1,0.7656,0.7656,2025-08-19,Customer's last premium payment failed due to an expired card. The agent helped the customer update the payment method during the call. No further assistance was required.,general_query,Provided data do not match the instruction context,0,0,0,0
CUST00334,1,0.7734,0.7734,2025-07-27,"Customer inquired about renter policy renewal date and potential premium increase. Agent provided the information and offered assistance with other matters, which the customer declined.",renewal_inquiry,Provided data do not match the instruction context,0,0,0,0
CUST00355,1,0.3438,0.3438,2025-04-04,"Customer requested to cancel Health policy due to finding a better rate elsewhere, and declined the agent's offer to retain business. No other assistance was required.",cancellation_risk,Provided data do not match the instruction context,0,1,0,0
CUST00368,2,0.2696,0.1875,2023-12-12,"Customer called to inquire about the status of a claim under review for a Renters policy, which is taking longer than expected. Agent assured to escalate the issue and there were no further requests from the customer.",claim_inquiry,"Based on the provided data, there is only one recurring concern or theme across the insurance calls for this customer:

1. Renters policy inquiries: The customer has called about a claim under review for a Renters policy and also requested a quote for a comprehensive Renters insurance policy.

Provided data do not match the instruction context for identifying 2-3 main recurring concerns or themes.",0,0,1,1
CUST00372,2,0.3984,0.0469,2022-07-01,"Customer noticed an unfamiliar charge on their bill, agent reviewed account history and issued correction with a credit. No further issues discussed.",complaint,"Based on the provided data, there are no recurring concerns or themes across all insurance calls for this customer, as there are only two calls with distinct issues that were resolved.",1,0,0,0
CUST00378,4,0.1648,-0.8174,2023-10-01,"Customer complained about long wait time for callback, apologized for the inconvenience, and promised to resolve the issue. Customer expressed disappointment but agreed to give the agent another chance. No other issues discussed.",complaint,None of the provided data inputs indicate recurring concerns or themes across all insurance calls for this customer.,1,0,1,0
CUST00385,1,0.7734,0.7734,2026-07-23,"Customer asked about insurance coverage, agent explained the details. No further assistance required.",general_query,Provided data do not match the instruction context,0,0,0,0
CUST00396,1,0.7188,0.7188,2026-01-12,Customer's last premium payment failed due to an expired card. The agent helped the customer update the payment method during the call. No further assistance was required.,general_query,Provided data do not match the instruction context,0,0,0,0
CUST00426,1,0.7734,0.7734,2022-08-02,"Customer inquired about auto insurance policy renewal date and potential premium increase. Agent provided the information and offered assistance with other matters, which the customer declined.",renewal_inquiry,Provided data do not match the instruction context,0,0,0,0
CUST00432,1,0.2734,0.2734,2022-05-20,"Customer called to inquire about the status of a life insurance claim under review, which is taking longer than expected. Agent assured to escalate the issue and appreciated the customer's patience. No further assistance was required.",claim_inquiry,Provided data do not match the instruction context,0,0,0,1
CUST00441,1,0.6172,0.6172,2024-04-27,"Customer inquired about loyalty and bundling discounts, agent confirmed eligibility and applied it to the account. No further assistance required.",upsell_interest,Provided data do not match the instruction context,0,0,1,0
CUST00446,1,0.3828,0.3828,2023-08-29,"Customer requested a quote for a comprehensive Renters insurance policy, and the agent provided a competitive rate. No further assistance was required.",upsell_interest,Provided data do not match the instruction context,0,0,1,0
CUST00462,2,0.4492,0.0625,2026-01-12,Customer requested to update beneficiary information on life insurance policy due to recent marriage. Agent assisted in making the change and congratulated the customer. No further assistance was required.,general_query,Provided data do not match the instruction context,0,0,0,0
CUST00463,1,0.3594,0.3594,2026-05-03,"Customer called to inquire about the status of a claim under review for a Renters policy, which is taking longer than expected. Agent assured to escalate the issue and there were no other requests from the customer.",claim_inquiry,Provided data do not match the instruction context,0,0,0,1
CUST00470,2,0.3106,-0.0508,2022-10-18,"Customer inquired about loyalty and bundling discounts, qualified, and agent applied it to their account. No further assistance required.",upsell_interest,Provided data do not match the instruction context,0,0,2,0
CUST00476,1,-0.8174,-0.8174,2022-12-12,"Customer expressed disappointment over long wait time for callback, agent apologized and promised resolution, and customer agreed to give the company one more chance.",complaint,"Customer dissatisfaction with wait times, desire for timely resolution, and need for improved customer service.",1,0,0,0
CUST00505,1,0.1328,0.1328,2021-06-11,"Customer requested a quote for a comprehensive Renters insurance policy, and the agent provided a competitive rate. No further assistance was required.",upsell_interest,Provided data do not match the instruction context,0,0,1,0
CUST00522,2,-0.4497,-0.8174,2025-03-04,"Customer expressed disappointment over long wait time for callback, agent apologized and promised resolution, and customer agreed to give the company one more chance.",complaint,"Two main recurring concerns or themes across all insurance calls for this customer are:

1. **Pricing and competitiveness**: The customer sought a competitive rate for a new auto comprehensive insurance policy, indicating that cost is an important factor in their decision-making process.
2. **Customer service and responsiveness**: The customer expressed frustration with the long wait time for a callback, highlighting the need for timely and efficient service from the insurance company.",1,0,1,0
CUST00528,1,0.1172,0.1172,2024-08-27,"Customer requested to cancel their Renters policy due to finding a better rate elsewhere, and declined the agent's offer to retain their business. No other assistance was required.",cancellation_risk,Provided data do not match the instruction context,0,1,0,0
CUST00537,1,0.6875,0.6875,2026-04-15,"Customer requested to update their address to Cleveland, OH, and were informed of potential premium changes. No other assistance was required.",general_query,No recurring concerns or themes can be identified as there is only one interaction.,0,0,0,0
CUST00555,1,0.4688,0.4688,2025-01-25,"Customer requested to increase Renters policy coverage by 20%, agent calculated new premium and sent updated quote. No further assistance required.",upsell_interest,Provided data do not match the instruction context,0,0,1,0
CUST00579,1,0.1875,0.1875,2024-11-16,Customer requested a quote for a comprehensive home insurance policy and was provided with a competitive rate by the agent. No further assistance was required.,general_query,Provided data do not match the instruction context,0,0,0,0
CUST00586,1,0.7578,0.7578,2024-09-09,Customer's last premium payment failed due to an expired card. Agent helped customer update payment information. No further assistance required.,general_query,Provided data do not match the instruction context,0,0,0,0
CUST00591,1,-0.0313,-0.0313,2026-03-23,"Customer inquired about an unfamiliar charge on their bill, agent reviewed account history and issued correction with a credit. No further issues discussed.",complaint,Provided data do not match the instruction context,1,0,0,0
CUST00612,2,0.7344,0.7109,2026-07-11,"Customer asked about insurance coverage, agent explained the details. No further assistance required.",general_query,Provided data do not match the instruction context,0,0,0,0
CUST00613,1,0.75,0.75,2025-03-17,"Customer inquired about Life policy renewal date and potential premium increase. Agent provided the information and offered assistance with other matters, which the customer declined.",renewal_inquiry,Provided data do not match the instruction context,0,0,0,0
CUST00630,1,-0.8096,-0.8096,2023-08-25,"Customer complained about long wait time for callback, apologized for the inconvenience, and promised to resolve the issue. Customer expressed disappointment but agreed to give the company another chance. No other issues discussed.",complaint,Provided data do not match the instruction context,1,0,0,0
CUST00638,1,0.1641,0.1641,2021-04-27,"Customer requested to cancel their Life policy due to finding a better rate elsewhere, and declined the agent's offer to retain their business. No other assistance was required.",cancellation_risk,Provided data do not match the instruction context,0,1,0,0
CUST00640,2,0.625,0.4141,2024-04-09,"Customer called to inquire about the status of a home insurance claim, currently under review and expected to be resolved within 5-7 business days, but had taken longer than expected. Agent escalated the issue and assured the customer of resolution. No other assistance requested.",claim_inquiry,"Two main recurring concerns or themes across all insurance calls for this customer are:

1. Policy updates and changes: The customer had a recent life event (marriage) that required an update to their policy information.
2. Claim resolution and delays: The customer experienced a delay in the resolution of their home insurance claim, which required escalation and assurance from the agent.",0,0,0,1
CUST00661,1,-0.8096,-0.8096,2020-09-26,"Customer complained about long wait time for callback, apologized for the inconvenience, and promised to resolve the issue. Customer expressed disappointment but agreed to give the company another chance. No other issues discussed.",complaint,Provided data do not match the instruction context,1,0,0,0
CUST00680,1,0.6406,0.6406,2025-11-30,"Customer requested to update their address to Chicago, IL. Agent confirmed and informed them of potential premium change. No further assistance required.",general_query,Provided data do not match the instruction context,0,0,0,0
CUST00685,1,-0.8193,-0.8193,2022-09-14,"Customer complained about long wait time for callback, apologized for the inconvenience, and promised to resolve the issue. Customer expressed disappointment but agreed to give the company another chance. No other issues discussed.",complaint,Provided data do not match the instruction context,1,0,0,0
CUST00695,1,0.5391,0.5391,2026-06-05,"Customer requested to increase Life policy coverage by 20%, agent calculated new premium and provided updated quote.",upsell_interest,Provided data do not match the instruction context,0,0,1,0
CUST00698,1,0.7266,0.7266,2024-04-14,Customer's last premium payment failed due to an expired card. The agent helped the customer update the payment method during the call. No further assistance was required.,general_query,Provided data do not match the instruction context,0,0,0,0
CUST00705,1,0.1016,0.1016,2022-01-09,Customer requested a quote for a comprehensive Renters insurance policy and was provided with a competitive rate by the agent. No further assistance was required.,general_query,"No recurring concerns or themes are present as this is a single, straightforward interaction where the customer's request for a quote was fulfilled without issue.",0,0,0,0
CUST00715,1,0.6094,0.6094,2024-10-24,Customer requested a 20% increase in auto insurance coverage. Agent calculated the new premium and provided an updated quote. No further assistance required.,upsell_interest,No recurring concerns or themes can be identified from a single call. Provided data do not match the instruction context.,0,0,1,0
CUST00725,1,0.1563,0.1563,2025-02-17,Customer requested a quote for a comprehensive Renters insurance policy and was provided with a competitive rate by the agent. No further assistance was required.,general_query,Provided data do not match the instruction context,0,0,0,0
CUST00736,1,0.3672,0.3672,2026-04-08,"Customer called to inquire about the status of a claim for an Auto policy, which is currently under review and expected to be resolved within 5-7 business days. Customer expressed frustration due to the delay and the issue was escalated. No other assistance was required.",claim_inquiry,"Claim status and delay concerns, specifically with Auto policy claims taking longer than expected to be resolved, leading to customer frustration.",0,0,0,1
CUST00746,1,0.7891,0.7891,2026-03-22,Customer's last premium payment failed due to an expired card. The agent helped the customer update the payment method during the call. No further assistance was required.,general_query,Provided data do not match the instruction context,0,0,0,0
CUST00761,1,-0.0039,-0.0039,2021-01-14,"Customer inquired about an unfamiliar charge on their bill, agent reviewed account history and issued correction with a credit. No further issues discussed.",complaint,Provided data do not match the instruction context,1,0,0,0
CUST00724,2,0.7344,0.6172,2025-06-01,Customer requested to update beneficiary information on a life insurance policy due to recent marriage. Agent assisted in making the change and congratulated the customer. No further assistance was required.,general_query,Provided data do not match the instruction context,0,0,1,0
CUST00772,1,0.0156,0.0156,2025-02-16,"Customer noticed an unfamiliar charge on their bill, agent reviewed account history and issued correction with a credit. No further issues discussed.",complaint,Provided data do not match the instruction context,1,0,0,0
CUST00774,1,0.7656,0.7656,2024-04-03,"Customer asked about insurance coverage, agent explained the details. No further assistance required.",general_query,Provided data do not match the instruction context,0,0,0,0
CUST00793,1,0.7578,0.7578,2026-01-11,"Customer asked about insurance coverage, agent explained the details. No further assistance required.",general_query,Provided data do not match the instruction context,0,0,0,0
CUST00796,1,0.0859,0.0859,2020-10-11,Customer requested a quote for a new auto comprehensive insurance policy. Agent provided a competitive rate and no other assistance was required.,upsell_interest,Provided data do not match the instruction context,0,0,1,0
CUST00827,2,0.543,0.3672,2026-07-24,"Customer inquired about renter policy renewal date and potential premium increase. Agent provided the information and offered assistance with other matters, which the customer declined.",renewal_inquiry,"The main recurring concerns or themes across all insurance calls for this customer are:

1. Policy pricing and rates, specifically finding better rates elsewhere and potential premium increases.
2. Policy renewal and expiration dates.
3. Customer retention and offers of assistance to address concerns and retain business.",0,1,0,0
CUST00831,2,0.4649,0.1563,2026-01-16,"Customer asked about insurance coverage, agent explained the details. No further assistance required.",general_query,Provided data do not match the instruction context,0,1,0,0
CUST00834,1,-0.8115,-0.8115,2021-08-03,"Customer complained about long wait time for callback, apologized for the inconvenience, and promised to resolve the issue. Customer expressed disappointment but agreed to give the company another chance. No other issues discussed.",complaint,Provided data do not match the instruction context,1,0,0,0
CUST00836,1,-0.8096,-0.8096,2024-12-02,"Customer complained about long wait time for callback, apologized for the inconvenience, and promised to resolve the issue. Customer expressed disappointment but agreed to give the company another chance. No other issues discussed.",complaint,Provided data do not match the instruction context,1,0,0,0
CUST00838,1,0.25,0.25,2026-08-03,"Customer requested to cancel Home policy due to finding a better rate elsewhere, and declined the agent's offer to retain business. No other assistance was required.",cancellation_risk,Provided data do not match the instruction context,0,1,0,0
CUST00851,1,0.7813,0.7813,2026-07-11,"Customer asked about insurance coverage, agent explained the details. No further assistance required.",general_query,Provided data do not match the instruction context,0,0,0,0
CUST00856,2,-0.2393,-0.8145,2025-11-26,"Customer complained about long wait time for callback, apologized for the inconvenience, and promised to resolve the issue. Customer expressed disappointment but agreed to give the company another chance. No other issues discussed.",complaint,"Two main recurring concerns across all insurance calls for this customer are:

1. **Delays and wait times**: The customer experienced long wait times for a callback and a life insurance claim took longer than expected to be resolved.
2. **Need for issue resolution**: The customer required assistance to resolve both issues, which were eventually escalated and assured to be resolved by the agent.",1,0,0,1
CUST00857,2,-0.2466,-0.7979,2026-05-04,"Customer requested to cancel their Auto policy due to finding a better rate elsewhere, and declined the agent's offer to retain their business. No other assistance was required.",cancellation_risk,"Dissatisfaction with wait times and seeking better rates elsewhere are the main recurring concerns, with the customer giving the company another chance after an apology for the wait time issue, but ultimately canceling their Auto policy due to finding a more competitive rate.",1,1,0,0
CUST00863,2,0.7969,0.7578,2026-07-24,"Customer asked about insurance coverage, agent explained the details. No further assistance required.",general_query,"Policy updates and coverage details are the main recurring concerns, with a specific instance of updating beneficiary information due to a life event.",0,0,0,0
CUST00890,1,0.6172,0.6172,2025-11-12,"Customer requested to increase Life policy coverage by 20%, agent calculated new premium and provided updated quote.",upsell_interest,Provided data do not match the instruction context,0,0,1,0
CUST00913,1,0.3984,0.3984,2025-01-21,"Customer inquired about the status of a life insurance claim, which is currently under review and expected to be resolved within 5-7 business days. Customer expressed concern about the delay and the issue was escalated. No other assistance was requested.",claim_inquiry,Provided data do not match the instruction context,0,0,0,1
CUST00928,1,-0.8174,-0.8174,2024-09-06,"Customer complained about long wait time for callback, apologized for the inconvenience, and promised to resolve the issue. Customer expressed disappointment but agreed to give the company another chance. No other issues discussed.",complaint,Provided data do not match the instruction context,1,0,0,0
CUST00954,1,-0.8066,-0.8066,2024-02-17,"Customer complained about long wait time for callback, apologized for the inconvenience, and promised to resolve the issue. Customer expressed disappointment but agreed to give the company another chance. No other issues discussed.",complaint,Provided data do not match the instruction context,1,0,0,0
CUST00977,1,0.0078,0.0078,2022-01-01,"Customer inquired about an unfamiliar charge on their bill, agent reviewed account history and issued correction with a credit. No further issues discussed.",complaint,"There is only one concern mentioned: an unfamiliar charge on the bill, which was resolved with a credit. Provided data do not match the instruction context to identify 2-3 main recurring concerns or themes.",1,0,0,0
CUST00986,1,0.6641,0.6641,2020-10-14,"Customer requested to update their address to Tucson, AZ. Agent confirmed and informed them of potential premium change. No further assistance required.",general_query,Provided data do not match the instruction context,0,0,0,0
CUST00989,1,0.0781,0.0781,2026-01-01,"Customer inquired about an unfamiliar charge on their bill, agent reviewed account history and issued correction with a credit. No further issues discussed.",complaint,"There is only one concern mentioned: an unfamiliar charge on the bill, which was resolved with a credit. Provided data do not match the instruction context to identify 2-3 main recurring concerns or themes.",1,0,0,0
CUST00992,1,0.6406,0.6406,2025-07-20,"Customer inquired about loyalty and bundling discounts, qualified, and agent applied it to their account. No further assistance required.",upsell_interest,Provided data do not match the instruction context,0,0,1,0
CUST00020,1,0.0859,0.0859,2025-07-25,"Customer requested to cancel their Renters policy due to finding a better rate elsewhere, and declined the agent's offer to retain their business. No other assistance was required.",cancellation_risk,"Price competitiveness, policy retention, and customer loyalty are not the main concerns as the customer has already made up their mind to switch due to a better rate. The main recurring concern in this call is the customer's desire for a better rate, which their current insurer could not match.",0,1,0,0
CUST00023,2,0.5703,0.3047,2026-06-18,Customer requested to update beneficiary information on a life insurance policy due to recent marriage. Agent assisted in making the change and congratulated the customer. No further assistance was required.,general_query,"The main recurring concerns or themes across all insurance calls for this customer are:

1. Life insurance claim status and resolution timeline
2. Updating policy information due to life changes (e.g. marriage)
3. Desire for timely assistance and resolution of issues",0,0,0,1
CUST00033,1,0.0469,0.0469,2026-06-08,Customer requested a quote for a comprehensive home insurance policy and was provided with a competitive rate by the agent. No further assistance was required.,general_query,"No recurring concerns or themes are present as there is only one interaction with the customer, which was a straightforward quote request for a comprehensive home insurance policy.",0,0,0,0
CUST00043,1,0.6406,0.6406,2022-02-26,"Customer inquired about loyalty and bundling discounts, qualified, and agent applied it to their account. No further assistance required.",upsell_interest,Provided data do not match the instruction context,0,0,1,0
CUST00053,1,0.7422,0.7422,2025-06-15,"Customer inquired about renter policy renewal date and potential premium increase. Agent provided the information and offered assistance with other matters, which the customer declined.",renewal_inquiry,Provided data do not match the instruction context,0,0,0,0
CUST00066,1,0.7656,0.7656,2022-02-05,"Customer asked about insurance coverage, agent explained the details. No further assistance required.",general_query,Only one concern was mentioned: insurance coverage. Provided data do not match the instruction context to identify 2-3 main recurring concerns or themes.,0,0,0,0
CUST00079,2,-0.8154,-0.8271,2024-04-12,"Customer complained about long wait time for callback, apologized for the inconvenience, and promised to resolve the issue. Customer expressed disappointment but agreed to give the company another chance. No other issues discussed.",complaint,"Long wait time for callback, inconvenience caused, and customer's disappointment with the service.",2,0,0,0
CUST00100,3,0.2735,-0.0078,2025-09-24,"Customer requested to cancel their Life policy due to finding a better rate elsewhere, and declined the agent's offer to retain their business. No other assistance was required.",cancellation_risk,"1. Customers seeking better rates: Two calls were about cancelling Life policies due to finding more competitive rates elsewhere.
2. Discounts and loyalty: One customer inquired about and qualified for loyalty and bundling discounts.
3. Policy cancellations: Two calls resulted in policy cancellations, with customers declining retention offers.",0,2,1,0
CUST00114,1,0.0156,0.0156,2022-07-21,Customer requested a quote for a comprehensive Health policy and was provided with a competitive rate by the agent. No further assistance was required.,upsell_interest,Provided data do not match the instruction context,0,0,1,0
CUST00081,2,0.4727,0.2422,2026-08-09,Customer requested a quote for a comprehensive home insurance policy and was provided with a competitive rate by the agent. No further assistance was required.,general_query,"The main recurring concerns or themes across all insurance calls for this customer are:

1. **Claim resolution delay**: The customer expressed frustration with the delay in resolving their home policy claim.
2. **Policy inquiry and status update**: The customer inquired about the status of their claim, indicating a need for timely updates on policy matters.
3. **No other concerns or issues**: The customer did not express any other concerns or issues beyond the claim delay and policy inquiry.",0,0,0,1
CUST00136,1,0.7813,0.7813,2023-02-13,"Customer asked about insurance coverage, agent explained the details. No further assistance required.",general_query,Provided data do not match the instruction context,0,0,0,0
CUST00137,2,0.3594,0.3125,2025-07-17,"Customer called to inquire about the status of a claim under review for a Renters policy, which is taking longer than expected. Agent assured to escalate the issue and there were no other requests from the customer.",claim_inquiry,"Delays in claim resolution, specifically with home and renters insurance policies, and the need for escalation to resolve issues in a timely manner.",0,0,0,2
CUST00138,1,0.4453,0.4453,2024-02-13,"Customer requested to cancel their Health policy due to finding a better rate elsewhere, and declined the agent's offer to retain their business. No other assistance was required.",cancellation_risk,"Cost, policy rates, and seeking better alternatives are the main recurring concerns for this customer.",0,1,0,0
CUST00142,1,0.6406,0.6406,2026-04-26,"Customer inquired about loyalty and bundling discounts, qualified, and agent applied it to their account. No further assistance required.",upsell_interest,Provided data do not match the instruction context,0,0,1,0
CUST00224,1,0.0078,0.0078,2026-01-11,"Customer requested to cancel their Life policy due to finding a better rate elsewhere, and declined the agent's offer to retain their business. No other assistance was required.",cancellation_risk,Provided data do not match the instruction context,0,1,0,0
CUST00235,1,0.6328,0.6328,2025-11-29,"Customer inquired about loyalty and bundling discounts, qualified, and agent applied it to their account. No further assistance required.",upsell_interest,Loyalty and bundling discounts.,0,0,1,0
CUST00251,2,0.6055,0.5234,2026-03-27,"Customer requested to update their address to Chicago, IL. Agent confirmed and informed them about potential premium change. No further assistance required.",general_query,Provided data do not match the instruction context,0,0,1,0
CUST00257,1,0.7188,0.7188,2020-12-15,Customer's last premium payment failed due to an expired card. The agent helped the customer update the payment method during the call. No further assistance was required.,general_query,Provided data do not match the instruction context,0,0,0,0
CUST00260,3,0.0374,-0.8096,2025-07-05,"Customer requested to cancel Home policy due to finding a better rate elsewhere, and declined the agent's offer to retain business. No other assistance was required.",cancellation_risk,"Policy renewal and premium concerns, dissatisfaction with service experience (long wait times), and consideration of alternative insurance providers due to better rates.",1,1,0,0
CUST00272,1,-0.8223,-0.8223,2023-09-06,"Customer expressed disappointment over long wait time for callback, agent apologized and promised resolution, and customer agreed to give the company one more chance.",complaint,"Customer dissatisfaction with wait times, desire for timely resolution, and need for improved customer service to regain trust.",1,0,0,0
CUST00273,2,0.5313,0.3516,2024-01-12,"Customer called to inquire about the status of a life insurance claim under review, which is taking longer than expected. Agent assured to escalate the issue and appreciated the customer's patience. No further assistance was required.",claim_inquiry,"The main recurring concerns or themes across all insurance calls for this customer are:

1. Claim status and processing time: The customer had concerns about the delay in the life insurance claim review process.
2. Policy updates and changes: The customer requested an address update, which may impact their premium.
3. Proactive communication and issue resolution: The customer sought assurance and escalation of their claim issue, indicating a desire for timely and effective communication.",0,0,0,1
CUST00276,1,0.6563,0.6563,2021-12-07,"Customer inquired about loyalty and bundling discounts, agent confirmed eligibility and applied it to the account. No further assistance required.",upsell_interest,Provided data do not match the instruction context,0,0,1,0
CUST00279,1,0.0078,0.0078,2024-12-06,"Customer inquired about an unfamiliar charge on their bill, agent reviewed account history and issued correction with a credit. No further issues discussed.",complaint,Provided data do not match the instruction context,1,0,0,0
CUST00280,1,0.8359,0.8359,2025-02-04,Customer requested to update beneficiary information on life insurance policy due to recent marriage. Agent assisted in making the change and congratulated the customer. No further assistance was required.,general_query,Provided data do not match the instruction context,0,0,0,0
CUST00294,1,0.7734,0.7734,2020-03-21,"Customer asked about insurance coverage, agent explained the details. No further assistance required.",general_query,Provided data do not match the instruction context,0,0,0,0
CUST00299,2,0.4844,0.2344,2026-07-14,Customer's last premium payment failed due to an expired card. The agent helped the customer update the payment method during the call. No further assistance was required.,general_query,Provided data do not match the instruction context,0,0,1,0
CUST00312,1,0.5547,0.5547,2021-01-31,Customer requested a 20% increase in auto insurance coverage. Agent calculated the new premium and provided an updated quote. No further assistance required.,upsell_interest,Provided data do not match the instruction context,0,0,1,0
CUST00318,1,0.1719,0.1719,2026-08-02,Customer requested a quote for a comprehensive Life insurance policy and was provided with a competitive rate by the agent. No further assistance was required.,upsell_interest,Provided data do not match the instruction context,0,0,1,0
CUST00339,1,0.6328,0.6328,2022-11-17,"Customer inquired about loyalty and bundling discounts, qualified, and agent applied it to their account. No further assistance required.",upsell_interest,Provided data do not match the instruction context,0,0,1,0
CUST00341,1,-0.8174,-0.8174,2022-06-30,"Customer complained about long wait time for callback, apologized for inconvenience, and promised to resolve the issue. Customer expressed disappointment but agreed to give the company another chance. No other issues discussed.",complaint,Provided data do not match the instruction context,1,0,0,0
CUST00344,1,0.6094,0.6094,2025-04-01,"Customer requested to update their address to New York, NY, which may affect their premium. Agent confirmed the update and informed the customer. No further assistance was required.",general_query,Provided data do not match the instruction context,0,0,0,0
CUST00346,1,0.0,0.0,2023-04-20,"Customer inquired about an unfamiliar charge on their bill, agent reviewed account history and issued correction with a credit. No further issues discussed.",complaint,Provided data do not match the instruction context,1,0,0,0
CUST00350,1,0.7344,0.7344,2025-01-06,"Customer inquired about Home policy renewal date and potential premium increase. Agent provided the information and offered assistance with other matters, which the customer declined.",renewal_inquiry,Provided data do not match the instruction context,0,0,0,0
CUST00373,2,0.4453,0.2031,2025-01-30,"Customer requested to update their address to San Antonio, TX. The agent confirmed the new address and informed the customer of potential premium changes. No further assistance was required.",general_query,"None, as there are only two calls and no recurring concerns or themes can be identified.",0,1,0,0
CUST00377,1,0.3359,0.3359,2023-09-29,"Customer called to inquire about the status of a claim for a Renters policy, which is currently under review and expected to be resolved within 5-7 business days. Customer expressed frustration due to the delay and the issue was escalated. No other assistance was required.",claim_inquiry,Provided data do not match the instruction context,0,0,0,1
CUST00379,1,0.8359,0.8359,2026-05-28,Customer requested to update beneficiary information on life insurance policy due to recent marriage. Agent assisted in making the change and congratulated the customer. No further assistance was required.,general_query,No recurring concerns or themes can be identified as there is only one call record provided.,0,0,0,0
CUST00380,1,0.5,0.5,2021-07-12,Customer requested a 20% increase in Home insurance coverage. Agent calculated the new premium and provided an updated quote. No further assistance required.,upsell_interest,No recurring concerns or themes can be identified from a single interaction.,0,0,1,0
CUST00382,1,0.0156,0.0156,2021-06-18,"Customer noticed an unfamiliar charge on their bill, agent reviewed account history and issued correction with a credit. No further issues discussed.",complaint,"Unfamiliar charges, billing errors, and need for account corrections.",1,0,0,0
CUST00389,2,0.2364,-0.0273,2025-02-24,Customer requested a 20% increase in Health policy coverage. Agent calculated the new premium and provided an updated quote. No further assistance required.,upsell_interest,Provided data do not match the instruction context,1,0,1,0
CUST00395,1,0.6328,0.6328,2025-12-03,"Customer inquired about loyalty and bundling discounts, qualified, and agent applied it to their account. No further assistance required.",upsell_interest,Provided data do not match the instruction context,0,0,1,0
CUST00414,1,0.5547,0.5547,2025-01-07,"Customer requested to increase Renters policy coverage by 20%, agent calculated new premium and sent updated quote. No further assistance required.",upsell_interest,Provided data do not match the instruction context,0,0,1,0
CUST00418,2,0.4258,0.0,2026-01-12,Customer requested a quote for a comprehensive home insurance policy and was provided with a competitive rate by the agent. No further assistance was required.,general_query,Provided data do not match the instruction context,0,0,0,0
CUST00428,1,-0.8193,-0.8193,2022-04-15,"Customer complained about long wait time for callback, apologized for the inconvenience, and promised to resolve the issue. Customer expressed disappointment but agreed to give the company another chance. No other issues discussed.",complaint,Provided data do not match the instruction context,1,0,0,0
CUST00431,1,0.3984,0.3984,2024-12-26,"Customer requested to cancel their Auto policy due to finding a better rate elsewhere, and declined the agent's offer to retain their business. No other assistance was required.",cancellation_risk,Provided data do not match the instruction context,0,1,0,0
CUST00437,1,0.4453,0.4453,2022-11-23,"Customer called to inquire about the status of a health policy claim, currently under review and expected to be resolved within 5-7 business days, but had taken longer than expected. Agent escalated the issue and assured the customer of resolution. No other assistance requested.",claim_inquiry,Provided data do not match the instruction context,0,0,0,1
CUST00482,1,0.7578,0.7578,2024-06-02,"Customer asked about insurance coverage, agent explained the details. No further assistance required.",general_query,Provided data do not match the instruction context,0,0,0,0
CUST00484,2,0.6563,0.5703,2025-01-14,"Customer inquired about Life policy renewal date and potential premium increase. Agent provided the information and offered assistance with other matters, which the customer declined.",renewal_inquiry,"The main recurring concerns or themes across all insurance calls for this customer are:

1. Claim resolution delays: The customer's home insurance claim has taken longer than expected to be resolved.
2. Policy status and renewal: The customer inquired about the status of their Life policy renewal and potential premium increase.
3. Proactive issue escalation: The customer required agent intervention to escalate and resolve their claim issue.",0,0,0,1
CUST00495,2,0.4415,0.1563,2022-03-29,Customer requested a quote for a new auto comprehensive insurance policy. Agent provided a competitive rate and no other assistance was required.,upsell_interest,Provided data do not match the instruction context,0,0,1,0
CUST00503,1,0.4063,0.4063,2025-10-01,"Customer called to inquire about the status of a claim for an Auto policy, which is currently under review and expected to be resolved within 5-7 business days. Customer expressed frustration due to the delay and the issue was escalated. No other assistance was required.",claim_inquiry,"Claim status and delay concerns, specifically with Auto policy claims taking longer than expected to be resolved, leading to customer frustration.",0,0,0,1
CUST00536,1,0.1641,0.1641,2022-12-10,"Customer requested to cancel Health policy due to finding a better rate elsewhere, and declined the agent's offer to retain business. No other assistance was required.",cancellation_risk,"Cost, specifically finding better rates elsewhere, is the main recurring concern for this customer.",0,1,0,0
CUST00540,1,0.2344,0.2344,2022-09-30,"Customer called to inquire about the status of a life insurance claim under review, which is taking longer than expected. Agent assured to escalate the issue and appreciated the customer's patience. No further assistance was required.",claim_inquiry,Provided data do not match the instruction context,0,0,0,1
CUST00554,1,0.6563,0.6563,2022-04-18,"Customer requested to update their address to Rochester, NY, which may affect their premium. No other assistance was required.",general_query,Provided data do not match the instruction context,0,0,0,0
CUST00556,2,0.3477,0.0078,2023-03-18,"Customer requested to update their address to Albany, NY, which may affect their premium. Agent confirmed the update and informed the customer. No further assistance was required.",general_query,Provided data do not match the instruction context,1,0,0,0
CUST00564,1,0.6641,0.6641,2025-05-18,"Customer inquired about loyalty and bundling discounts, qualified, and agent applied it to their account. No further assistance required.",upsell_interest,Provided data do not match the instruction context,0,0,1,0
CUST00567,1,0.8125,0.8125,2022-03-15,"Customer inquired about auto insurance policy renewal date and potential premium increase. Agent provided the information and offered assistance with other matters, which the customer declined.",renewal_inquiry,Provided data do not match the instruction context,0,0,0,0
CUST00568,1,0.2734,0.2734,2025-12-14,"Customer requested a quote for a comprehensive Renters insurance policy, and the agent provided a competitive rate. No further assistance was required.",upsell_interest,Provided data do not match the instruction context,0,0,1,0
CUST00619,1,0.0078,0.0078,2021-08-04,"Customer inquired about an unfamiliar charge on their bill, agent reviewed account history and issued correction with a credit. No further issues discussed.",complaint,Provided data do not match the instruction context,1,0,0,0
CUST00620,1,0.1172,0.1172,2025-05-12,"Customer requested to cancel their Renters policy due to finding a better rate elsewhere, and declined the agent's offer to retain their business. No other assistance was required.",cancellation_risk,Provided data do not match the instruction context,0,1,0,0
CUST00639,1,0.7656,0.7656,2022-09-29,"Customer asked about insurance coverage, agent explained the details. No further assistance required.",general_query,Only one concern was mentioned: insurance coverage. Provided data do not match the instruction context to identify 2-3 main recurring concerns or themes.,0,0,0,0
CUST00660,2,0.75,0.7422,2025-08-07,Customer's last premium payment failed due to an expired card. The agent helped the customer update the payment method during the call. No further assistance was required.,general_query,Provided data do not match the instruction context,0,0,0,0
CUST00667,2,0.0625,-0.0234,2026-04-28,Customer requested a quote for a comprehensive Health policy and was provided with a competitive rate by the agent. No further assistance was required.,upsell_interest,Provided data do not match the instruction context.,0,0,2,0
CUST00696,1,0.7578,0.7578,2026-06-14,"Customer inquired about auto insurance policy renewal date and potential premium increase. Agent provided the information and offered assistance with other matters, which the customer declined.",renewal_inquiry,Provided data do not match the instruction context,0,0,0,0
CUST00697,1,0.7734,0.7734,2024-09-08,"Customer asked about insurance coverage, agent explained the details. No further assistance required.",general_query,Only one concern was mentioned: insurance coverage. Provided data do not match the instruction context to identify 2-3 main recurring concerns or themes.,0,0,0,0
CUST00700,1,0.7109,0.7109,2024-12-17,Customer's last premium payment failed due to an expired card. The agent helped the customer update the payment method during the call. No further assistance was required.,general_query,Provided data do not match the instruction context,0,0,0,0
CUST00709,2,0.3789,0.0156,2024-03-19,"Customer inquired about an unfamiliar charge on their bill, agent reviewed account history and issued correction with a credit. No further issues discussed.",complaint,"Based on the provided data, the main recurring concerns or themes across all insurance calls for this customer are:

1. Policy and billing inquiries (renewal date, premium increase, unfamiliar charge)
2. Request for account information and clarification
3. Desire for issue resolution and corrections (premium increase, billing error)",1,0,0,0
CUST00726,1,0.6406,0.6406,2022-07-05,"Customer inquired about loyalty and bundling discounts, qualified, and agent applied it to their account. No further assistance required.",upsell_interest,Provided data do not match the instruction context,0,0,1,0
CUST00750,2,0.6446,0.5391,2025-07-05,"Customer inquired about home policy renewal date and potential premium increase. Agent provided the information and offered assistance with other matters, which the customer declined.",renewal_inquiry,"The main recurring concerns or themes across all insurance calls for this customer are:

1. Changes to Home insurance coverage and premiums, specifically requesting an increase in coverage.
2. Inquiries about policy renewal dates and potential premium increases.
3. General information and updates on existing policies.",0,0,1,0
CUST00758,1,0.2266,0.2266,2026-04-19,"Customer requested to cancel Home policy due to finding a better rate elsewhere, and declined the agent's offer to retain business. No other assistance was required.",cancellation_risk,Provided data do not match the instruction context,0,1,0,0
CUST00762,1,0.7578,0.7578,2022-03-04,"Customer asked about insurance coverage, agent explained the details. No further assistance required.",general_query,Provided data do not match the instruction context,0,0,0,0
CUST00692,3,0.3425,-0.0117,2023-01-20,"Customer called to inquire about the status of a home insurance claim, which is currently under review and expected to be resolved within 5-7 business days. Customer expressed frustration due to the delay and the issue was escalated. No other assistance was required.",claim_inquiry,"The main recurring concerns or themes across all insurance calls for this customer are:

1. Billing and account-related issues (unfamiliar charge, applying discounts)
2. Claim status and resolution (home insurance claim under review, delay, and escalation)
3. Customer satisfaction and frustration (expressed frustration due to delay, requiring escalation)",1,0,1,1
CUST00779,1,0.125,0.125,2025-08-15,Customer requested a quote for a comprehensive home insurance policy and was provided with a competitive rate by the agent. No further assistance was required.,upsell_interest,Provided data do not match the instruction context,0,0,1,0
CUST00785,2,0.6446,0.5078,2026-07-14,Customer's last premium payment failed due to an expired card. The agent helped the customer update the payment method during the call. No further assistance was required.,general_query,"Policy updates and payment issues are the main recurring concerns, specifically: 
1. Coverage increase requests 
2. Payment method updates due to expired cards 
3. Premium payment failures",0,0,1,0
CUST00786,2,0.3281,0.0156,2025-09-12,"Customer inquired about loyalty and bundling discounts, qualified, and agent applied it to their account. No further assistance required.",upsell_interest,Provided data do not match the instruction context.,0,0,2,0
CUST00797,2,0.4766,0.1172,2025-08-16,"Customer requested to cancel their Renters policy due to finding a better rate elsewhere, and declined the agent's offer to retain their business. No other assistance was required.",cancellation_risk,Provided data do not match the instruction context,0,1,0,0
CUST00821,1,0.6563,0.6563,2026-01-07,"Customer requested to update their address to Jacksonville, FL, and were informed of potential premium changes. No other assistance was required.",general_query,Provided data do not match the instruction context,0,0,0,0
CUST00837,1,0.7578,0.7578,2026-07-09,Customer's last premium payment failed due to an expired card. The agent helped the customer update the payment method during the call. No further assistance was required.,general_query,Provided data do not match the instruction context,0,0,0,0
CUST00839,1,0.1172,0.1172,2024-03-03,Customer requested a quote for a new auto comprehensive insurance policy. Agent provided a competitive rate and no other assistance was required.,upsell_interest,Provided data do not match the instruction context,0,0,1,0
CUST00861,1,0.0078,0.0078,2026-03-05,"Customer inquired about an unfamiliar charge on their bill, agent reviewed account history and issued correction with a credit. No further issues discussed.",complaint,Provided data do not match the instruction context,1,0,0,0
CUST00862,1,0.7891,0.7891,2025-09-30,"Customer inquired about home policy renewal date and potential premium increase. Agent provided the information and offered assistance with other matters, which the customer declined.",renewal_inquiry,Provided data do not match the instruction context,0,0,0,0
CUST00869,1,0.2422,0.2422,2026-01-31,"Customer requested to cancel their Health policy due to finding a better rate elsewhere, and declined the agent's offer to retain their business. No other assistance was required.",cancellation_risk,Provided data do not match the instruction context,0,1,0,0
CUST00873,2,0.418,0.125,2025-08-28,"Customer requested to cancel his Life policy due to finding a better rate elsewhere, and declined the agent's offer to retain his business. No other assistance was required.",cancellation_risk,"1. Policy cancellation due to better rates elsewhere.
2. Payment issues related to expired or outdated payment methods.
3. Retention and customer satisfaction, as the customer declined the agent's offer to retain their business.",0,1,0,0
CUST00876,2,-0.1494,-0.8066,2024-11-27,"Customer complained about long wait time for callback, apologized for the inconvenience, and promised to resolve the issue. Customer expressed disappointment but agreed to give the company another chance. No other issues discussed.",complaint,"Customer concerns revolve around policy adjustments and service experience. Specifically:

1. Policy coverage and premium updates: The customer requested changes to their Health policy coverage, which was addressed by the agent.
2. Wait time and callback issues: The customer experienced frustration with long wait times for callbacks, which was acknowledged and apologized for by the agent.
3. Overall service satisfaction: The customer expressed disappointment with the service, but was willing to give the company another chance, indicating a desire for improved service quality.",1,0,1,0
CUST00883,2,0.4141,0.0625,2026-06-28,"Customer inquired about an unfamiliar charge on their bill, agent reviewed account history and issued correction with a credit. No further issues discussed.",complaint,"Payment issues and billing errors are the main recurring concerns, specifically: 
1. Failed payments due to outdated payment methods, 
2. Unfamiliar or incorrect charges on the bill.",1,0,0,0
CUST00908,1,0.0859,0.0859,2022-12-26,"Customer requested to cancel their Life policy due to finding a better rate elsewhere, and declined the agent's offer to retain their business. No other assistance was required.",cancellation_risk,Provided data do not match the instruction context,0,1,0,0
CUST00871,1,0.8438,0.8438,2026-05-11,Customer requested to update beneficiary information on a life insurance policy due to recent marriage. Agent assisted in making the change and congratulated the customer. No further assistance was required.,general_query,Provided data do not match the instruction context,0,0,0,0
CUST00933,1,0.6953,0.6953,2022-07-16,"Customer requested to update their address to Augusta, GA, and was informed of potential premium changes. No other assistance was required.",general_query,Provided data do not match the instruction context,0,0,0,0
CUST00941,1,0.5469,0.5469,2021-07-16,"Customer called to inquire about the status of a home insurance claim, currently under review and expected to be resolved within 5-7 business days, but had taken longer than expected. Agent escalated the issue and assured the customer of resolution. No other assistance requested.",claim_inquiry,Provided data do not match the instruction context,0,0,0,1
CUST00950,1,0.7813,0.7813,2025-06-12,"Customer asked about insurance coverage, agent explained the details. No further assistance required.",general_query,Provided data do not match the instruction context,0,0,0,0
CUST00965,1,0.7344,0.7344,2026-02-23,"Customer inquired about policy renewal date and potential premium increase, received information from agent. No further assistance requested.",renewal_inquiry,Provided data do not match the instruction context,0,0,0,0
CUST00991,2,0.3829,-0.0156,2021-11-08,"Customer asked about insurance coverage, agent explained the details. No further assistance required.",general_query,"The main recurring concerns or themes across all insurance calls for this customer are not explicitly stated, as the provided interactions were straightforward and did not reveal any specific concerns. However, the two main themes that can be inferred are: 
1. Request for quotes and competitive rates for Health policies.
2. Clarification on insurance coverage details.",0,0,1,0
CUST00993,1,0.5859,0.5859,2025-03-02,"Customer called to inquire about the status of a claim under review for a Renters policy, which is taking longer than expected. Agent assured to escalate the issue and there were no other requests from the customer.",claim_inquiry,Provided data do not match the instruction context,0,0,0,1
CUST00014,2,0.1875,0.0078,2024-01-08,"Customer inquired about an unfamiliar charge on their bill, agent reviewed account history and issued correction with a credit. No further issues discussed.",complaint,"Two main recurring concerns or themes across all insurance calls for this customer are:

1. **Delays in claim processing**: The customer expressed frustration with the time taken to review a life insurance claim, indicating a concern about the efficiency of the claims process.
2. **Billing errors and discrepancies**: The customer reported an unfamiliar charge on their bill, which was resolved by the agent, highlighting a need for accurate billing and prompt issue resolution.",1,0,0,1
CUST00037,1,0.5156,0.5156,2020-11-10,"Customer requested to increase Life policy coverage by 20%, agent calculated new premium and provided updated quote.",upsell_interest,Provided data do not match the instruction context,0,0,1,0
CUST00049,2,0.7578,0.6875,2024-01-23,"Customer called to inquire about the status of a claim for an Auto policy, which is currently under review and expected to be resolved within 5-7 business days. Customer expressed frustration due to the delay and the issue was escalated. No other assistance was required.",claim_inquiry,"None, as there are only two calls and no recurring concerns or themes can be identified.",0,0,0,1
CUST00062,2,0.418,0.1719,2022-01-18,"Customer requested to cancel Home policy due to finding a better rate elsewhere, and declined the agent's offer to retain business. No other assistance was required.",cancellation_risk,"Based on the provided data, the main recurring concerns or themes across all insurance calls for this customer are:

1. Seeking better rates and discounts (e.g., finding a better rate elsewhere, inquiring about loyalty and bundling discounts).
2. Desire to optimize their insurance costs and explore options to reduce premiums.
3. Evaluating and making decisions about their insurance policies based on pricing and value.",0,1,1,0
CUST00070,1,0.7578,0.7578,2026-01-15,"Customer asked about insurance coverage, agent explained the details. No further assistance required.",general_query,Only one concern was mentioned: insurance coverage. Provided data do not match the instruction context to identify 2-3 main recurring concerns or themes.,0,0,0,0
CUST00072,3,0.5625,0.4766,2021-04-15,Customer requested a 20% increase in coverage for their Renters policy. Agent calculated the new premium and provided an updated quote. No further assistance was required.,upsell_interest,"1. Payment issues: The customer experienced a failed premium payment due to an expired card, requiring an update to the payment method.
2. Coverage increase requests: The customer requested a 20% increase in coverage for their Renters policy on two separate occasions, with the agent providing updated quotes each time.",0,0,2,0
CUST00095,1,0.7969,0.7969,2025-12-03,"Customer asked about insurance coverage, agent explained the details. No further assistance required.",general_query,Provided data do not match the instruction context,0,0,0,0
CUST00107,1,0.5078,0.5078,2024-03-27,"Customer requested to increase Life policy coverage by 20%, agent calculated new premium and provided updated quote. No further assistance required.",upsell_interest,Provided data do not match the instruction context,0,0,1,0
CUST00117,2,0.5039,0.3125,2022-07-22,"Customer requested to cancel their Health policy due to finding a better rate elsewhere, and declined the agent's offer to retain their business. No other assistance was required.",cancellation_risk,"1. Policy cancellation due to better rates elsewhere.
2. Address updates and associated premium changes.
3. No other concerns or themes are present across the provided insurance calls.",0,1,0,0
CUST00130,1,0.5234,0.5234,2025-03-04,"Customer called to inquire about the status of a home policy claim, currently under review and expected to be resolved within 5-7 business days, but had taken longer than expected. Agent escalated the issue and assured the customer of resolution. No other assistance requested.",claim_inquiry,"Claim status and resolution timeframe concerns, specifically delays in the review process and the need for escalation to resolve issues.",0,0,0,1
CUST00143,2,0.5742,0.5313,2026-03-07,"Customer called to inquire about the status of a health policy claim, currently under review and expected to be resolved within 5-7 business days, but had taken longer than expected. Agent escalated the issue and assured the customer of resolution. No other assistance requested.",claim_inquiry,"Two main recurring concerns or themes across all insurance calls for this customer are:

1. Policy coverage and premium adjustments: The customer has requested changes to their health policy coverage, indicating a need for flexibility and adjustments to their policy.
2. Claim resolution and processing time: The customer has experienced delays in claim resolution, leading to concerns about the efficiency and timeliness of the claims process.",0,0,1,1
CUST00174,1,0.8438,0.8438,2025-10-27,Customer requested to update beneficiary information on a life insurance policy due to recent marriage. Agent assisted in making the change and congratulated the customer. No further assistance was required.,general_query,"None, as there is only one call and no recurring concerns or themes can be identified.",0,0,0,0
CUST00187,1,0.1406,0.1406,2021-03-18,"Customer requested to cancel their Life policy due to finding a better rate elsewhere, and declined the agent's offer to retain their business. No other assistance was required.",cancellation_risk,Provided data do not match the instruction context,0,1,0,0
CUST00189,3,0.2136,-0.0234,2025-11-04,Customer requested a quote for a comprehensive home insurance policy and was provided with a competitive rate by the agent. No further assistance was required.,general_query,"The main recurring concerns or themes across all insurance calls for this customer are:

1. Inquiries about discounts (specifically loyalty and bundling discounts)
2. Requests for quotes for comprehensive home insurance policies 
3. Seeking competitive rates",0,0,2,0
CUST00190,2,0.754,0.7266,2023-09-04,"Customer inquired about renter policy renewal date and potential premium increase. Agent provided the information and offered assistance with other matters, which the customer declined.",renewal_inquiry,"The main recurring concerns or themes across all insurance calls for this customer are:

1. Policy renewal and premium-related inquiries (e.g., renewal date, potential premium increase).
2. Payment issues (e.g., failed payment due to expired card, updating payment method).",0,0,0,0
CUST00197,1,0.8359,0.8359,2025-11-03,Customer requested to update beneficiary information on life insurance policy due to recent marriage. Agent assisted in making the change and congratulated the customer. No further assistance was required.,general_query,Provided data do not match the instruction context,0,0,0,0
CUST00205,1,0.7344,0.7344,2025-02-17,Customer's last premium payment failed due to an expired card. The agent helped the customer update the payment method during the call. No further assistance was required.,general_query,Provided data do not match the instruction context,0,0,0,0
CUST00214,1,-0.8174,-0.8174,2024-08-27,"Customer expressed disappointment over long wait time for callback, agent apologized and promised resolution, and customer agreed to give the company one more chance.",complaint,"Customer dissatisfaction with wait times, desire for timely resolution, and need for improved customer service.",1,0,0,0
CUST00218,2,0.4219,0.0703,2026-02-17,Customer requested a quote for a comprehensive home insurance policy and was provided with a competitive rate by the agent. No further assistance was required.,upsell_interest,Provided data do not match the instruction context,0,0,1,0
CUST00266,1,0.6406,0.6406,2026-06-19,"Customer inquired about loyalty and bundling discounts, qualified, and agent applied it to their account. No further assistance required.",upsell_interest,Provided data do not match the instruction context,0,0,1,0
CUST00288,1,-0.0078,-0.0078,2023-11-15,"Customer inquired about an unfamiliar charge on their bill, agent reviewed account history and issued correction with a credit. No further issues discussed.",complaint,Provided data do not match the instruction context,1,0,0,0
CUST00301,1,0.1328,0.1328,2023-11-21,Customer requested a quote for a new auto comprehensive insurance policy. Agent provided a competitive rate and no other assistance was required.,upsell_interest,Provided data do not match the instruction context,0,0,1,0
CUST00313,1,0.7109,0.7109,2025-06-16,Customer's last premium payment failed due to an expired card. The agent helped the customer update the payment method during the call. No further assistance was required.,general_query,Provided data do not match the instruction context,0,0,0,0
CUST00316,1,-0.0078,-0.0078,2020-11-15,Customer requested a quote for a comprehensive home insurance policy and was provided with a competitive rate by the agent. No further assistance was required.,upsell_interest,"No recurring concerns or themes are present as there is only one interaction with the customer, which was a straightforward quote request for a comprehensive home insurance policy.",0,0,1,0
CUST00328,2,0.3946,0.0313,2026-03-06,"Customer asked about insurance coverage, agent explained the details. No further assistance required.",general_query,"1. Insurance coverage details: Customers seek clarification on policy specifics.
2. Policy cancellation: Customers request to cancel policies, often due to finding better rates elsewhere.
3. Rate competitiveness: Customers compare rates and make decisions based on cost.",0,1,0,0
CUST00333,1,0.625,0.625,2025-07-08,"Customer inquired about loyalty and bundling discounts, qualified, and agent applied it to their account. No further assistance required.",upsell_interest,Provided data do not match the instruction context,0,0,1,0
CUST00337,1,0.75,0.75,2026-01-17,"Customer asked about insurance coverage, agent explained the details. No further assistance required.",general_query,Provided data do not match the instruction context,0,0,0,0
CUST00364,1,0.8438,0.8438,2023-05-16,Customer requested to update beneficiary information on a life insurance policy due to recent marriage. Agent assisted in making the change and congratulated the customer. No further assistance was required.,general_query,Provided data do not match the instruction context,0,0,0,0
CUST00387,1,0.7578,0.7578,2021-04-14,"Customer asked about insurance coverage, agent explained the details. No further assistance required.",general_query,Provided data do not match the instruction context,0,0,0,0
CUST00436,2,0.7071,0.6563,2026-07-10,"Customer asked about insurance coverage, agent explained the details. No further assistance required.",general_query,"Customer concerns revolve around:

1. Discounts and loyalty programs, specifically eligibility and application.
2. Insurance coverage details and understanding policy specifics.",0,0,1,0
CUST00453,3,0.3255,-0.0078,2025-11-20,"Customer inquired about an unfamiliar charge on their bill, agent reviewed account history and issued correction with a credit. No further issues discussed.",complaint,"The main recurring concerns or themes across all insurance calls for this customer are:

1. Policy adjustments and updates (e.g., increasing coverage, reviewing claims, and correcting billing errors).
2. Timeliness and efficiency of service (e.g., claim processing time and resolving issues promptly).
3. Transparency and clarity of billing and account information (e.g., explaining unfamiliar charges and providing corrections).",1,0,1,1
CUST00464,1,0.625,0.625,2024-09-14,"Customer inquired about loyalty and bundling discounts, qualified, and agent applied it to their account. No further assistance required.",upsell_interest,Provided data do not match the instruction context,0,0,1,0
CUST00478,2,0.75,0.75,2026-01-19,Customer's last premium payment failed due to an expired card. The agent helped the customer update the payment method during the call. No further assistance was required.,general_query,"Failed premium payments due to expired cards, requiring assistance with updating payment methods.",0,0,0,0
CUST00491,1,0.6953,0.6953,2022-04-16,"Customer requested to update their address to Tucson, AZ. Agent confirmed and informed them of potential premium change. No further assistance required.",general_query,Provided data do not match the instruction context,0,0,0,0
CUST00519,1,0.0156,0.0156,2024-02-16,"Customer inquired about an unfamiliar charge on their bill, agent reviewed account history and issued correction with a credit. No further issues discussed.",complaint,Provided data do not match the instruction context,1,0,0,0
CUST00526,1,0.2344,0.2344,2025-01-27,"Customer requested to cancel Home policy due to finding a better rate elsewhere, and declined the agent's offer to retain business. No other assistance was required.",cancellation_risk,Provided data do not match the instruction context,0,1,0,0
CUST00535,1,0.7578,0.7578,2026-01-08,"Customer inquired about auto insurance policy renewal date and potential premium increase. Agent provided the information and offered assistance with other matters, which the customer declined.",renewal_inquiry,Provided data do not match the instruction context,0,0,0,0
CUST00588,2,0.8086,0.7813,2025-04-24,Customer's last premium payment failed due to an expired card. The agent helped the customer update the payment method during the call. No further assistance was required.,general_query,"None, as there are only two calls and no recurring concerns or themes can be identified.",0,0,0,0
CUST00589,1,0.8125,0.8125,2020-11-18,"Customer asked about insurance coverage, agent explained the details. No further assistance required.",general_query,Provided data do not match the instruction context,0,0,0,0
CUST00598,1,0.2109,0.2109,2020-08-10,"Customer requested to cancel their Life policy due to finding a better rate elsewhere, and declined the agent's offer to retain their business. No other assistance was required.",cancellation_risk,Provided data do not match the instruction context,0,1,0,0
CUST00606,1,0.6953,0.6953,2020-12-03,"Customer inquired about loyalty and bundling discounts, agent confirmed eligibility and applied it to the account. No further assistance required.",upsell_interest,Provided data do not match the instruction context,0,0,1,0
CUST00636,3,0.724,0.6563,2025-08-08,"Customer inquired about loyalty and bundling discounts, qualified, and agent applied it to their account. No further assistance required.",upsell_interest,"The main recurring concerns or themes across all insurance calls for this customer are:

1. Updating personal information (e.g., beneficiary details due to a life event such as marriage).
2. Inquiring about and applying loyalty discounts.
3. Inquiring about and applying bundling discounts.",0,0,2,0
CUST00650,1,0.0938,0.0938,2020-02-29,"Customer requested a quote for a comprehensive Renters insurance policy, and the agent provided a competitive rate. No further assistance was required.",upsell_interest,Provided data do not match the instruction context,0,0,1,0
CUST00666,1,0.4688,0.4688,2021-04-19,"Customer requested to cancel their Health policy due to finding a better rate elsewhere, and declined the agent's offer to retain their business. No other assistance was required.",cancellation_risk,"Cost, policy rates, and seeking better alternatives are the main recurring concerns for this customer.",0,1,0,0
CUST00676,1,0.7266,0.7266,2020-01-14,Customer's last premium payment failed due to an expired card. The agent helped the customer update the payment method during the call. No further assistance was required.,general_query,Provided data do not match the instruction context,0,0,0,0
CUST00690,2,-0.0923,-0.8174,2024-05-06,"Customer inquired about loyalty and bundling discounts, qualified, and agent applied it to their account. No further assistance required.",upsell_interest,"Customer satisfaction with discounts and loyalty programs, concerns about wait times and callback efficiency, and the need for timely issue resolution to maintain customer trust.",1,0,1,0
CUST00745,1,0.6406,0.6406,2023-07-14,"Customer requested to update their address to San Francisco, CA. The agent confirmed the new address and informed the customer of potential premium changes. No further assistance was required.",general_query,No recurring concerns or themes can be identified from a single call.,0,0,0,0
CUST00753,1,0.8359,0.8359,2023-08-18,Customer requested to update beneficiary information on a life insurance policy due to recent marriage. Agent assisted in making the change and congratulated the customer. No further assistance was required.,general_query,Provided data do not match the instruction context,0,0,0,0
CUST00768,1,0.3672,0.3672,2025-04-24,"Customer called to inquire about the status of a home insurance claim, which is currently under review and expected to be resolved within 5-7 business days. Customer expressed frustration due to the delay and the issue was escalated. No other assistance was required.",claim_inquiry,Provided data do not match the instruction context,0,0,0,1
CUST00823,3,0.7213,0.5625,2025-04-18,Customer requested to update beneficiary information on a life insurance policy due to recent marriage. Agent assisted in making the change and congratulated the customer. No further assistance was required.,general_query,"The main recurring concerns or themes across all insurance calls for this customer are:

1. Policy updates: The customer has requested changes to their policy details, such as updating beneficiary information.
2. Coverage adjustments: The customer has inquired about increasing coverage, specifically a 20% increase in Home insurance coverage.
3. Policy clarification: The customer has sought explanations about their insurance coverage, requiring agent assistance to understand policy details.",0,0,1,0
CUST00842,2,0.4063,0.1797,2025-10-10,"Customer inquired about loyalty and bundling discounts, qualified, and agent applied it to their account. No further assistance required.",upsell_interest,"The main recurring concerns or themes across all insurance calls for this customer are:

1. Seeking discounts and cost savings (loyalty and bundling discounts)
2. Shopping around for better rates (considering cancellation due to finding a better rate elsewhere)
3. Retention and loyalty (agent's offer to retain business was declined)",0,1,1,0
CUST00847,1,0.3203,0.3203,2025-06-11,"Customer requested to cancel Home policy due to finding a better rate elsewhere, and declined the agent's offer to retain business. No other assistance was required.",cancellation_risk,Provided data do not match the instruction context,0,1,0,0
CUST00859,1,0.8281,0.8281,2024-06-15,Customer requested to update beneficiary information on a life insurance policy due to recent marriage. Agent assisted in making the change and congratulated the customer. No further assistance was required.,general_query,Provided data do not match the instruction context,0,0,0,0
CUST00867,1,0.2422,0.2422,2026-06-07,"Customer requested to cancel their Auto policy due to finding a better rate elsewhere, and declined the agent's offer to retain their business. No other assistance was required.",cancellation_risk,Provided data do not match the instruction context,0,1,0,0
CUST00896,1,0.375,0.375,2024-08-23,"Customer called to inquire about the status of a claim under review for a Renters policy, which is taking longer than expected. Agent assured to escalate the issue and there were no other requests from the customer.",claim_inquiry,Provided data do not match the instruction context,0,0,0,1
CUST00915,2,0.334,-0.0117,2024-06-25,"Customer noticed an unfamiliar charge on their bill, agent reviewed account history and issued correction with a credit. No further issues discussed.",complaint,Provided data do not match the instruction context.,1,0,0,0
CUST00919,3,0.612,0.3281,2025-12-29,"Customer called to inquire about the status of a health policy claim, currently under review and expected to be resolved within 5-7 business days, but had taken longer than expected. Agent escalated the issue and assured the customer of resolution. No other assistance requested.",claim_inquiry,"The 2-3 main recurring concerns or themes across all insurance calls for this customer are:

1. **Claim status and resolution**: The customer had concerns about the delay in resolving a health policy claim, which was escalated by the agent.
2. **Policy renewal and premium increase**: The customer inquired about the renewal date and potential premium increase for their health policy on two separate occasions, seeking information and clarity on the matter.
3. **Timely resolution and updates**: The customer was seeking updates on the status of their claim and policy renewal, indicating a desire for prompt resolution and clear communication from the insurance provider.",0,0,0,1
CUST00019,2,-0.0362,-0.8223,2025-06-03,"Customer inquired about Life policy renewal date and potential premium increase. Agent provided the information and offered assistance with other matters, which the customer declined.",renewal_inquiry,"Customer concerns revolve around policy management and service experience. Specifically, the recurring themes are:

1. Policy renewal and premium increase inquiries, indicating a need for proactive communication about policy changes.
2. Long wait times for callbacks, highlighting a need for improvement in response times and customer service efficiency.
3. General dissatisfaction with service experience, underscoring the importance of prompt issue resolution and effective communication to maintain customer trust.",1,0,0,0
CUST00035,2,0.2032,-0.0859,2026-08-11,"Customer requested to increase Life policy coverage by 20%, agent calculated new premium and provided updated quote.",upsell_interest,Provided data do not match the instruction context.,0,0,2,0
CUST00038,2,0.6563,0.4766,2026-05-30,Customer requested to update beneficiary information on a life insurance policy due to recent marriage. Agent assisted in making the change and congratulated the customer. No further assistance was required.,general_query,"None, provided data do not match the instruction context as there are only two calls with distinct issues and no recurring concerns or themes.",0,0,0,1
CUST00044,3,0.0306,-0.8223,2026-02-23,Customer requested a quote for a new auto comprehensive insurance policy. Agent provided a competitive rate and no other assistance was required.,upsell_interest,"Customer concerns revolve around: 

1. Long wait times for callbacks, 
2. Payment issues due to outdated payment methods, 
3. Seeking competitive insurance quotes.",1,0,1,0
CUST00091,1,0.75,0.75,2024-02-18,Customer's last premium payment failed due to an expired card. The agent helped the customer update the payment method during the call. No further assistance was required.,general_query,Provided data do not match the instruction context,0,0,0,0
CUST00129,2,0.375,0.0,2025-01-27,Customer's last premium payment failed due to an expired card. The agent helped the customer update the payment method during the call. No further assistance was required.,general_query,"Billing errors and payment issues are the main recurring concerns, specifically: 
1. Unfamiliar charges on the bill 
2. Failed premium payments due to expired or outdated payment methods",1,0,0,0
CUST00134,1,-0.0195,-0.0195,2022-10-21,"Customer noticed an unfamiliar charge on their bill, agent reviewed account history and issued correction with a credit. No further issues discussed.",complaint,Provided data do not match the instruction context,1,0,0,0
CUST00154,1,0.0703,0.0703,2026-06-30,"Customer inquired about an unfamiliar charge on their bill, agent reviewed account history and issued correction with a credit. No further issues discussed.",complaint,"There is only one concern mentioned: an unfamiliar charge on the bill, which was resolved with a credit. Provided data do not match the instruction context to identify 2-3 main recurring concerns or themes.",1,0,0,0
CUST00183,1,-0.8223,-0.8223,2021-05-05,"Customer complained about long wait time for callback, apologized for the inconvenience, and promised to resolve the issue. Customer expressed disappointment but agreed to give the company another chance. No other issues discussed.",complaint,Provided data do not match the instruction context,1,0,0,0
CUST00196,1,0.5078,0.5078,2021-08-03,"Customer called to inquire about the status of a health policy claim, currently under review and expected to be resolved within 5-7 business days, but had taken longer than expected. Agent escalated the issue and assured the customer of resolution. No other assistance requested.",claim_inquiry,"Claim status and resolution timeframe concerns, specifically delays in the review process and the need for escalation to resolve issues.",0,0,0,1
CUST00216,1,0.8359,0.8359,2024-10-24,Customer requested to update beneficiary information on life insurance policy due to recent marriage. Agent assisted in making the change and congratulated the customer. No further assistance was required.,general_query,Provided data do not match the instruction context,0,0,0,0
CUST00200,1,0.7422,0.7422,2025-06-26,Customer's last premium payment failed due to an expired card. The agent helped the customer update the payment method during the call. No further assistance was required.,general_query,Provided data do not match the instruction context,0,0,0,0
CUST00220,1,0.7266,0.7266,2026-03-01,Customer's last premium payment failed due to an expired card. The agent helped the customer update the payment method during the call. No further assistance was required.,general_query,Provided data do not match the instruction context,0,0,0,0
CUST00250,2,0.1328,0.125,2024-11-11,"Customer requested to cancel his Life policy due to finding a better rate elsewhere, and declined the agent's offer to retain his business. No other assistance was required.",cancellation_risk,"1. Finding better rates elsewhere: The customer's primary reason for cancelling their Life policy is to take advantage of more competitive rates offered by other insurance providers.
2. Desire to switch insurance providers: The customer is willing to switch to a different insurance company to benefit from lower rates, indicating a lack of loyalty to their current provider.
3. Unwillingness to negotiate: The customer declined the agent's offer to retain their business, suggesting they are firm in their decision to leave and not interested in negotiating or exploring alternative options with their current provider.",0,2,0,0
CUST00255,1,0.6094,0.6094,2026-07-18,"Customer requested to update their address to one in Buffalo, NY. The agent confirmed the new address and informed the customer of potential premium changes. No further assistance was required.",general_query,Provided data do not match the instruction context,0,0,0,0
CUST00268,1,0.7891,0.7891,2024-07-09,"Customer asked about insurance coverage, agent explained the details. No further assistance required.",general_query,Provided data do not match the instruction context,0,0,0,0
CUST00304,1,0.8359,0.8359,2021-11-22,Customer requested to update beneficiary information on life insurance policy due to recent marriage. Agent assisted in making the change and congratulated the customer. No further assistance was required.,general_query,Provided data do not match the instruction context,0,0,0,0
CUST00305,1,0.1172,0.1172,2021-11-27,Customer requested a quote for a comprehensive health policy and was provided with a competitive rate by the agent. No further assistance was required.,upsell_interest,Provided data do not match the instruction context,0,0,1,0
CUST00315,1,0.1328,0.1328,2021-01-04,"Customer requested to cancel their Health policy due to finding a better rate elsewhere, and declined the agent's offer to retain their business. No other assistance was required.",cancellation_risk,Provided data do not match the instruction context,0,1,0,0
CUST00329,1,0.6563,0.6563,2025-04-11,"Customer requested to update their address to Mesa, AZ, and were informed of potential premium changes. No other assistance was required.",general_query,Provided data do not match the instruction context,0,0,0,0
CUST00353,1,0.1719,0.1719,2024-02-01,"Customer requested to cancel their Auto policy due to finding a better rate elsewhere, and declined the agent's offer to retain their business. No other assistance was required.",cancellation_risk,Provided data do not match the instruction context,0,1,0,0
CUST00365,1,0.8359,0.8359,2026-02-14,Customer requested to update beneficiary information on life insurance policy due to recent marriage. Agent assisted in making the change and congratulated the customer. No further assistance was required.,general_query,Provided data do not match the instruction context,0,0,0,0
CUST00397,1,0.5234,0.5234,2020-09-20,"Customer requested to increase Health policy coverage by 20%, agent calculated new premium and provided updated quote. No further assistance required.",upsell_interest,Provided data do not match the instruction context,0,0,1,0
CUST00408,2,0.336,0.0078,2022-05-20,"Customer requested to update their address to Raleigh, NC, which may affect their premium. No other assistance was required.",general_query,Provided data do not match the instruction context,1,0,0,0
CUST00442,1,0.625,0.625,2025-01-21,"Customer requested to update their address to one in Buffalo, NY. Agent confirmed and informed them of potential premium change. No further assistance was required.",general_query,Provided data do not match the instruction context,0,0,0,0
CUST00443,1,0.7344,0.7344,2025-08-16,Customer's last premium payment failed due to an expired card. The agent helped the customer update the payment method during the call. No further assistance was required.,general_query,Provided data do not match the instruction context,0,0,0,0
CUST00467,1,-0.0313,-0.0313,2026-07-18,"Customer inquired about an unfamiliar charge on their bill, agent reviewed account history and issued correction with a credit. No further issues discussed.",complaint,Provided data do not match the instruction context,1,0,0,0
CUST00468,1,-0.8145,-0.8145,2021-05-09,"Customer expressed disappointment over long wait time for callback, agent apologized and promised resolution, and customer agreed to give the company one more chance.",complaint,"Customer dissatisfaction with wait times, desire for timely resolution, and need for improved customer service to regain trust.",1,0,0,0
CUST00477,3,0.513,0.3672,2025-07-17,Customer requested a quote for a comprehensive home insurance policy and was provided with a competitive rate by the agent. No further assistance was required.,general_query,"The main recurring concerns or themes across all insurance calls for this customer are:

1. Requests for policy updates or changes (e.g. increasing coverage, applying discounts)
2. Inquiries about discounts and promotions (e.g. loyalty, bundling)
3. Requests for quotes for new or additional insurance policies (e.g. comprehensive home insurance)",0,0,2,0
CUST00481,1,0.5,0.5,2020-04-18,"Customer requested to increase Health policy coverage by 20%, agent calculated new premium and provided updated quote. No further assistance required.",upsell_interest,No recurring concerns or themes can be identified from a single call.,0,0,1,0
CUST00493,1,0.625,0.625,2022-10-23,Customer requested a 20% increase in auto insurance coverage. Agent calculated the new premium and provided an updated quote. No further assistance required.,upsell_interest,Provided data do not match the instruction context,0,0,1,0
CUST00498,1,0.75,0.75,2021-02-03,Customer's last premium payment failed due to an expired card. The agent helped the customer update the payment method during the call. No further assistance was required.,general_query,Provided data do not match the instruction context,0,0,0,0
CUST00508,1,0.4922,0.4922,2025-03-30,"Customer called to inquire about the status of a health policy claim, currently under review and expected to be resolved within 5-7 business days, but had taken longer than expected. Agent escalated the issue and assured the customer of resolution. No other assistance requested.",claim_inquiry,Provided data do not match the instruction context,0,0,0,1
CUST00520,1,-0.8174,-0.8174,2024-08-03,"Customer complained about long wait time for callback, apologized for the inconvenience, and promised to resolve the issue. Customer expressed disappointment but agreed to give the company another chance. No other issues discussed.",complaint,"Long wait time for callback, inconvenience, and disappointment with the service experience.",1,0,0,0
CUST00544,2,0.5196,0.4766,2025-07-22,Customer requested a 20% increase in coverage for their Renters policy. Agent calculated the new premium and provided an updated quote. No further assistance was required.,upsell_interest,Provided data do not match the instruction context,0,0,2,0
CUST00547,1,0.6797,0.6797,2023-02-21,"Customer inquired about loyalty and bundling discounts, agent confirmed eligibility and applied it to the account. No further assistance required.",upsell_interest,Loyalty and bundling discounts.,0,0,1,0
CUST00552,1,0.3125,0.3125,2026-03-18,"Customer requested a quote for a comprehensive Renters insurance policy, and the agent provided a competitive rate. No further assistance was required.",upsell_interest,Provided data do not match the instruction context,0,0,1,0
CUST00601,1,0.7734,0.7734,2026-06-30,"Customer inquired about auto insurance policy renewal date and potential premium increase. Agent provided the information and offered assistance with other matters, which the customer declined.",renewal_inquiry,Provided data do not match the instruction context,0,0,0,0
CUST00566,1,-0.0078,-0.0078,2021-05-10,"Customer inquired about an unfamiliar charge on their bill, agent reviewed account history and issued correction with a credit. No further issues discussed.",complaint,"There is only one concern mentioned: an unfamiliar charge on the bill, which was resolved with a credit. Provided data do not match the instruction context to identify 2-3 main recurring concerns or themes.",1,0,0,0
CUST00574,2,-0.0923,-0.8174,2023-03-24,"Customer inquired about loyalty and bundling discounts, qualified, and agent applied it to their account. No further assistance required.",upsell_interest,"Customer concerns revolve around:

1. Desire for discounts and rewards for loyalty (e.g., bundling discounts)
2. Dissatisfaction with wait times for callbacks
3. Need for timely and effective issue resolution to maintain customer trust",1,0,1,0
CUST00624,1,0.3438,0.3438,2020-09-16,"Customer called to inquire about the status of a claim under review for a Renters policy, which is taking longer than expected. Agent assured to escalate the issue and there were no other requests from the customer.",claim_inquiry,Provided data do not match the instruction context,0,0,0,1
CUST00627,2,-0.4112,-0.8145,2025-03-10,"Customer inquired about an unfamiliar charge on their bill, agent reviewed account history and issued correction with a credit. No further issues discussed.",complaint,Provided data do not match the instruction context.,2,0,0,0
CUST00643,1,0.6641,0.6641,2024-07-09,"Customer inquired about loyalty and bundling discounts, qualified, and agent applied it to their account. No further assistance required.",upsell_interest,Loyalty and bundling discounts.,0,0,1,0
CUST00644,1,0.0078,0.0078,2024-08-21,"Customer inquired about an unfamiliar charge on their bill, agent reviewed account history and issued correction with a credit. No further issues discussed.",complaint,"There is only one concern mentioned: an unfamiliar charge on the bill, which was resolved with a credit. Provided data do not match the instruction context to identify 2-3 main recurring concerns or themes.",1,0,0,0
CUST00662,2,0.4258,0.0156,2026-02-04,"Customer noticed an unfamiliar charge on their bill, agent reviewed account history and issued correction with a credit. No further issues discussed.",complaint,Provided data do not match the instruction context,1,0,0,0
CUST00679,3,0.5286,0.0625,2025-12-16,Customer requested a quote for a new auto comprehensive insurance policy. Agent provided a competitive rate and no other assistance was required.,upsell_interest,"The main recurring concerns or themes across all insurance calls for this customer are:

1. Administrative issues (e.g. updating payment method due to expired card)
2. Requesting quotes for new policies (e.g. auto comprehensive insurance)
3. Seeking clarification on insurance coverage details",0,0,1,0
CUST00703,1,0.7813,0.7813,2021-06-03,"Customer inquired about home policy renewal date and potential premium increase. Agent provided the information and offered assistance with other matters, which the customer declined.",renewal_inquiry,Provided data do not match the instruction context,0,0,0,0
CUST00775,1,0.3281,0.3281,2025-12-21,"Customer requested to cancel Home policy due to finding a better rate elsewhere, and declined the agent's offer to retain business. No other assistance was required.",cancellation_risk,Provided data do not match the instruction context,0,1,0,0
CUST00777,1,0.7422,0.7422,2022-09-25,Customer's last premium payment failed due to an expired card. The agent helped the customer update the payment method during the call. No further assistance was required.,general_query,Provided data do not match the instruction context,0,0,0,0
CUST00800,2,-0.0313,-0.0313,2025-12-07,"Customer inquired about an unfamiliar charge on their bill, agent reviewed account history and issued correction with a credit. No further issues discussed.",complaint,"Unfamiliar charges on the bill, resulting in the need for account review and corrections with credits.",2,0,0,0
CUST00804,2,0.6133,0.3984,2021-10-04,Customer requested to update beneficiary information on life insurance policy due to recent marriage. Agent assisted in making the change and congratulated the customer. No further assistance was required.,general_query,Policy updates and claim status are the two main recurring concerns across all insurance calls for this customer.,0,0,0,1
CUST00833,2,0.6718,0.5781,2025-08-13,Customer requested a 20% increase in auto insurance coverage. Agent calculated the new premium and provided an updated quote. No further assistance required.,upsell_interest,Provided data do not match the instruction context,0,0,1,0
CUST00864,2,0.6446,0.4688,2025-06-20,"Customer called to inquire about the status of a claim under review for a Renters policy, which is taking longer than expected. Agent assured to escalate the issue and appreciated the customer's patience. No further assistance was required.",claim_inquiry,"Claim processing delays and payment issues are the two main recurring concerns for this customer. Specifically, the customer is experiencing a delay in the review of a Renters policy claim and had a failed premium payment due to an expired card.",0,0,0,1
CUST00877,1,0.7344,0.7344,2022-12-22,"Customer inquired about Home policy renewal date and potential premium increase. Agent provided the information and offered assistance with other matters, which the customer declined.",renewal_inquiry,Provided data do not match the instruction context,0,0,0,0
CUST00897,1,0.8359,0.8359,2025-05-29,Customer requested to update beneficiary information on life insurance policy due to recent marriage. Agent assisted in making the change and congratulated the customer. No further assistance was required.,general_query,Provided data do not match the instruction context,0,0,0,0
CUST00902,2,0.3633,0.1016,2023-01-24,"Customer requested a quote for a new auto comprehensive insurance policy, and the agent provided a competitive rate. No further assistance was required.",upsell_interest,Provided data do not match the instruction context,0,0,2,0
CUST00923,2,0.1055,-0.0078,2026-06-14,"Customer inquired about an unfamiliar charge on their bill, agent reviewed account history and issued correction with a credit. No further issues discussed.",complaint,Provided data do not match the instruction context,1,0,1,0
CUST00929,1,0.7578,0.7578,2022-12-03,"Customer asked about insurance coverage, agent explained the details. No further assistance required.",general_query,Provided data do not match the instruction context,0,0,0,0
CUST00926,1,0.4688,0.4688,2026-03-21,"Customer called to inquire about the status of a home insurance claim, currently under review and expected to be resolved within 5-7 business days, but had taken longer than expected. Agent escalated the issue and assured the customer of resolution. No other assistance requested.",claim_inquiry,"Claim status and resolution timeframe concerns, specifically delays in the review process and the need for escalation to resolve issues.",0,0,0,1
CUST00939,1,0.8281,0.8281,2024-10-29,Customer requested to update beneficiary information on a life insurance policy due to recent marriage. Agent assisted in making the change and congratulated the customer. No further assistance was required.,general_query,"None, as there is only one call and no recurring concerns or themes can be identified.",0,0,0,0
CUST00947,1,-0.0234,-0.0234,2024-08-20,"Customer requested to cancel their Life policy due to finding a better rate elsewhere, and declined the agent's offer to retain their business. No other assistance was required.",cancellation_risk,Provided data do not match the instruction context,0,1,0,0
CUST00951,1,0.6328,0.6328,2024-12-30,"Customer updated their address to Mesa, AZ, which may affect their premium.",general_query,Provided data do not match the instruction context,0,0,0,0
CUST00971,3,0.2347,-0.8115,2026-01-12,Customer inquired about renewal date and potential premium increase for their health policy. Agent provided the renewal date (2026-02-05) and mentioned a possible small adjustment to the premium. Customer expressed gratitude and ended the call.,renewal_inquiry,"Customer concerns and themes across calls include:

1. Wait time and service issues: One customer experienced a long wait time for a callback and expressed disappointment.
2. Policy details and renewal: Two customers inquired about policy specifics, including renewal dates and potential premium changes.
3. Coverage clarification: One customer sought clarification on insurance coverage, indicating a need for clear understanding of policy details.",1,0,0,0
CUST00990,2,0.3828,-0.0078,2024-05-15,"Customer asked about insurance coverage, agent explained the details. No further assistance required.",general_query,Provided data do not match the instruction context,1,0,0,0
CUST00998,1,-0.8193,-0.8193,2023-12-11,"Customer complained about long wait time for callback, apologized for the inconvenience, and promised to resolve the issue. Customer expressed disappointment but agreed to give the company another chance. No other issues discussed.",complaint,Provided data do not match the instruction context,1,0,0,0
CUST00001,2,0.5,0.5,2026-02-12,"Customer requested to increase Life policy coverage by 20%, agent calculated new premium and provided updated quote.",upsell_interest,"The customer's main recurring concern is to increase their Life policy coverage by 20%, as this is the only theme mentioned across both calls.",0,0,2,0
CUST00018,2,0.3945,0.0234,2025-08-30,"Customer asked about insurance coverage, agent explained the details. No further assistance required.",general_query,Provided data do not match the instruction context,0,0,1,0
CUST00039,1,-0.0352,-0.0352,2022-06-07,"Customer noticed an unfamiliar charge on their bill, agent reviewed account history and issued correction with a credit. No further issues discussed.",complaint,Provided data do not match the instruction context,1,0,0,0
CUST00061,1,-0.8066,-0.8066,2025-09-05,"Customer complained about long wait time for callback, apologized for the inconvenience, and promised to resolve the issue. Customer expressed disappointment but agreed to give the company another chance. No other issues discussed.",complaint,Provided data do not match the instruction context,1,0,0,0
CUST00073,2,0.418,0.3672,2024-04-16,"Customer requested to cancel their Auto policy due to finding a better rate elsewhere, and declined the agent's offer to retain their business. No other assistance was required.",cancellation_risk,Provided data do not match the instruction context.,0,1,1,0
CUST00075,1,0.7656,0.7656,2026-04-02,"Customer asked about insurance coverage, agent explained the details. No further assistance required.",general_query,Provided data do not match the instruction context,0,0,0,0
CUST00080,1,0.75,0.75,2025-07-25,"Customer asked about insurance coverage, agent explained the details. No further assistance required.",general_query,Provided data do not match the instruction context,0,0,0,0
CUST00090,3,0.2891,0.0078,2024-09-11,Customer's last premium payment failed due to an expired card. The agent helped the customer update the payment method during the call. No further assistance was required.,general_query,"1. Policy cancellation due to better rates elsewhere.
2. Payment issues (failed payment, expired card).
3. Billing errors (unfamiliar charges, corrections, credits).",1,1,0,0
CUST00141,1,0.8359,0.8359,2024-05-28,Customer requested to update beneficiary information on a life insurance policy due to recent marriage. Agent assisted in making the change and congratulated the customer. No further assistance was required.,general_query,"None, as there is only one call and no recurring concerns or themes can be identified.",0,0,0,0
CUST00156,1,-0.0039,-0.0039,2025-11-15,"Customer inquired about an unfamiliar charge on their bill, agent reviewed account history and issued correction with a credit. No further issues discussed.",complaint,Provided data do not match the instruction context,1,0,0,0
CUST00186,1,0.7578,0.7578,2023-08-24,"Customer asked about insurance coverage, agent explained the details. No further assistance required.",general_query,Provided data do not match the instruction context,0,0,0,0
CUST00203,1,0.3281,0.3281,2025-09-10,"Customer called to inquire about the status of a claim under review for a Renters policy, which is taking longer than expected. Agent assured to escalate the issue and there were no other requests from the customer.",claim_inquiry,"Claim processing delays, specifically with Renters policy, is the main recurring concern for this customer.",0,0,0,1
CUST00209,1,0.2266,0.2266,2024-12-29,Customer requested a quote for a comprehensive home insurance policy and was provided with a competitive rate by the agent. No further assistance was required.,upsell_interest,Provided data do not match the instruction context,0,0,1,0
CUST00210,1,0.7813,0.7813,2021-07-11,Customer's last premium payment failed due to an expired card. The agent helped the customer update the payment method during the call. No further assistance was required.,general_query,Payment issues due to expired or outdated payment methods.,0,0,0,0
CUST00211,1,-0.8174,-0.8174,2026-08-03,"Customer expressed disappointment over long wait time for callback, agent apologized and promised resolution, and customer agreed to give the company one more chance.",complaint,"Customer dissatisfaction with wait times, desire for timely resolution, and need for improved customer service to regain trust.",1,0,0,0
CUST00232,1,0.8359,0.8359,2021-12-27,Customer requested to update beneficiary information on life insurance policy due to recent marriage. Agent assisted in making the change and congratulated the customer. No further assistance was required.,general_query,Provided data do not match the instruction context,0,0,0,0
CUST00233,3,0.3815,-0.0195,2024-12-21,Customer requested a 20% increase in auto insurance coverage. Agent calculated the new premium and provided an updated quote. No further assistance required.,upsell_interest,"The main recurring concerns or themes across all insurance calls for this customer are:

1. Billing and account corrections: The customer had an issue with an unfamiliar charge on their bill, which was resolved by the agent.
2. Discounts and promotions: The customer inquired about loyalty and bundling discounts, which were applied to their account.
3. Policy adjustments: The customer requested a change to their auto insurance coverage, which was processed by the agent.",1,0,2,0
CUST00243,1,0.7266,0.7266,2026-01-04,"Customer inquired about policy renewal date and potential premium increase, received information from agent. No further assistance requested.",renewal_inquiry,Provided data do not match the instruction context,0,0,0,0
CUST00248,2,0.3594,0.3516,2026-06-23,"Customer called to inquire about the status of a claim under review for a Renters policy, which is taking longer than expected. Agent assured to escalate the issue and there were no further requests from the customer.",claim_inquiry,"The main recurring concern for this customer is the delay in the review process of their Renters policy claim, as they have called twice to inquire about the status and have been assured that the issue will be escalated.",0,0,0,2
CUST00275,1,0.8359,0.8359,2026-05-27,Customer requested to update beneficiary information on life insurance policy due to recent marriage. Agent assisted in making the change and congratulated the customer. No further assistance was required.,general_query,Provided data do not match the instruction context,0,0,0,0
CUST00284,1,0.6719,0.6719,2024-01-02,"Customer inquired about loyalty and bundling discounts, qualified, and agent applied it to their account. No further assistance required.",upsell_interest,Loyalty and bundling discounts.,0,0,1,0
CUST00287,2,0.2969,0.0859,2022-02-20,"Customer requested to cancel their Health policy due to finding a better rate elsewhere, and declined the agent's offer to retain their business. No other assistance was required.",cancellation_risk,"Based on the provided data, there are no recurring concerns or themes across all insurance calls for this customer, as there are only two calls with different topics.",0,1,1,0
CUST00296,1,0.6172,0.6172,2026-03-12,"Customer requested to update their address to New York, NY. Agent confirmed and informed them of potential premium change. No further assistance required.",general_query,Provided data do not match the instruction context,0,0,0,0
CUST00310,3,0.7578,0.6875,2025-11-13,"Customer requested to update their address to Dallas, TX. Agent confirmed and informed them about potential premium change. No further assistance required.",general_query,"Policy updates and changes, insurance coverage inquiries, and address changes with potential premium impact are the main recurring concerns or themes across all insurance calls for this customer.",0,0,0,0
CUST00317,1,0.7422,0.7422,2023-12-03,Customer's last premium payment failed due to an expired card. The agent helped the customer update the payment method during the call. No further assistance was required.,general_query,Provided data do not match the instruction context,0,0,0,0
CUST00322,2,0.7735,0.7422,2025-10-26,"Customer inquired about auto insurance policy renewal date and potential premium increase. Agent provided the information and offered assistance with other matters, which the customer declined.",renewal_inquiry,"Policy renewal and premium increase inquiries, payment method updates due to expired cards, and general account maintenance.",0,0,0,0
CUST00323,1,0.7344,0.7344,2025-08-28,"Customer inquired about Life policy renewal date and potential premium increase. Agent provided the information and offered assistance with other matters, which the customer declined.",renewal_inquiry,Life policy renewal and potential premium increase.,0,0,0,0
CUST00324,2,0.6524,0.4609,2026-05-02,"Customer requested to increase Health policy coverage by 20%, agent calculated new premium and provided updated quote. No further assistance required.",upsell_interest,Provided data do not match the instruction context,0,0,1,0
CUST00326,1,-0.8193,-0.8193,2021-11-18,"Customer complained about long wait time for callback, apologized for the inconvenience, and promised to resolve the issue. Customer expressed disappointment but agreed to give the company another chance. No other issues discussed.",complaint,Provided data do not match the instruction context,1,0,0,0
CUST00327,1,0.7344,0.7344,2022-10-23,Customer's last premium payment failed due to an expired card. The agent helped the customer update the payment method during the call. No further assistance was required.,general_query,Provided data do not match the instruction context,0,0,0,0
CUST00330,3,0.5274,-0.043,2026-08-10,Customer requested to update beneficiary information on life insurance policy due to recent marriage. Agent assisted in making the change and congratulated the customer. No further assistance was required.,general_query,"The main recurring concerns or themes across all insurance calls for this customer are:

1. Policy information and details: The customer had questions about insurance coverage and policy details, which were addressed by the agent.
2. Policy updates and changes: The customer requested to update beneficiary information on their life insurance policy due to a recent marriage, which was assisted by the agent.
3. Quote and rate inquiries: The customer initially requested a quote for a comprehensive Life insurance policy and was provided with a competitive rate by the agent.",0,0,1,0
CUST00349,2,0.4024,0.125,2026-02-19,"Customer inquired about loyalty and bundling discounts, qualified, and agent applied it to their account. No further assistance required.",upsell_interest,Provided data do not match the instruction context,0,0,2,0
CUST00331,2,0.3438,0.1484,2025-08-13,Customer requested a 20% increase in coverage for their Renters policy. Agent calculated the new premium and provided an updated quote. No further assistance was required.,upsell_interest,Provided data do not match the instruction context,0,0,2,0
CUST00351,1,0.7656,0.7656,2023-08-28,Customer's last premium payment failed due to an expired card. The agent helped the customer update the payment method during the call. No further assistance was required.,general_query,Provided data do not match the instruction context,0,0,0,0
CUST00371,3,0.6016,0.3359,2024-08-02,Customer's last premium payment failed due to an expired card. The agent helped the customer update the payment method during the call. No further assistance was required.,general_query,Failed premium payments due to expired cards and customers seeking to cancel policies due to finding better rates elsewhere.,0,1,0,0
CUST00394,2,0.3808,-0.0039,2025-08-09,"Customer inquired about an unfamiliar charge on their bill, agent reviewed account history and issued correction with a credit. No further issues discussed.",complaint,"Insurance coverage details and unfamiliar charges on the bill are the two main recurring concerns, with customers seeking explanations and corrections to their accounts.",1,0,0,0
CUST00410,1,0.8438,0.8438,2026-06-08,Customer requested to update beneficiary information on life insurance policy due to recent marriage. Agent assisted in making the change and congratulated the customer. No further assistance was required.,general_query,Provided data do not match the instruction context,0,0,0,0
CUST00416,1,-0.0156,-0.0156,2025-08-04,"Customer inquired about an unfamiliar charge on their bill, agent reviewed account history and issued correction with a credit. No further issues discussed.",complaint,Provided data do not match the instruction context,1,0,0,0
CUST00425,1,0.7266,0.7266,2025-01-04,Customer's last premium payment failed due to an expired card. The agent helped the customer update the payment method during the call. No further assistance was required.,general_query,Provided data do not match the instruction context,0,0,0,0
CUST00433,1,0.2969,0.2969,2025-05-21,"Customer requested to cancel their Health policy due to finding a better rate elsewhere, and declined the agent's offer to retain their business. No other assistance was required.",cancellation_risk,Provided data do not match the instruction context,0,1,0,0
CUST00435,1,0.6172,0.6172,2020-12-25,"Customer called to inquire about the status of a life insurance claim under review, which is taking longer than expected. Agent assured to escalate the issue and appreciated the customer's patience. No further assistance was required.",claim_inquiry,"Claim processing delays, need for status updates, and appreciation for timely assistance.",0,0,0,1
CUST00450,1,0.75,0.75,2025-04-19,"Customer inquired about auto insurance policy renewal date and potential premium increase. Agent provided the information and offered assistance with other matters, which the customer declined.",renewal_inquiry,Provided data do not match the instruction context,0,0,0,0
CUST00456,1,-0.0195,-0.0195,2026-01-01,"Customer inquired about an unfamiliar charge on their bill, agent reviewed account history and issued correction with a credit. No further issues discussed.",complaint,Provided data do not match the instruction context,1,0,0,0
CUST00460,3,0.4778,-0.043,2026-08-12,Customer's last premium payment failed due to an expired card. The agent helped the customer update the payment method during the call. No further assistance was required.,general_query,"The main recurring concerns or themes across all insurance calls for this customer are:

1. Policy updates and changes (address update, payment method update)
2. Payment issues (failed premium payment due to expired card)
3. New policy inquiries and quotes (comprehensive home insurance policy)",0,0,0,0
CUST00471,1,0.7656,0.7656,2021-12-27,Customer's last premium payment failed due to an expired card. The agent helped the customer update the payment method during the call. No further assistance was required.,general_query,Provided data do not match the instruction context,0,0,0,0
CUST00521,2,0.5117,0.3281,2026-02-27,"Customer requested to update their address to Columbus, OH, and were informed of potential premium changes. No other assistance was required.",general_query,"Based on the provided data, there are no recurring concerns or themes across all insurance calls for this customer, as there are only two calls with distinct issues.",0,0,0,1
CUST00534,1,-0.8145,-0.8145,2026-08-10,"Customer complained about long wait time for callback, apologized for the inconvenience, and promised to resolve the issue. Customer expressed disappointment but agreed to give the company another chance. No other issues discussed.",complaint,Provided data do not match the instruction context,1,0,0,0
CUST00545,1,0.8359,0.8359,2022-07-15,Customer requested to update beneficiary information on a life insurance policy due to recent marriage. Agent assisted in making the change and congratulated the customer. No further assistance was required.,general_query,"None, as there is only one call and no recurring concerns or themes can be identified.",0,0,0,0
CUST00565,1,-0.8193,-0.8193,2022-05-18,"Customer expressed disappointment over long wait time for callback, agent apologized and promised resolution, and customer agreed to give the company one more chance.",complaint,"Customer dissatisfaction with wait times, desire for timely resolution, and need for improved customer service.",1,0,0,0
CUST00578,1,0.8438,0.8438,2024-05-09,Customer requested to update beneficiary information on a life insurance policy due to recent marriage. Agent assisted in making the change and congratulated the customer. No further assistance was required.,general_query,"None, as there is only one call and no recurring concerns or themes can be identified.",0,0,0,0
CUST00582,1,0.8359,0.8359,2025-12-01,Customer requested to update beneficiary information on a life insurance policy due to recent marriage. Agent assisted in making the change and congratulated the customer. No further assistance was required.,general_query,"None, as there is only one call and no recurring concerns or themes can be identified.",0,0,0,0
CUST00587,1,-0.8096,-0.8096,2023-05-22,"Customer complained about long wait time for callback, apologized for the inconvenience, and promised to resolve the issue. Customer expressed disappointment but agreed to give the company another chance. No other issues discussed.",complaint,Provided data do not match the instruction context,1,0,0,0
CUST00593,2,-0.3916,-0.8223,2026-06-22,"Customer complained about long wait time for callback, apologized for the inconvenience, and promised to resolve the issue. Customer expressed disappointment but agreed to give the agent another chance. No other issues discussed.",complaint,"Long wait times, need for timely issue resolution, and seeking competitive insurance rates.",1,0,1,0
CUST00599,2,0.3984,-0.0313,2026-01-14,"Customer inquired about an unfamiliar charge on their bill, agent reviewed account history and issued correction with a credit. No further issues discussed.",complaint,Provided data do not match the instruction context.,1,0,0,0
CUST00604,2,-0.0337,-0.8096,2026-04-12,"Customer inquired about auto insurance policy renewal date and potential premium increase. Agent provided the information and offered assistance with other matters, which the customer declined.",renewal_inquiry,Provided data do not match the instruction context,1,0,0,0
CUST00592,1,0.4297,0.4297,2026-01-25,Customer requested a 20% increase in coverage for their Renters policy. Agent calculated the new premium and provided an updated quote. No further assistance was required.,upsell_interest,No recurring concerns or themes can be identified from a single call.,0,0,1,0
CUST00634,2,0.2793,-0.0273,2025-12-17,"Customer requested to increase Health policy coverage by 20%, agent calculated new premium and provided updated quote. No further assistance required.",upsell_interest,Provided data do not match the instruction context.,1,0,1,0
CUST00637,2,0.4493,0.4063,2023-08-05,"Customer called to inquire about the status of a claim under review for a Renters policy, which is taking longer than expected. Agent assured to escalate the issue and appreciated the customer's patience. No further assistance was required.",claim_inquiry,"Two main recurring concerns or themes across all insurance calls for this customer are:

1. Policy adjustments: The customer has requested changes to their policy, specifically a 20% increase in coverage for their Renters policy.
2. Claim status and resolution: The customer has inquired about the status of a claim under review, expressing concern about the delay in the process.",0,0,1,1
CUST00657,2,0.8008,0.7656,2025-06-01,"Customer asked about insurance coverage, agent explained the details. No further assistance required.",general_query,Provided data do not match the instruction context,0,0,0,0
CUST00659,1,0.5391,0.5391,2023-11-07,Customer requested a 20% increase in auto insurance coverage. Agent calculated the new premium and provided an updated quote. No further assistance required.,upsell_interest,Provided data do not match the instruction context,0,0,1,0
CUST00664,1,0.6719,0.6719,2024-05-04,"Customer inquired about loyalty and bundling discounts, qualified, and agent applied it to their account. No further assistance required.",upsell_interest,Provided data do not match the instruction context,0,0,1,0
CUST00669,1,0.6875,0.6875,2023-02-26,"Customer requested to update their address to Durham, NC, which may affect their premium. Agent confirmed the update and informed the customer. No further assistance was required.",general_query,Provided data do not match the instruction context,0,0,0,0
CUST00678,2,0.707,0.5781,2024-05-06,Customer requested a 20% increase in coverage for their Renters policy. Agent calculated the new premium and provided an updated quote. No further assistance was required.,upsell_interest,Provided data do not match the instruction context,0,0,1,0
CUST00687,2,-0.8159,-0.8174,2025-03-21,"Customer expressed disappointment over long wait time for callback, agent apologized and promised resolution, and customer agreed to give the company one more chance.",complaint,"Long wait times for callbacks, customer dissatisfaction with service, and a desire for resolution and improvement to prevent loss of business.",2,0,0,0
CUST00706,2,0.1602,0.0156,2024-08-27,"Customer inquired about an unfamiliar charge on their bill, agent reviewed account history and issued correction with a credit. No further issues discussed.",complaint,"Two main recurring concerns or themes across all insurance calls for this customer are:

1. **Delays in claim processing**: The customer expressed frustration with the time taken to review a life insurance claim, indicating a concern about the efficiency of the claims process.
2. **Billing errors and discrepancies**: The customer reported an unfamiliar charge on their bill, which was resolved by the agent, highlighting a need for accurate billing and prompt issue resolution.",1,0,0,1
CUST00711,1,0.5234,0.5234,2022-05-06,"Customer called to inquire about the status of a life insurance claim, currently under review and expected to be resolved within 5-7 business days, but had taken longer than expected. Agent escalated the issue and assured the customer of resolution. No other assistance requested.",claim_inquiry,Provided data do not match the instruction context,0,0,0,1
CUST00716,1,0.5938,0.5938,2023-09-08,Customer requested a 20% increase in auto insurance coverage. Agent calculated the new premium and provided an updated quote. No further assistance required.,upsell_interest,No recurring concerns or themes can be identified from a single call. Provided data do not match the instruction context.,0,0,1,0
CUST00717,1,0.6328,0.6328,2024-07-11,"Customer inquired about loyalty and bundling discounts, qualified, and agent applied it to their account. No further assistance required.",upsell_interest,Provided data do not match the instruction context,0,0,1,0
CUST00743,1,0.7344,0.7344,2025-11-08,"Customer inquired about renter policy renewal date and potential premium increase. Agent provided the information and offered assistance with other matters, which the customer declined.",renewal_inquiry,Provided data do not match the instruction context,0,0,0,0
CUST00759,1,-0.8193,-0.8193,2026-07-01,"Customer expressed disappointment over long wait time for callback, agent apologized and promised resolution, and customer agreed to give the company one more chance.",complaint,"Customer dissatisfaction with wait times, specifically long wait times for callbacks, and the need for timely resolution to prevent loss of customer trust.",1,0,0,0
CUST00764,1,0.0,0.0,2024-01-25,"Customer inquired about an unfamiliar charge on their bill, agent reviewed account history and issued correction with a credit. No further issues discussed.",complaint,Provided data do not match the instruction context,1,0,0,0
CUST00766,2,-0.1011,-0.8193,2026-04-25,"Customer expressed disappointment over long wait time for callback, agent apologized and promised resolution, and customer agreed to give the company one more chance.",complaint,"Customer concerns revolve around:

1. Long wait times for callbacks, leading to disappointment and frustration.
2. Desire for loyalty and bundling discounts, indicating a need for cost savings and recognition of customer loyalty.",1,0,1,0
CUST00767,2,-0.8199,-0.8223,2024-05-09,"Customer complained about long wait time for callback, apologized for the inconvenience, and promised to resolve the issue. Customer expressed disappointment but agreed to give the company another chance. No other issues discussed.",complaint,"Long wait time for callback, inconvenience caused, and customer's disappointment with the service.",2,0,0,0
CUST00744,1,0.8359,0.8359,2024-07-17,Customer requested to update beneficiary information on life insurance policy due to recent marriage. Agent assisted in making the change and congratulated the customer. No further assistance was required.,general_query,Provided data do not match the instruction context,0,0,0,0
CUST00757,1,0.3516,0.3516,2023-05-01,"Customer called to inquire about the status of a health policy claim, currently under review and expected to be resolved within 5-7 business days, but had taken longer than expected. Agent escalated the issue and assured the customer of resolution. No other assistance requested.",claim_inquiry,Provided data do not match the instruction context,0,0,0,1
CUST00781,1,0.6797,0.6797,2026-02-25,"Customer requested to update their address to Miami, FL, which may affect their premium. Agent confirmed the update and informed the customer. No further assistance was required.",general_query,Provided data do not match the instruction context,0,0,0,0
CUST00791,1,-0.8174,-0.8174,2023-07-29,"Customer expressed disappointment over long wait time for callback, agent apologized and promised resolution, and customer agreed to give the company one more chance.",complaint,"Long wait times, need for timely resolution, and desire for improved customer service.",1,0,0,0
CUST00798,1,0.7656,0.7656,2025-04-07,"Customer asked about insurance coverage, agent explained the details. No further assistance required.",general_query,Provided data do not match the instruction context,0,0,0,0
CUST00802,1,0.8359,0.8359,2022-12-20,Customer requested to update beneficiary information on life insurance policy due to recent marriage. Agent assisted in making the change and congratulated the customer. No further assistance was required.,general_query,Provided data do not match the instruction context,0,0,0,0
CUST00806,2,0.6485,0.5156,2025-05-29,"Customer called to inquire about the status of a health policy claim, currently under review and expected to be resolved within 5-7 business days, but had taken longer than expected. Agent escalated the issue and assured the customer of resolution. No other assistance requested.",claim_inquiry,"Claim status and resolution timeframe, specifically delays in the review process. 
Insurance coverage details and explanation.",0,0,0,1
CUST00807,2,0.6172,0.4531,2024-05-24,"Customer called to inquire about the status of a life insurance claim, which is currently under review and expected to be resolved within 5-7 business days. Customer expressed frustration due to the delay and the issue was escalated. No other assistance was required.",claim_inquiry,"Policy renewal and premium increase, claim status and resolution delays, and frustration with the claims process.",0,0,0,1
CUST00849,3,0.6016,0.4531,2026-03-07,"Customer requested to update their address to one in Atlanta, GA. The agent confirmed the new address and informed the customer of potential premium changes. No further assistance was required.",general_query,"Policy updates, payment issues, and address changes are the main recurring concerns, specifically: 
1. Coverage and premium adjustments, 
2. Payment method updates, 
3. Address updates and related premium changes.",0,0,1,0
CUST00870,1,-0.0039,-0.0039,2025-06-06,Customer requested a quote for a comprehensive Life insurance policy and was provided with a competitive rate by the agent. No further assistance was required.,upsell_interest,Provided data do not match the instruction context,0,0,1,0
CUST00886,2,-0.8169,-0.8193,2026-01-24,"Customer complained about long wait time for callback, apologized for the inconvenience, and promised to resolve the issue. Customer expressed disappointment but agreed to give the company another chance. No other issues discussed.",complaint,"Long wait time for callback, inconvenience caused, and customer's disappointment with the service.",2,0,0,0
CUST00914,2,0.4531,0.0781,2026-01-12,Customer requested a quote for a new auto comprehensive insurance policy. Agent provided a competitive rate and no other assistance was required.,upsell_interest,Provided data do not match the instruction context.,0,0,1,0
CUST00925,1,0.7813,0.7813,2021-02-09,"Customer asked about insurance coverage, agent explained the details. No further assistance required.",general_query,Only one concern was mentioned: insurance coverage. Provided data do not match the instruction context to identify 2-3 main recurring concerns or themes.,0,0,0,0
CUST00938,1,0.7578,0.7578,2024-10-27,"Customer asked about insurance coverage, agent explained the details. No further assistance required.",general_query,Provided data do not match the instruction context,0,0,0,0
CUST00948,2,0.7617,0.75,2026-05-21,"Customer asked about insurance coverage, agent explained the details. No further assistance required.",general_query,Provided data do not match the instruction context,0,0,0,0
CUST00953,1,0.8438,0.8438,2025-12-17,Customer requested to update beneficiary information on life insurance policy due to recent marriage. Agent assisted in making the change and congratulated the customer. No further assistance was required.,general_query,Provided data do not match the instruction context,0,0,0,0
CUST00978,2,0.1426,-0.0898,2025-12-13,Customer requested a quote for a comprehensive Life insurance policy and was provided with a competitive rate by the agent. No further assistance was required.,upsell_interest,"Two main recurring concerns or themes across all insurance calls for this customer are:

1. Policy inquiries: The customer has inquired about a new policy (comprehensive Life insurance) and its details.
2. Claim status and resolution: The customer has also called to check on the status of an ongoing claim, expressing concern about the delay in its resolution.",0,0,1,1
CUST00995,1,0.4453,0.4453,2025-03-23,"Customer requested to cancel Home policy due to finding a better rate elsewhere, and declined the agent's offer to retain business. No other assistance was required.",cancellation_risk,Provided data do not match the instruction context,0,1,0,0
CUST00010,2,0.6875,0.6016,2025-01-23,"Customer asked about insurance coverage, agent explained the details. No further assistance required.",general_query,"Insurance coverage details and premium updates are the main recurring concerns, specifically: 
1. Understanding insurance coverage 
2. Requesting changes to coverage limits 
3. Obtaining updated premium quotes.",0,0,1,0
CUST00012,2,0.2618,0.0469,2025-07-05,"Customer called to inquire about the status of a home insurance claim, currently under review and expected to be resolved within 5-7 business days, but had taken longer than expected. Agent escalated the issue and assured the customer of resolution. No other assistance requested.",claim_inquiry,"The main recurring concerns or themes across all insurance calls for this customer are:

1. Policy inquiries and quotes: The customer has reached out to inquire about a comprehensive home insurance policy and its associated costs.
2. Claim status and resolution: The customer has experienced delays in the claim resolution process and required assistance to escalate the issue.
3. Timely issue resolution: The customer has expressed concern about the time taken to resolve their insurance-related issues, including claims and quotes.",0,0,0,1
CUST00021,1,0.0156,0.0156,2024-04-29,Customer requested a quote for a comprehensive home insurance policy and was provided with a competitive rate by the agent. No further assistance was required.,general_query,Provided data do not match the instruction context,0,0,0,0
CUST00041,2,0.2031,0.0078,2024-09-27,"Customer inquired about an unfamiliar charge on their bill, agent reviewed account history and issued correction with a credit. No further issues discussed.",complaint,"The main recurring concerns or themes across all insurance calls for this customer are:

1. **Claim resolution delays**: The customer's home insurance claim has taken longer than expected to be resolved, causing frustration and prompting an escalation.
2. **Billing errors**: The customer experienced an unfamiliar charge on their bill, which was corrected by the agent after reviewing the account history.
3. **Need for timely issue resolution**: The customer seeks prompt resolution to their issues, as evidenced by their follow-up on the claim status and billing error.",1,0,0,1
CUST00046,1,0.7422,0.7422,2026-07-17,"Customer inquired about home policy renewal date and potential premium increase. Agent provided the information and offered assistance with other matters, which the customer declined.",renewal_inquiry,"Premium increase, policy renewal date, and potential need for additional assistance.",0,0,0,0
CUST00058,1,0.6719,0.6719,2025-01-06,"Customer requested to update their address to Pittsburgh, PA. Agent confirmed and informed them of potential premium change. No further assistance required.",general_query,Provided data do not match the instruction context,0,0,0,0
CUST00063,2,-0.0098,-0.0156,2026-06-12,"Customer inquired about an unfamiliar charge on their bill, agent reviewed account history and issued correction with a credit. No further issues discussed.",complaint,"Unfamiliar charges on the bill, specifically incorrect charges that require correction and credit.",2,0,0,0
CUST00065,2,0.5195,0.2031,2024-02-13,Customer requested to update beneficiary information on life insurance policy due to recent marriage. Agent assisted in making the change and congratulated the customer. No further assistance was required.,general_query,Provided data do not match the instruction context,0,1,0,0
CUST00071,1,0.0234,0.0234,2024-05-13,"Customer inquired about an unfamiliar charge on their bill, agent reviewed account history and issued correction with a credit. No further issues discussed.",complaint,Provided data do not match the instruction context,1,0,0,0
CUST00103,2,0.7031,0.6641,2022-05-03,"Customer inquired about renter policy renewal date and potential premium increase. Agent provided the information and offered assistance with other matters, which the customer declined.",renewal_inquiry,"Customer concerns revolve around policy updates and premium changes, specifically: 

1. Address updates and their impact on premiums.
2. Policy renewal dates and associated premium increases.",0,0,0,0
CUST00108,1,0.5625,0.5625,2025-06-02,Customer requested a 20% increase in Home insurance coverage. Agent calculated the new premium and provided an updated quote. No further assistance required.,upsell_interest,Provided data do not match the instruction context,0,0,1,0
CUST00144,1,0.1406,0.1406,2023-10-21,"Customer requested a quote for a comprehensive Renters insurance policy, and the agent provided a competitive rate. No further assistance was required.",upsell_interest,No recurring concerns or themes are present as this is a single interaction where the customer received a quote and required no further assistance.,0,0,1,0
CUST00151,2,0.2774,-0.0078,2026-08-13,"Customer called to inquire about the status of a home policy claim, currently under review and expected to be resolved within 5-7 business days, but had taken longer than expected. Agent escalated the issue and assured the customer of resolution. No other assistance requested.",claim_inquiry,"Two main recurring concerns across all insurance calls for this customer are:

1. Billing issues: The customer had an unfamiliar charge on their bill that required correction and a credit.
2. Claim resolution delays: The customer's home policy claim was taking longer than expected to be resolved, requiring escalation and assurance of resolution.",1,0,0,1
CUST00160,1,0.8438,0.8438,2026-08-11,Customer requested to update beneficiary information on a life insurance policy due to recent marriage. Agent assisted in making the change and congratulated the customer. No further assistance was required.,general_query,Provided data do not match the instruction context,0,0,0,0
CUST00165,1,-0.0156,-0.0156,2022-11-17,"Customer inquired about an unfamiliar charge on their bill, agent reviewed account history and issued correction with a credit. No further issues discussed.",complaint,"There is only one concern mentioned: an unfamiliar charge on the bill, which was resolved with a credit. Provided data do not match the instruction context to identify 2-3 main recurring concerns or themes.",1,0,0,0
CUST00194,2,0.8086,0.7813,2025-08-24,"Customer asked about insurance coverage, agent explained the details. No further assistance required.",general_query,Provided data do not match the instruction context,0,0,0,0
CUST00217,2,0.7227,0.6172,2026-05-27,"Customer requested to update their address to Cleveland, OH, and were informed of potential premium changes. No other assistance was required.",general_query,Provided data do not match the instruction context,0,0,0,0
CUST00225,2,-0.4229,-0.8145,2024-04-17,"Customer complained about long wait time for callback, apologized for the inconvenience, and promised to resolve the issue. Customer expressed disappointment but agreed to give the company another chance. No other issues discussed.",complaint,Provided data do not match the instruction context.,2,0,0,0
CUST00259,1,0.1875,0.1875,2026-02-14,"Customer requested to cancel their Auto policy due to finding a better rate elsewhere, and declined the agent's offer to retain their business. No other assistance was required.",cancellation_risk,Provided data do not match the instruction context,0,1,0,0
CUST00261,1,0.4688,0.4688,2025-04-24,"Customer called to inquire about the status of an auto insurance claim under review, which was estimated to take 5-7 business days to resolve. The customer expressed concern as it had been two weeks, and the agent escalated the issue. No other assistance was requested.",claim_inquiry,Provided data do not match the instruction context,0,0,0,1
CUST00281,1,0.8281,0.8281,2020-02-14,Customer requested to update beneficiary information on life insurance policy due to recent marriage. Agent assisted in making the change and congratulated the customer. No further assistance was required.,general_query,Provided data do not match the instruction context,0,0,0,0
CUST00383,1,0.1016,0.1016,2025-07-10,"Customer requested to cancel their Life policy due to finding a better rate elsewhere, and declined the agent's offer to retain their business. No other assistance was required.",cancellation_risk,"Price competitiveness, policy retention, and customer loyalty are not the main concerns as the customer has already made up their mind to cancel. The main recurring concern in this call is the customer finding a better rate elsewhere.",0,1,0,0
CUST00393,3,0.0921,-0.8174,2025-11-09,"Customer asked about insurance coverage, agent explained the details. No further assistance required.",general_query,"None of the provided data inputs indicate recurring concerns or themes across all insurance calls for this customer, as each call appears to be a standalone issue.",1,1,0,0
CUST00411,1,0.7813,0.7813,2026-05-06,"Customer asked about insurance coverage, agent explained the details. No further assistance required.",general_query,Provided data do not match the instruction context,0,0,0,0
CUST00415,1,0.7813,0.7813,2022-06-27,"Customer asked about insurance coverage, agent explained the details. No further assistance required.",general_query,Provided data do not match the instruction context,0,0,0,0
CUST00422,1,0.6484,0.6484,2024-03-08,"Customer called to inquire about the status of a claim for an Auto policy, which is currently under review and expected to be resolved within 5-7 business days. Customer expressed frustration due to the delay and the issue was escalated. No other assistance was requested.",claim_inquiry,"Claim status and delay concerns, specifically with Auto policy claims, and frustration with the time it takes to resolve issues.",0,0,0,1
CUST00430,1,-0.8096,-0.8096,2025-03-28,"Customer complained about long wait time for callback, apologized for the inconvenience, and promised to resolve the issue. Customer expressed disappointment but agreed to give the company another chance. No other issues discussed.",complaint,"Long wait time for callback, inconvenience, and disappointment with the service experience.",1,0,0,0
CUST00439,2,0.0019,-0.0117,2026-07-06,"Customer inquired about an unfamiliar charge on their bill, agent reviewed account history and issued correction with a credit. No further issues discussed.",complaint,"Unfamiliar charges on the bill, need for account history review, and subsequent corrections with credits.",2,0,0,0
CUST00454,1,0.7734,0.7734,2025-06-18,"Customer asked about insurance coverage, agent explained the details. No further assistance required.",general_query,Provided data do not match the instruction context,0,0,0,0
CUST00474,2,0.4883,0.2891,2024-05-06,"Customer called to inquire about the status of a claim under review for a Renters policy, which is taking longer than expected. Agent assured to escalate the issue and there were no other requests from the customer.",claim_inquiry,"Two main recurring concerns or themes across all insurance calls for this customer are:

1. Policy updates and changes (e.g., address update and potential premium change).
2. Claim status and resolution (e.g., delay in claim review and need for escalation).",0,0,0,1
CUST00480,1,0.4922,0.4922,2024-04-30,"Customer requested to increase Life policy coverage by 20%, agent calculated new premium and provided updated quote. No further assistance required.",upsell_interest,Provided data do not match the instruction context,0,0,1,0
CUST00487,1,0.8359,0.8359,2024-11-21,Customer requested to update beneficiary information on a life insurance policy due to recent marriage. Agent assisted in making the change and congratulated the customer. No further assistance was required.,general_query,Provided data do not match the instruction context,0,0,0,0
CUST00506,2,0.42,-0.0039,2022-06-27,"Customer inquired about an unfamiliar charge on their bill, agent reviewed account history and issued correction with a credit. No further issues discussed.",complaint,"Based on the provided data, there are no recurring concerns or themes across all insurance calls for this customer, as there are only two calls with distinct issues.",1,0,0,0
CUST00513,2,0.2539,0.0781,2023-12-28,"Customer inquired about an unfamiliar charge on their bill, agent reviewed account history and issued correction with a credit. No further issues discussed.",complaint,"Billing errors and corrections, claim status and resolution delays, and customer frustration with the claims process.",1,0,0,1
CUST00515,1,0.7031,0.7031,2025-06-20,"Customer requested to update their address to Raleigh, NC, which may affect their premium. No other assistance was required.",general_query,Provided data do not match the instruction context,0,0,0,0
CUST00518,2,0.4961,0.4766,2024-02-07,Customer requested a 20% increase in Home insurance coverage. Agent calculated the new premium and provided an updated quote. No further assistance required.,upsell_interest,"The main recurring concerns or themes across all insurance calls for this customer are:

1. Policy adjustments and updates (request for increased coverage)
2. Claim status and resolution (delay in claim processing)
3. Frustration with service timelines (escalation required due to delay)",0,0,1,1
CUST00531,1,0.7578,0.7578,2022-07-10,"Customer asked about insurance coverage, agent explained the details. No further assistance required.",general_query,Provided data do not match the instruction context,0,0,0,0
CUST00561,2,0.0332,-0.0039,2023-05-25,Customer requested a quote for a comprehensive Health policy and was provided with a competitive rate by the agent. No further assistance was required.,general_query,Provided data do not match the instruction context,0,1,0,0
CUST00563,2,0.1563,0.0781,2026-03-12,"Customer inquired about an unfamiliar charge on their bill, agent reviewed account history and issued correction with a credit. No further issues discussed.",complaint,"Unfamiliar or unexpected charges, seeking better rates elsewhere, and policy cancellation.",1,1,0,0
CUST00569,1,0.3906,0.3906,2025-04-20,"Customer requested to cancel Home policy due to finding a better rate elsewhere, and declined the agent's offer to retain business. No other assistance was required.",cancellation_risk,Provided data do not match the instruction context,0,1,0,0
CUST00570,1,0.7734,0.7734,2026-02-06,Customer's last premium payment failed due to an expired card. The agent helped the customer update the payment method during the call. No further assistance was required.,general_query,Provided data do not match the instruction context,0,0,0,0
CUST00583,1,0.1875,0.1875,2021-11-21,"Customer requested to cancel Home policy due to finding a better rate elsewhere, and declined the agent's offer to retain business. No other assistance was required.",cancellation_risk,Provided data do not match the instruction context,0,1,0,0
CUST00594,1,0.5625,0.5625,2026-04-17,Customer requested a 20% increase in Home insurance coverage. Agent calculated the new premium and provided an updated quote. No further assistance required.,upsell_interest,Provided data do not match the instruction context,0,0,1,0
CUST00595,1,0.0,0.0,2024-04-24,"Customer inquired about an unfamiliar charge on their bill, agent reviewed account history and issued correction with a credit. No further issues discussed.",complaint,Provided data do not match the instruction context,1,0,0,0
CUST00603,1,-0.0117,-0.0117,2025-02-11,"Customer inquired about an unfamiliar charge on their bill, agent reviewed account history and issued correction with a credit. No further issues discussed.",complaint,Provided data do not match the instruction context,1,0,0,0
CUST00607,3,0.6693,0.4844,2026-02-10,"Customer asked about insurance coverage, agent explained the details. No further assistance required.",general_query,"Policy details and coverage, premium increases and quotes, and changes to existing policies (e.g. renewal dates, coverage amounts) are the main recurring concerns or themes across all insurance calls for this customer.",0,0,1,0
CUST00575,2,-0.1729,-0.8223,2023-08-17,Customer requested a 20% increase in Home insurance coverage. Agent calculated the new premium and provided an updated quote. No further assistance required.,upsell_interest,"None of the provided data inputs indicate recurring concerns or themes across all insurance calls for this customer, as there are only two separate instances with distinct issues.",1,0,1,0
CUST00647,3,0.6667,0.5078,2026-01-09,Customer requested to update beneficiary information on a life insurance policy due to recent marriage. Agent assisted in making the change and congratulated the customer. No further assistance was required.,general_query,"The main recurring concerns or themes across all insurance calls for this customer are:

1. Policy updates and changes (e.g., updating beneficiary information due to marriage)
2. Coverage adjustments and premium quotes (e.g., increasing auto insurance coverage)
3. Discount eligibility and application (e.g., loyalty and bundling discounts)",0,0,2,0
CUST00651,2,0.4415,0.0391,2025-08-25,Customer requested to update beneficiary information on life insurance policy due to recent marriage. Agent assisted in making the change and congratulated the customer. No further assistance was required.,general_query,Provided data do not match the instruction context,0,1,0,0
CUST00654,1,0.5938,0.5938,2023-08-01,"Customer called to inquire about the status of a claim for an Auto policy, which is currently under review and expected to be resolved within 5-7 business days. Customer expressed frustration due to the delay and the issue was escalated. No other assistance was required.",claim_inquiry,Provided data do not match the instruction context,0,0,0,1
CUST00658,1,0.0078,0.0078,2026-01-04,"Customer noticed an unfamiliar charge on their bill, agent reviewed account history and issued correction with a credit. No further issues discussed.",complaint,Provided data do not match the instruction context,1,0,0,0
CUST00665,1,0.1016,0.1016,2026-07-31,Customer requested a quote for a comprehensive Health policy and was provided with a competitive rate by the agent. No further assistance was required.,upsell_interest,Provided data do not match the instruction context,0,0,1,0
CUST00675,2,0.6485,0.4922,2022-08-10,"Customer requested to increase Life policy coverage by 20%, agent calculated new premium and provided updated quote.",upsell_interest,"Life policy coverage and premium adjustments, policy renewal and potential premium increases.",0,0,1,0
CUST00727,1,0.8438,0.8438,2023-01-24,Customer requested to update beneficiary information on a life insurance policy due to recent marriage. Agent assisted in making the change and congratulated the customer. No further assistance was required.,general_query,Provided data do not match the instruction context,0,0,0,0
CUST00728,1,0.7266,0.7266,2025-03-22,"Customer requested to update their address to Rochester, NY, which may affect their premium. No other assistance was required.",general_query,Provided data do not match the instruction context,0,0,0,0
CUST00754,2,0.7539,0.6719,2026-02-02,"Customer inquired about loyalty and bundling discounts, qualified, and agent applied it to their account. No further assistance required.",upsell_interest,Provided data do not match the instruction context,0,0,1,0
CUST00760,1,0.6641,0.6641,2022-02-21,"Customer inquired about loyalty and bundling discounts, qualified, and agent applied it to their account. No further assistance required.",upsell_interest,Provided data do not match the instruction context,0,0,1,0
CUST00789,1,0.6719,0.6719,2024-11-01,"Customer inquired about loyalty and bundling discounts, qualified, and agent applied it to their account. No further assistance required.",upsell_interest,Provided data do not match the instruction context,0,0,1,0
CUST00792,1,0.4609,0.4609,2025-06-23,"Customer called to inquire about the status of a claim for an Auto policy, which is currently under review and expected to be resolved within 5-7 business days. Customer expressed frustration due to the delay and the issue was escalated. No other assistance was required.",claim_inquiry,"Claim status and delay concerns, specifically with Auto policy claims taking longer than expected to be resolved, leading to customer frustration.",0,0,0,1
CUST00795,1,-0.8174,-0.8174,2021-10-10,"Customer expressed disappointment over long wait time for callback, agent apologized and promised resolution, and customer agreed to give the company one more chance.",complaint,"Customer dissatisfaction with wait times, desire for timely resolution, and need for improved customer service to regain trust.",1,0,0,0
CUST00809,1,0.1328,0.1328,2026-06-27,Customer requested a quote for a comprehensive Renters insurance policy and was provided with a competitive rate by the agent. No further assistance was required.,upsell_interest,Provided data do not match the instruction context,0,0,1,0
CUST00812,1,0.3516,0.3516,2024-01-02,"Customer called to inquire about the status of a life insurance claim under review, which is taking longer than expected. Agent assured to escalate the issue and appreciated the customer's patience. No further assistance was required.",claim_inquiry,Provided data do not match the instruction context,0,0,0,1
CUST00813,1,0.1016,0.1016,2026-05-10,"Customer noticed an unfamiliar charge on their bill, agent reviewed account history and issued correction with a credit. No further issues discussed.",complaint,Provided data do not match the instruction context,1,0,0,0
CUST00814,1,0.7891,0.7891,2026-01-15,"Customer asked about insurance coverage, agent explained the details. No further assistance required.",general_query,Provided data do not match the instruction context,0,0,0,0
CUST00820,1,0.4688,0.4688,2023-11-20,"Customer called to inquire about the status of an auto insurance claim under review, which was estimated to take 5-7 business days to resolve. The customer expressed concern as it had been two weeks, and the agent escalated the issue. No other assistance was requested.",claim_inquiry,Provided data do not match the instruction context,0,0,0,1
CUST00822,2,-0.1753,-0.8193,2025-05-10,"Customer requested to cancel their Auto policy due to finding a better rate elsewhere, and declined the agent's offer to retain their business. No other assistance was required.",cancellation_risk,"1. Dissatisfaction with pricing: The customer found a better rate elsewhere, leading to a policy cancellation.
2. Long wait times: The customer experienced a lengthy wait for a callback, causing frustration.
3. Retention and service issues: The customer required persuasion to continue their service, indicating concerns about the company's ability to meet their needs.",1,1,0,0
CUST00846,1,0.6484,0.6484,2026-07-07,"Customer called to inquire about the status of a home insurance claim, which is currently under review and expected to be resolved within 5-7 business days. Customer expressed frustration due to the delay and the issue was escalated. No other assistance was required.",claim_inquiry,Provided data do not match the instruction context,0,0,0,1
CUST00865,1,0.0469,0.0469,2021-02-23,Customer requested a quote for a comprehensive Life insurance policy and was provided with a competitive rate by the agent. No further assistance was required.,upsell_interest,Provided data do not match the instruction context,0,0,1,0
CUST00872,2,0.2774,0.0156,2025-06-27,"Customer called to inquire about the status of a claim for an Auto policy, which is currently under review and expected to be resolved within 5-7 business days. Customer expressed frustration due to the delay and the issue was escalated. No other assistance was required.",claim_inquiry,"Billing discrepancies and unexpected charges, claim processing delays, and frustration with the resolution timeline.",1,0,0,1
CUST00874,1,0.6484,0.6484,2020-10-31,"Customer inquired about loyalty and bundling discounts, agent confirmed eligibility and applied it to the account. No further assistance required.",upsell_interest,Provided data do not match the instruction context,0,0,1,0
CUST00882,1,0.7266,0.7266,2023-08-22,"Customer inquired about Life policy renewal date and potential premium increase. Agent provided the information and offered assistance with other matters, which the customer declined.",renewal_inquiry,Provided data do not match the instruction context,0,0,0,0
CUST00892,3,0.3281,0.1875,2021-11-29,Customer requested a 20% increase in auto insurance coverage. Agent calculated the new premium and provided an updated quote. No further assistance required.,upsell_interest,"The main recurring concerns or themes across all insurance calls for this customer are:

1. Requesting quotes for new auto comprehensive insurance policies.
2. Seeking competitive rates for auto insurance coverage.
3. Increasing existing auto insurance coverage limits.",0,0,3,0
CUST00894,1,0.8359,0.8359,2021-11-25,Customer requested to update beneficiary information on life insurance policy due to recent marriage. Agent assisted in making the change and congratulated the customer. No further assistance was required.,general_query,Provided data do not match the instruction context,0,0,0,0
CUST00911,1,0.75,0.75,2023-02-14,Customer's last premium payment failed due to an expired card. The agent helped the customer update the payment method during the call. No further assistance was required.,general_query,Provided data do not match the instruction context,0,0,0,0
CUST00912,1,0.7734,0.7734,2023-12-20,"Customer asked about insurance coverage, agent explained the details. No further assistance required.",general_query,Only one concern was mentioned: insurance coverage. Provided data do not match the instruction context to identify 2-3 main recurring concerns or themes.,0,0,0,0
CUST00920,1,0.7656,0.7656,2023-09-25,Customer's last premium payment failed due to an expired card. The agent helped the customer update the payment method during the call. No further assistance was required.,general_query,Provided data do not match the instruction context,0,0,0,0
CUST00924,1,0.4922,0.4922,2023-01-21,"Customer requested to increase Life policy coverage by 20%, agent calculated new premium and provided updated quote.",upsell_interest,No recurring concerns or themes can be identified from a single call.,0,0,1,0
CUST00893,1,0.7344,0.7344,2026-06-22,Customer's last premium payment failed due to an expired card. The agent helped the customer update the payment method during the call. No further assistance was required.,general_query,Provided data do not match the instruction context,0,0,0,0
CUST00930,1,0.6797,0.6797,2026-08-05,"Customer inquired about loyalty and bundling discounts, qualified, and agent applied it to their account. No further assistance required.",upsell_interest,Provided data do not match the instruction context,0,0,1,0
CUST00961,1,0.0078,0.0078,2024-03-19,Customer requested a quote for a comprehensive home insurance policy and was provided with a competitive rate by the agent. No further assistance was required.,general_query,"No recurring concerns or themes are present as there is only one interaction with the customer, which was a straightforward quote request for a comprehensive home insurance policy.",0,0,0,0
CUST00983,1,0.6719,0.6719,2025-04-10,"Customer inquired about loyalty and bundling discounts, qualified, and agent applied it to their account. No further assistance required.",upsell_interest,Provided data do not match the instruction context,0,0,1,0
CUST00005,1,0.6484,0.6484,2024-09-15,"Customer inquired about loyalty and bundling discounts, qualified, and agent applied it to their account. No further assistance required.",upsell_interest,Provided data do not match the instruction context,0,0,1,0
CUST00025,1,0.0,0.0,2023-07-11,"Customer inquired about an unfamiliar charge on their bill, agent reviewed account history and issued correction with a credit. No further issues discussed.",complaint,Provided data do not match the instruction context,1,0,0,0
CUST00032,2,-0.1221,-0.8223,2026-04-06,"Customer complained about long wait time for callback, apologized for the inconvenience, and promised to resolve the issue. Customer expressed disappointment but agreed to give the company another chance. No other issues discussed.",complaint,"Customer concerns revolve around policy adjustments and service experience. Specifically:

1. Need for policy updates and adjustments (e.g., increasing coverage).
2. Dissatisfaction with wait times and responsiveness.
3. Desire for timely resolution and improved customer service.",1,0,1,0
CUST00055,1,0.7813,0.7813,2023-02-24,"Customer asked about insurance coverage, agent explained the details. No further assistance required.",general_query,Provided data do not match the instruction context,0,0,0,0
CUST00064,1,-0.0117,-0.0117,2020-12-08,"Customer inquired about an unfamiliar charge on their bill, agent reviewed account history and issued correction with a credit. No further issues discussed.",complaint,Provided data do not match the instruction context,1,0,0,0
CUST00074,2,0.6875,0.5781,2025-11-02,Customer requested a 20% increase in auto insurance coverage. Agent calculated the new premium and provided an updated quote. No further assistance required.,upsell_interest,"Based on the provided data, the main recurring concerns or themes across all insurance calls for this customer are:

1. Auto insurance coverage and premium adjustments (request for 20% increase in coverage and inquiry about potential premium increase at renewal).
2. Policy renewal and related details (customer inquired about policy renewal date).
3. Proactive offer of assistance with other insurance matters (agent offered help with other matters, but customer declined).",0,0,1,0
CUST00093,1,0.0156,0.0156,2020-08-12,"Customer noticed an unfamiliar charge on their bill, agent reviewed account history and issued correction with a credit. No further issues discussed.",complaint,Provided data do not match the instruction context,1,0,0,0
CUST00101,1,0.7656,0.7656,2020-04-06,Customer's last premium payment failed due to an expired card. The agent helped the customer update the payment method during the call. No further assistance was required.,general_query,Provided data do not match the instruction context,0,0,0,0
CUST00106,1,0.4922,0.4922,2022-12-01,"Customer called to inquire about the status of a home insurance claim, currently under review and expected to be resolved within 5-7 business days, but had taken longer than expected. Agent escalated the issue and assured the customer of resolution. No other assistance requested.",claim_inquiry,Provided data do not match the instruction context,0,0,0,1
CUST00110,1,0.5078,0.5078,2024-01-15,"Customer requested to increase Health policy coverage by 20%, agent calculated new premium and provided updated quote. No further assistance required.",upsell_interest,Provided data do not match the instruction context,0,0,1,0
CUST00112,1,0.5234,0.5234,2025-05-15,Customer requested a 20% increase in auto insurance coverage. Agent calculated the new premium and provided an updated quote. No further assistance required.,upsell_interest,Provided data do not match the instruction context,0,0,1,0
CUST00120,1,0.7969,0.7969,2025-07-08,"Customer inquired about Life policy renewal date and potential premium increase. Agent provided the information and offered assistance with other matters, which the customer declined.",renewal_inquiry,Provided data do not match the instruction context,0,0,0,0
CUST00150,1,-0.0508,-0.0508,2025-12-24,Customer requested a quote for a comprehensive Life insurance policy and was provided with a competitive rate by the agent. No further assistance was required.,upsell_interest,Provided data do not match the instruction context,0,0,1,0
CUST00153,2,0.6719,0.625,2026-08-01,"Customer inquired about loyalty and bundling discounts, qualified, and agent applied it to their account. No further assistance required.",upsell_interest,"Customer concerns revolve around:

1. Discounts and savings (loyalty and bundling discounts)
2. Policy renewal and premium costs (renewal date and potential premium increase)",0,0,1,0
CUST00158,2,0.5078,0.375,2026-05-16,"Customer requested to update their address to Mesa, AZ, and were informed of potential premium changes. No other assistance was required.",general_query,"The main recurring concerns or themes across all insurance calls for this customer are:

1. Claim resolution delays: The customer's health policy claim has taken longer than expected to be resolved, causing concern and prompting an escalation.
2. Policy updates and changes: The customer has requested an address update, which may impact their premium, indicating a need for assistance with policy administration.
3. Timely issue resolution: The customer is seeking assurance that their issues will be resolved in a timely manner, as evidenced by their inquiry about the claim status and the agent's escalation of the issue.",0,0,0,1
CUST00172,2,0.6016,0.5703,2022-06-05,"Customer inquired about loyalty and bundling discounts, qualified, and agent applied it to their account. No further assistance required.",upsell_interest,Provided data do not match the instruction context,0,0,2,0
CUST00191,1,0.8203,0.8203,2024-11-28,"Customer inquired about renter policy renewal date and potential premium increase. Agent provided the information and offered assistance with other matters, which the customer declined.",renewal_inquiry,Renter policy renewal and potential premium increase.,0,0,0,0
CUST00193,2,0.7461,0.6719,2025-07-04,Customer requested to update beneficiary information on a life insurance policy due to recent marriage. Agent assisted in making the change and congratulated the customer. No further assistance was required.,general_query,"Life changes and updates, policy maintenance, and potential premium adjustments.",0,0,0,0
CUST00219,1,0.5547,0.5547,2023-09-19,"Customer called to inquire about the status of a health policy claim, currently under review and expected to be resolved within 5-7 business days, but had taken longer than expected. Agent escalated the issue and assured the customer of resolution. No other assistance requested.",claim_inquiry,Provided data do not match the instruction context,0,0,0,1
CUST00227,1,0.0859,0.0859,2024-05-25,Customer requested a quote for a comprehensive Renters insurance policy and was provided with a competitive rate by the agent. No further assistance was required.,upsell_interest,Provided data do not match the instruction context,0,0,1,0
CUST00239,1,0.8359,0.8359,2024-07-03,Customer requested to update beneficiary information on a life insurance policy due to recent marriage. Agent assisted in making the change and congratulated the customer. No further assistance was required.,general_query,Provided data do not match the instruction context,0,0,0,0
CUST00240,1,0.8359,0.8359,2021-06-09,Customer requested to update beneficiary information on a life insurance policy due to recent marriage. Agent assisted in making the change and congratulated the customer. No further assistance was required.,general_query,Provided data do not match the instruction context,0,0,0,0
CUST00252,2,0.6328,0.5078,2022-12-08,Customer's last premium payment failed due to an expired card. The agent helped the customer update the payment method during the call. No further assistance was required.,general_query,Policy updates and payment issues.,0,0,1,0
CUST00256,1,0.7031,0.7031,2023-07-18,"Customer requested to update their address to Raleigh, NC, which may affect their premium. No other assistance was required.",general_query,Provided data do not match the instruction context,0,0,0,0
CUST00263,3,0.5339,0.0313,2026-04-06,Customer requested to update beneficiary information on a life insurance policy due to recent marriage. Agent assisted in making the change and congratulated the customer. No further assistance was required.,general_query,"1. Payment issues: Expired card causing failed premium payment.
2. Policy updates: Changing beneficiary information due to life events, such as marriage.
3. Billing discrepancies: Unfamiliar charges on the bill requiring review and correction.",1,0,0,0
CUST00283,1,-0.793,-0.793,2020-11-09,"Customer complained about long wait time for callback, apologized for the inconvenience, and promised to resolve the issue. Customer expressed disappointment but agreed to give the company another chance. No other issues discussed.",complaint,Provided data do not match the instruction context,1,0,0,0
CUST00320,1,0.6172,0.6172,2020-04-17,"Customer requested to increase Life policy coverage by 20%, agent calculated new premium and provided updated quote.",upsell_interest,Provided data do not match the instruction context,0,0,1,0
CUST00321,1,0.7266,0.7266,2022-10-22,Customer's last premium payment failed due to an expired card. The agent helped the customer update the payment method during the call. No further assistance was required.,general_query,Provided data do not match the instruction context,0,0,0,0
CUST00345,1,0.7656,0.7656,2026-06-30,"Customer inquired about renter policy renewal date and potential premium increase. Agent provided the information and offered assistance with other matters, which the customer declined.",renewal_inquiry,Provided data do not match the instruction context,0,0,0,0
CUST00354,1,0.6406,0.6406,2024-08-07,"Customer requested to update their address to Cincinnati, OH, and were informed of potential premium changes. No other assistance was required.",general_query,Provided data do not match the instruction context,0,0,0,0
CUST00357,1,-0.0703,-0.0703,2021-12-08,Customer requested a quote for a comprehensive Life insurance policy and was provided with a competitive rate by the agent. No further assistance was required.,upsell_interest,Provided data do not match the instruction context,0,0,1,0
CUST00370,1,0.7891,0.7891,2025-08-23,Customer's last premium payment failed due to an expired card. The agent helped the customer update the payment method during the call. No further assistance was required.,general_query,Provided data do not match the instruction context,0,0,0,0
CUST00375,1,0.6406,0.6406,2025-09-16,"Customer requested to update their address to Albany, NY, which may affect their premium. No other assistance was required.",general_query,Provided data do not match the instruction context,0,0,0,0
CUST00384,1,-0.8145,-0.8145,2025-06-10,"Customer complained about long wait time for callback, apologized for the inconvenience, and promised to resolve the issue. Customer expressed disappointment but agreed to give the company another chance. No other issues discussed.",complaint,Provided data do not match the instruction context,1,0,0,0
CUST00417,2,0.4649,0.1953,2023-11-22,Customer requested a quote for a comprehensive Health policy and was provided with a competitive rate by the agent. No further assistance was required.,upsell_interest,Provided data do not match the instruction context,0,0,1,0
CUST00440,1,0.7734,0.7734,2025-07-02,"Customer asked about insurance coverage, agent explained the details. No further assistance required.",general_query,Only one concern was mentioned: insurance coverage. Provided data do not match the instruction context to identify 2-3 main recurring concerns or themes.,0,0,0,0
CUST00451,1,0.7734,0.7734,2022-10-29,Customer's last premium payment failed due to an expired card. The agent helped the customer update the payment method during the call. No further assistance was required.,general_query,Provided data do not match the instruction context,0,0,0,0
CUST00473,1,0.6953,0.6953,2024-10-22,"Customer requested to update their address to Dallas, TX. Agent confirmed and informed them of potential premium change. No further assistance required.",general_query,Provided data do not match the instruction context,0,0,0,0
CUST00514,1,0.5234,0.5234,2025-05-10,"Customer requested a 20% increase in health policy coverage, agent calculated the new premium and provided an updated quote. No further assistance required.",upsell_interest,Provided data do not match the instruction context,0,0,1,0
CUST00529,1,0.7578,0.7578,2025-10-12,"Customer inquired about Life policy renewal date and potential premium increase. Agent provided the information and offered assistance with other matters, which the customer declined.",renewal_inquiry,Provided data do not match the instruction context,0,0,0,0
CUST00543,1,0.6484,0.6484,2022-06-24,"Customer updated their address to Raleigh, NC, which may affect their premium.",general_query,"Address changes potentially impacting premiums, with the customer's recent update to Raleigh, NC being a specific example. Provided data do not match the instruction context to identify 2-3 main recurring concerns or themes.",0,0,0,0
CUST00580,1,0.8281,0.8281,2026-05-21,Customer requested to update beneficiary information on life insurance policy due to recent marriage. Agent assisted in making the change and congratulated the customer. No further assistance was required.,general_query,Provided data do not match the instruction context,0,0,0,0
CUST00615,2,-0.3658,-0.8174,2025-07-16,Customer requested a quote for a new auto comprehensive insurance policy. Agent provided a competitive rate and no other assistance was required.,upsell_interest,"Customer satisfaction with insurance quotes and rates is not a concern, but two recurring concerns are: 

1. Long wait times for callbacks, which caused inconvenience and disappointment.
2. The need for the company to resolve issues and follow through on promises to maintain customer trust.",1,0,1,0
CUST00533,1,0.5469,0.5469,2023-01-17,"Customer requested to cancel their Auto policy due to finding a better rate elsewhere, and declined the agent's offer to retain their business. No other assistance was required.",cancellation_risk,Provided data do not match the instruction context,0,1,0,0
CUST00616,1,0.1953,0.1953,2022-10-13,"Customer requested a quote for a comprehensive Renters insurance policy, and the agent provided a competitive rate. No further assistance was required.",upsell_interest,Provided data do not match the instruction context,0,0,1,0
CUST00622,1,0.6172,0.6172,2020-11-24,"Customer inquired about loyalty and bundling discounts, agent confirmed eligibility and applied it to the account. No further assistance required.",upsell_interest,Provided data do not match the instruction context,0,0,1,0
CUST00642,2,0.5664,0.375,2025-11-18,"Customer asked about insurance coverage, agent explained the details. No further assistance required.",general_query,"Two main recurring concerns or themes across all insurance calls for this customer are:

1. Seeking information on insurance coverage and claim status.
2. Frustration with delays in the claims process.",0,0,0,1
CUST00649,1,0.7578,0.7578,2023-09-23,"Customer asked about insurance coverage, agent explained the details. No further assistance required.",general_query,Only one concern was mentioned: insurance coverage. Provided data do not match the instruction context to identify 2-3 main recurring concerns or themes.,0,0,0,0
CUST00677,2,0.8086,0.7734,2026-02-06,Customer requested to update beneficiary information on a life insurance policy due to recent marriage. Agent assisted in making the change and congratulated the customer. No further assistance was required.,general_query,Provided data do not match the instruction context,0,0,0,0
CUST00686,2,0.2149,0.0,2026-08-01,"Customer requested to cancel their Renters policy due to finding a better rate elsewhere, and declined the agent's offer to retain their business. No other assistance was required.",cancellation_risk,"Based on the provided data, there are no recurring concerns or themes across all insurance calls for this customer, as there are only two calls with distinct issues.",1,1,0,0
CUST00704,2,0.3711,0.0859,2025-06-13,Customer requested a quote for a new auto comprehensive insurance policy. Agent provided a competitive rate and no other assistance was required.,upsell_interest,Provided data do not match the instruction context,0,0,2,0
CUST00737,1,0.7344,0.7344,2026-04-28,Customer's last premium payment failed due to an expired card. The agent helped the customer update the payment method during the call. No further assistance was required.,general_query,Provided data do not match the instruction context,0,0,0,0
CUST00740,2,0.7734,0.7734,2026-06-30,"Customer inquired about renter policy renewal date and potential premium increase. Agent provided the information and offered assistance with other matters, which the customer declined.",renewal_inquiry,"Two main recurring concerns or themes across all insurance calls for this customer are:

1. Insurance coverage details: The customer has inquired about the specifics of their insurance coverage.
2. Policy renewal and premium: The customer has asked about the renewal date and potential premium increase of their renter policy.",0,0,0,0
CUST00747,1,0.6875,0.6875,2025-04-14,"Customer requested to update their address to Cleveland, OH, and were informed of potential premium changes. No other assistance was required.",general_query,Provided data do not match the instruction context,0,0,0,0
CUST00751,1,0.8438,0.8438,2026-01-21,Customer requested to update beneficiary information on a life insurance policy due to recent marriage. Agent assisted in making the change and congratulated the customer. No further assistance was required.,general_query,Provided data do not match the instruction context,0,0,0,0
CUST00770,3,0.3542,0.0625,2025-08-27,"Customer inquired about auto insurance policy renewal date and potential premium increase. Agent provided the information and offered assistance with other matters, which the customer declined.",renewal_inquiry,"The main recurring concerns or themes across all insurance calls for this customer are:

1. Auto insurance rates and competitiveness, as the customer has inquired about quotes and rates, and cancelled their policy due to finding a better rate elsewhere.
2. Policy management and maintenance, as the customer has inquired about their policy renewal date and potential premium increase.
3. Shopping around and comparing options, as the customer has actively sought quotes and compared rates across different providers.",0,1,1,0
CUST00682,1,0.7813,0.7813,2023-08-23,Customer inquired about health policy renewal date and potential premium increase. Agent provided the information and promised to send a quote. No further assistance requested.,renewal_inquiry,Provided data do not match the instruction context,0,0,0,0
CUST00683,1,0.3359,0.3359,2025-01-16,"Customer called to inquire about the status of a claim under review for a Renters policy, which is taking longer than expected. Agent assured to escalate the issue and appreciated the customer's patience. No further assistance was required.",claim_inquiry,Provided data do not match the instruction context,0,0,0,1
CUST00714,1,0.7422,0.7422,2026-07-09,Customer's last premium payment failed due to an expired card. The agent helped the customer update the payment method during the call. No further assistance was required.,general_query,Provided data do not match the instruction context,0,0,0,0
CUST00719,2,0.4766,0.1484,2023-10-10,"Customer inquired about auto insurance policy renewal date and potential premium increase. Agent provided the information and offered assistance with other matters, which the customer declined.",renewal_inquiry,"1. Premium rates and affordability: The customer's decision to cancel their policy was driven by finding a better rate elsewhere, and another call inquired about potential premium increases, indicating concerns about the cost of their insurance.
2. Policy details and renewal: The customer sought information about their auto insurance policy renewal date, showing a need for clarity on policy specifics.
3. Comparison shopping: The customer's cancellation due to finding a better rate suggests they are actively comparing insurance options, indicating a desire for competitive pricing and potentially better coverage.",0,1,0,0
CUST00778,1,0.7578,0.7578,2022-05-20,"Customer asked about insurance coverage, agent explained the details. No further assistance required.",general_query,Provided data do not match the instruction context,0,0,0,0
CUST00788,1,0.4141,0.4141,2021-06-11,"Customer called to inquire about the status of a life insurance claim under review, which is taking longer than expected. Agent assured to escalate the issue and appreciated the customer's patience. No further assistance was required.",claim_inquiry,Provided data do not match the instruction context,0,0,0,1
CUST00817,1,0.6484,0.6484,2024-12-03,"Customer requested to update their address to Rochester, NY, which may affect their premium. No other assistance was required.",general_query,Provided data do not match the instruction context,0,0,0,0
CUST00840,2,0.6211,0.6094,2026-03-15,"Customer requested to update their address to one in Los Angeles, CA. The agent confirmed the new address and informed the customer of potential premium changes. No further assistance was required.",general_query,Provided data do not match the instruction context,0,0,1,0
CUST00853,1,0.125,0.125,2020-06-21,"Customer requested to cancel their Renters policy due to finding a better rate elsewhere, and declined the agent's offer to retain their business. No other assistance was required.",cancellation_risk,Provided data do not match the instruction context,0,1,0,0
CUST00903,1,0.5469,0.5469,2025-03-01,"Customer requested to increase Renters policy coverage by 20%, agent calculated new premium and sent updated quote. No further assistance required.",upsell_interest,Provided data do not match the instruction context,0,0,1,0
CUST00909,2,0.4727,0.1016,2025-10-11,"Customer requested to cancel their Health policy due to finding a better rate elsewhere, and declined the agent's offer to retain their business. No other assistance was required.",cancellation_risk,Provided data do not match the instruction context,0,1,0,0
CUST00916,1,0.3359,0.3359,2021-11-06,"Customer requested a quote for a new auto comprehensive insurance policy, and the agent provided a competitive rate. No further assistance was required.",upsell_interest,Provided data do not match the instruction context,0,0,1,0
CUST00934,1,0.0625,0.0625,2023-07-17,Customer requested a quote for a comprehensive home insurance policy and was provided with a competitive rate by the agent. No further assistance was required.,upsell_interest,Provided data do not match the instruction context,0,0,1,0
CUST00936,1,-0.0547,-0.0547,2023-01-19,Customer requested a quote for a comprehensive home insurance policy and was provided with a competitive rate by the agent. No further assistance was required.,general_query,Provided data do not match the instruction context,0,0,0,0
CUST00940,2,0.3633,0.0078,2024-09-07,"Customer inquired about an unfamiliar charge on their bill, agent reviewed account history and issued correction with a credit. No further issues discussed.",complaint,"Based on the provided data, there are no recurring concerns or themes across all insurance calls for this customer, as there are only two calls with distinct issues. However, if a theme were to be identified, it would be related to billing and payment issues.",1,0,0,0
CUST00996,2,0.4727,0.1953,2025-05-23,"Customer inquired about policy renewal date and potential premium increase. Agent provided the information and offered assistance with other matters, which the customer declined.",renewal_inquiry,"Policy renewal and premium increase inquiries, and requests for quotes for comprehensive policies, specifically Health insurance.",0,0,1,0
