INTERACTION_ID,CUSTOMER_ID,INTERACTION_DATE,CHANNEL,AGENT_ID,SUBJECT
INT000001,CUST00001,2024-03-31,Call,AGT031,Coverage Change Request
INT000002,CUST00001,2026-02-12,Call,AGT037,Coverage Change Request
INT000003,CUST00001,2022-12-21,Email,AGT015,Beneficiary Update
INT000004,CUST00001,2022-03-28,Mobile App,AGT031,Cancellation Request
INT000005,CUST00002,2026-08-11,Chat,AGT027,Address Update
INT000006,CUST00003,2025-06-18,Call,AGT035,New Policy Quote
INT000007,CUST00004,2023-01-24,Email,AGT013,Claim Status Check
INT000008,CUST00004,2023-07-10,Call,AGT032,Billing Dispute
INT000009,CUST00004,2025-01-06,Call,AGT020,Complaint - Service Delay
INT000010,CUST00005,2022-03-10,Mobile App,AGT040,Complaint - Service Delay
INT000011,CUST00005,2024-09-15,Call,AGT007,Discount Eligibility
INT000012,CUST00006,2024-06-18,Email,AGT032,Beneficiary Update
INT000013,CUST00006,2022-04-24,Chat,AGT025,Claim Status Check
INT000014,CUST00007,2024-03-30,Call,AGT017,Premium Payment Issue
INT000015,CUST00007,2021-12-20,Call,AGT033,Policy Renewal Inquiry
INT000016,CUST00008,2024-07-06,Call,AGT005,Beneficiary Update
INT000017,CUST00008,2022-06-01,Mobile App,AGT019,Claim Status Check
INT000018,CUST00008,2022-06-14,Email,AGT033,Cancellation Request
INT000019,CUST00009,2020-01-25,Email,AGT005,Cancellation Request
INT000020,CUST00010,2025-01-23,Call,AGT004,General Query
INT000021,CUST00010,2022-10-28,Chat,AGT039,Claim Status Check
INT000022,CUST00010,2023-08-25,Call,AGT014,Coverage Change Request
INT000023,CUST00010,2023-12-02,Email,AGT012,Policy Renewal Inquiry
INT000024,CUST00011,2021-01-26,Email,AGT018,Cancellation Request
INT000025,CUST00012,2023-05-08,Call,AGT005,New Policy Quote
INT000026,CUST00012,2022-07-22,Mobile App,AGT013,Complaint - Service Delay
INT000027,CUST00012,2025-10-21,Email,AGT018,Policy Renewal Inquiry
INT000028,CUST00012,2020-12-29,Chat,AGT013,Billing Dispute
INT000029,CUST00012,2025-07-05,Call,AGT033,Claim Status Check
INT000030,CUST00013,2021-03-31,Call,AGT037,New Policy Quote
INT000031,CUST00014,2023-05-10,Call,AGT023,Claim Status Check
INT000032,CUST00014,2024-01-08,Call,AGT007,Billing Dispute
INT000033,CUST00015,2024-01-11,Chat,AGT021,Address Update
INT000034,CUST00015,2026-01-31,Branch Visit,AGT032,Coverage Change Request
INT000035,CUST00015,2020-05-28,Email,AGT030,Premium Payment Issue
INT000036,CUST00016,2023-06-09,Email,AGT034,Policy Renewal Inquiry
INT000037,CUST00016,2024-05-09,Email,AGT034,Address Update
INT000038,CUST00016,2025-02-22,Mobile App,AGT035,Billing Dispute
INT000039,CUST00017,2021-11-26,Mobile App,AGT013,General Query
INT000040,CUST00017,2020-05-08,Mobile App,AGT030,Policy Renewal Inquiry
INT000041,CUST00018,2026-01-30,Chat,AGT018,Billing Dispute
INT000042,CUST00018,2025-08-30,Call,AGT002,General Query
INT000043,CUST00018,2025-01-03,Call,AGT017,New Policy Quote
INT000044,CUST00019,2025-06-03,Call,AGT040,Policy Renewal Inquiry
INT000045,CUST00019,2024-11-17,Email,AGT031,Coverage Change Request
INT000046,CUST00019,2022-02-28,Call,AGT012,Complaint - Service Delay
INT000047,CUST00020,2021-07-22,Email,AGT030,Premium Payment Issue
INT000048,CUST00020,2025-07-25,Call,AGT015,Cancellation Request
INT000049,CUST00020,2023-08-20,Chat,AGT004,Billing Dispute
INT000050,CUST00021,2024-04-29,Call,AGT003,New Policy Quote
INT000051,CUST00021,2022-12-02,Chat,AGT030,Coverage Change Request
INT000052,CUST00021,2023-09-02,Email,AGT010,Premium Payment Issue
INT000053,CUST00021,2024-02-08,Email,AGT017,Beneficiary Update
INT000054,CUST00022,2024-11-09,Mobile App,AGT014,Beneficiary Update
INT000055,CUST00023,2026-03-20,Call,AGT024,Claim Status Check
INT000056,CUST00023,2026-06-18,Call,AGT023,Beneficiary Update
INT000057,CUST00024,2024-09-19,Call,AGT004,General Query
INT000058,CUST00024,2020-09-10,Email,AGT002,Beneficiary Update
INT000059,CUST00024,2025-02-20,Chat,AGT011,Complaint - Service Delay
INT000060,CUST00025,2023-07-11,Call,AGT006,Billing Dispute
INT000061,CUST00025,2022-09-19,Chat,AGT008,Cancellation Request
INT000062,CUST00026,2020-12-30,Branch Visit,AGT013,Cancellation Request
INT000063,CUST00026,2023-06-25,Email,AGT004,General Query
INT000064,CUST00027,2024-01-17,Call,AGT019,Premium Payment Issue
INT000065,CUST00027,2020-06-21,Email,AGT027,Premium Payment Issue
INT000066,CUST00027,2026-06-13,Email,AGT012,Premium Payment Issue
INT000067,CUST00027,2022-11-29,Call,AGT014,New Policy Quote
INT000068,CUST00027,2022-02-07,Mobile App,AGT035,General Query
INT000069,CUST00028,2023-05-16,Mobile App,AGT024,Address Update
INT000070,CUST00028,2021-09-29,Chat,AGT021,Claim Status Check
INT000071,CUST00028,2023-02-15,Chat,AGT032,New Policy Quote
INT000072,CUST00029,2025-03-31,Call,AGT030,New Policy Quote
INT000073,CUST00030,2021-10-27,Call,AGT033,Address Update
INT000074,CUST00030,2023-09-26,Chat,AGT028,Coverage Change Request
INT000075,CUST00031,2025-02-21,Email,AGT028,New Policy Quote
INT000076,CUST00031,2024-02-29,Branch Visit,AGT014,Claim Status Check
INT000077,CUST00032,2022-09-19,Call,AGT005,Coverage Change Request
INT000078,CUST00032,2026-04-06,Call,AGT034,Complaint - Service Delay
INT000079,CUST00032,2023-03-07,Email,AGT017,Premium Payment Issue
INT000080,CUST00033,2026-06-08,Call,AGT014,New Policy Quote
INT000081,CUST00034,2024-09-20,Branch Visit,AGT030,Billing Dispute
INT000082,CUST00034,2023-08-05,Chat,AGT040,Cancellation Request
INT000083,CUST00035,2026-05-24,Mobile App,AGT009,New Policy Quote
INT000084,CUST00035,2026-08-11,Call,AGT019,Coverage Change Request
INT000085,CUST00035,2026-08-08,Call,AGT013,New Policy Quote
INT000086,CUST00035,2026-07-13,Chat,AGT022,Premium Payment Issue
INT000087,CUST00036,2025-06-30,Email,AGT013,General Query
INT000088,CUST00036,2024-04-04,Mobile App,AGT027,Policy Renewal Inquiry
INT000089,CUST00036,2024-11-06,Mobile App,AGT035,Discount Eligibility
INT000090,CUST00036,2026-05-03,Chat,AGT010,Discount Eligibility
INT000091,CUST00036,2021-02-21,Call,AGT023,Complaint - Service Delay
INT000092,CUST00037,2021-03-07,Email,AGT002,Address Update
INT000093,CUST00037,2020-11-10,Call,AGT003,Coverage Change Request
INT000094,CUST00037,2021-10-26,Branch Visit,AGT012,Claim Status Check
INT000095,CUST00038,2024-12-12,Call,AGT024,Claim Status Check
INT000096,CUST00038,2026-05-30,Call,AGT027,Beneficiary Update
INT000097,CUST00038,2024-05-19,Email,AGT013,Premium Payment Issue
INT000098,CUST00039,2022-02-09,Mobile App,AGT017,Premium Payment Issue
INT000099,CUST00039,2025-08-04,Mobile App,AGT015,General Query
INT000100,CUST00039,2022-06-07,Call,AGT008,Billing Dispute
INT000101,CUST00040,2025-08-30,Call,AGT007,New Policy Quote
INT000102,CUST00040,2024-06-30,Chat,AGT021,Claim Status Check
INT000103,CUST00041,2026-02-04,Email,AGT029,Complaint - Service Delay
INT000104,CUST00041,2020-05-12,Chat,AGT006,General Query
INT000105,CUST00041,2023-12-16,Call,AGT039,Claim Status Check
INT000106,CUST00041,2024-09-27,Call,AGT035,Billing Dispute
INT000107,CUST00042,2026-06-30,Mobile App,AGT026,Coverage Change Request
INT000108,CUST00043,2024-08-24,Branch Visit,AGT040,General Query
INT000109,CUST00043,2022-02-26,Call,AGT025,Discount Eligibility
INT000110,CUST00044,2020-05-23,Call,AGT022,Complaint - Service Delay
INT000111,CUST00044,2025-02-06,Call,AGT016,Premium Payment Issue
INT000112,CUST00044,2026-02-23,Call,AGT007,New Policy Quote
INT000113,CUST00045,2025-07-18,Call,AGT036,Discount Eligibility
INT000114,CUST00045,2026-08-01,Email,AGT011,General Query
INT000115,CUST00046,2022-05-31,Mobile App,AGT022,Cancellation Request
INT000116,CUST00046,2026-07-17,Call,AGT015,Policy Renewal Inquiry
INT000117,CUST00047,2025-12-27,Branch Visit,AGT028,Address Update
INT000118,CUST00047,2020-11-16,Chat,AGT039,Discount Eligibility
INT000119,CUST00047,2025-05-27,Email,AGT036,Cancellation Request
INT000120,CUST00048,2025-03-13,Chat,AGT037,Beneficiary Update
INT000121,CUST00048,2024-03-21,Chat,AGT034,Claim Status Check
INT000122,CUST00049,2021-05-20,Mobile App,AGT037,Billing Dispute
INT000123,CUST00049,2025-02-27,Chat,AGT018,Cancellation Request
INT000124,CUST00049,2022-08-18,Call,AGT006,Beneficiary Update
INT000125,CUST00049,2020-02-05,Chat,AGT003,Premium Payment Issue
INT000126,CUST00049,2024-01-23,Call,AGT022,Claim Status Check
INT000127,CUST00050,2025-10-29,Mobile App,AGT026,Coverage Change Request
INT000128,CUST00050,2025-01-29,Mobile App,AGT014,New Policy Quote
INT000129,CUST00051,2025-04-23,Call,AGT003,Premium Payment Issue
INT000130,CUST00052,2025-09-11,Branch Visit,AGT026,Cancellation Request
INT000131,CUST00052,2025-05-28,Mobile App,AGT028,Address Update
INT000132,CUST00053,2025-10-03,Email,AGT014,Claim Status Check
INT000133,CUST00053,2025-06-15,Call,AGT005,Policy Renewal Inquiry
INT000134,CUST00054,2023-12-23,Chat,AGT006,Billing Dispute
INT000135,CUST00054,2022-11-02,Chat,AGT030,Coverage Change Request
INT000136,CUST00054,2024-07-06,Branch Visit,AGT024,General Query
INT000137,CUST00055,2022-06-10,Chat,AGT002,New Policy Quote
INT000138,CUST00055,2024-10-11,Email,AGT005,General Query
INT000139,CUST00055,2023-02-24,Call,AGT004,General Query
INT000140,CUST00056,2026-06-06,Email,AGT027,Policy Renewal Inquiry
INT000141,CUST00056,2026-02-13,Chat,AGT038,New Policy Quote
INT000142,CUST00056,2025-01-22,Email,AGT039,Coverage Change Request
INT000143,CUST00057,2024-11-02,Mobile App,AGT014,Billing Dispute
INT000144,CUST00057,2024-07-11,Mobile App,AGT007,Billing Dispute
INT000145,CUST00057,2026-02-26,Chat,AGT022,Premium Payment Issue
INT000146,CUST00057,2024-06-21,Chat,AGT023,Discount Eligibility
INT000147,CUST00057,2026-08-13,Mobile App,AGT036,Cancellation Request
INT000148,CUST00058,2025-01-06,Call,AGT040,Address Update
INT000149,CUST00059,2025-10-07,Call,AGT004,General Query
INT000150,CUST00060,2026-07-23,Mobile App,AGT008,New Policy Quote
INT000151,CUST00060,2023-05-21,Call,AGT007,Billing Dispute
INT000152,CUST00060,2020-09-01,Call,AGT036,New Policy Quote
INT000153,CUST00061,2025-09-05,Call,AGT018,Complaint - Service Delay
INT000154,CUST00062,2024-07-02,Chat,AGT015,Cancellation Request
INT000155,CUST00062,2022-01-18,Call,AGT011,Cancellation Request
INT000156,CUST00062,2021-07-09,Call,AGT021,Discount Eligibility
INT000157,CUST00063,2026-06-12,Call,AGT012,Billing Dispute
INT000158,CUST00063,2024-06-17,Call,AGT001,Billing Dispute
INT000159,CUST00064,2020-12-08,Call,AGT030,Billing Dispute
INT000160,CUST00065,2024-02-13,Call,AGT016,Beneficiary Update
INT000161,CUST00065,2024-06-27,Chat,AGT034,General Query
INT000162,CUST00065,2022-01-30,Call,AGT029,Cancellation Request
INT000163,CUST00066,2022-02-05,Call,AGT036,General Query
INT000164,CUST00066,2022-11-09,Email,AGT010,Billing Dispute
INT000165,CUST00067,2026-04-10,Branch Visit,AGT008,Billing Dispute
INT000166,CUST00067,2026-07-19,Mobile App,AGT035,Policy Renewal Inquiry
INT000167,CUST00067,2026-05-05,Chat,AGT001,Premium Payment Issue
INT000168,CUST00068,2025-04-01,Branch Visit,AGT038,Discount Eligibility
INT000169,CUST00069,2024-09-09,Email,AGT023,Claim Status Check
INT000170,CUST00070,2026-06-09,Chat,AGT005,Claim Status Check
INT000171,CUST00070,2026-06-16,Email,AGT014,Coverage Change Request
INT000172,CUST00070,2026-01-15,Call,AGT009,General Query
INT000173,CUST00070,2026-02-22,Branch Visit,AGT016,Complaint - Service Delay
INT000174,CUST00071,2024-05-13,Call,AGT004,Billing Dispute
INT000175,CUST00071,2022-08-23,Mobile App,AGT030,Complaint - Service Delay
INT000176,CUST00071,2026-03-04,Mobile App,AGT030,Premium Payment Issue
INT000177,CUST00072,2020-12-19,Call,AGT032,Premium Payment Issue
INT000178,CUST00072,2021-04-15,Call,AGT021,Coverage Change Request
INT000179,CUST00072,2020-04-11,Call,AGT001,Coverage Change Request
INT000180,CUST00073,2024-04-16,Call,AGT037,Cancellation Request
INT000181,CUST00073,2022-10-26,Call,AGT005,Coverage Change Request
INT000182,CUST00073,2022-08-24,Mobile App,AGT005,Claim Status Check
INT000183,CUST00073,2024-08-25,Email,AGT033,Coverage Change Request
INT000184,CUST00074,2026-02-07,Mobile App,AGT020,Premium Payment Issue
INT000185,CUST00074,2025-11-02,Call,AGT028,Coverage Change Request
INT000186,CUST00074,2024-11-05,Call,AGT014,Policy Renewal Inquiry
INT000187,CUST00075,2026-01-08,Branch Visit,AGT014,General Query
INT000188,CUST00075,2026-03-21,Mobile App,AGT037,Claim Status Check
INT000189,CUST00075,2026-04-02,Call,AGT025,General Query
INT000190,CUST00076,2025-12-24,Mobile App,AGT025,Cancellation Request
INT000191,CUST00076,2023-03-01,Email,AGT026,Billing Dispute
INT000192,CUST00077,2024-02-05,Mobile App,AGT022,Claim Status Check
INT000193,CUST00077,2024-09-09,Chat,AGT021,Premium Payment Issue
INT000194,CUST00078,2025-05-19,Branch Visit,AGT014,Premium Payment Issue
INT000195,CUST00079,2023-09-25,Chat,AGT033,General Query
INT000196,CUST00079,2023-01-18,Call,AGT039,Complaint - Service Delay
INT000197,CUST00079,2025-03-09,Branch Visit,AGT014,Discount Eligibility
INT000198,CUST00079,2024-04-12,Call,AGT023,Complaint - Service Delay
INT000199,CUST00080,2022-06-25,Email,AGT023,Premium Payment Issue
INT000200,CUST00080,2025-07-25,Call,AGT001,General Query
INT000201,CUST00081,2025-03-19,Call,AGT019,Claim Status Check
INT000202,CUST00081,2026-08-09,Call,AGT005,New Policy Quote
INT000203,CUST00082,2025-09-25,Call,AGT030,Address Update
INT000204,CUST00082,2026-04-09,Call,AGT022,Policy Renewal Inquiry
INT000205,CUST00083,2025-05-24,Call,AGT002,Coverage Change Request
INT000206,CUST00084,2024-06-01,Chat,AGT007,Policy Renewal Inquiry
INT000207,CUST00084,2023-09-14,Chat,AGT025,Beneficiary Update
INT000208,CUST00084,2024-02-16,Chat,AGT027,Billing Dispute
INT000209,CUST00085,2020-10-30,Mobile App,AGT012,Cancellation Request
INT000210,CUST00086,2024-11-16,Call,AGT019,Coverage Change Request
INT000211,CUST00086,2025-03-04,Email,AGT033,General Query
INT000212,CUST00086,2025-05-07,Mobile App,AGT040,Cancellation Request
INT000213,CUST00086,2024-11-09,Email,AGT025,Complaint - Service Delay
INT000214,CUST00086,2026-08-07,Chat,AGT012,Cancellation Request
INT000215,CUST00087,2023-03-08,Email,AGT001,Claim Status Check
INT000216,CUST00087,2023-04-25,Chat,AGT015,Premium Payment Issue
INT000217,CUST00087,2022-07-07,Email,AGT007,Complaint - Service Delay
INT000218,CUST00088,2024-09-04,Chat,AGT031,Claim Status Check
INT000219,CUST00089,2023-04-29,Email,AGT039,Billing Dispute
INT000220,CUST00089,2026-01-21,Chat,AGT023,Claim Status Check
INT000221,CUST00089,2025-02-25,Call,AGT023,Cancellation Request
INT000222,CUST00090,2020-06-19,Mobile App,AGT014,Address Update
INT000223,CUST00090,2023-08-29,Call,AGT010,Cancellation Request
INT000224,CUST00090,2024-09-11,Call,AGT033,Premium Payment Issue
INT000225,CUST00090,2025-08-17,Branch Visit,AGT030,Beneficiary Update
INT000226,CUST00090,2024-07-12,Call,AGT005,Billing Dispute
INT000227,CUST00091,2026-05-05,Branch Visit,AGT025,Cancellation Request
INT000228,CUST00091,2024-02-18,Call,AGT040,Premium Payment Issue
INT000229,CUST00091,2022-02-17,Chat,AGT011,Discount Eligibility
INT000230,CUST00092,2025-12-01,Mobile App,AGT039,Policy Renewal Inquiry
INT000231,CUST00092,2025-08-29,Mobile App,AGT022,Policy Renewal Inquiry
INT000232,CUST00093,2020-08-12,Call,AGT015,Billing Dispute
INT000233,CUST00093,2025-05-30,Chat,AGT005,Claim Status Check
INT000234,CUST00094,2025-08-06,Call,AGT002,General Query
INT000235,CUST00095,2025-12-03,Call,AGT024,General Query
INT000236,CUST00096,2021-02-02,Call,AGT009,Beneficiary Update
INT000237,CUST00096,2020-05-24,Chat,AGT030,Premium Payment Issue
INT000238,CUST00096,2020-07-06,Call,AGT014,Coverage Change Request
INT000239,CUST00097,2024-08-15,Chat,AGT015,Beneficiary Update
INT000240,CUST00097,2025-11-22,Email,AGT023,Claim Status Check
INT000241,CUST00098,2023-09-15,Call,AGT040,Beneficiary Update
INT000242,CUST00099,2022-09-24,Chat,AGT035,General Query
INT000243,CUST00099,2021-10-06,Email,AGT029,Address Update
INT000244,CUST00100,2026-03-25,Email,AGT035,Premium Payment Issue
INT000245,CUST00100,2025-01-08,Call,AGT036,Discount Eligibility
INT000246,CUST00100,2025-05-14,Call,AGT038,Cancellation Request
INT000247,CUST00100,2026-02-22,Branch Visit,AGT022,Claim Status Check
INT000248,CUST00100,2025-09-24,Call,AGT033,Cancellation Request
INT000249,CUST00101,2020-04-06,Call,AGT026,Premium Payment Issue
INT000250,CUST00101,2024-04-14,Branch Visit,AGT034,Claim Status Check
INT000251,CUST00102,2026-03-31,Chat,AGT020,Beneficiary Update
INT000252,CUST00102,2021-05-20,Chat,AGT038,Address Update
INT000253,CUST00103,2021-12-10,Call,AGT038,Address Update
INT000254,CUST00103,2022-05-03,Call,AGT001,Policy Renewal Inquiry
INT000255,CUST00103,2022-08-31,Email,AGT014,Beneficiary Update
INT000256,CUST00104,2026-01-22,Call,AGT038,Discount Eligibility
INT000257,CUST00105,2024-03-18,Branch Visit,AGT029,Beneficiary Update
INT000258,CUST00105,2026-07-03,Email,AGT013,Policy Renewal Inquiry
INT000259,CUST00106,2026-02-05,Mobile App,AGT018,Beneficiary Update
INT000260,CUST00106,2021-08-05,Mobile App,AGT019,Billing Dispute
INT000261,CUST00106,2022-12-01,Call,AGT029,Claim Status Check
INT000262,CUST00107,2026-05-25,Chat,AGT036,General Query
INT000263,CUST00107,2021-08-04,Mobile App,AGT034,Billing Dispute
INT000264,CUST00107,2022-12-16,Mobile App,AGT008,Cancellation Request
INT000265,CUST00107,2024-03-27,Call,AGT038,Coverage Change Request
INT000266,CUST00108,2026-04-08,Mobile App,AGT012,Billing Dispute
INT000267,CUST00108,2025-06-16,Branch Visit,AGT034,New Policy Quote
INT000268,CUST00108,2024-04-27,Mobile App,AGT028,Coverage Change Request
INT000269,CUST00108,2025-06-02,Call,AGT007,Coverage Change Request
INT000270,CUST00108,2026-07-10,Email,AGT021,Complaint - Service Delay
INT000271,CUST00109,2020-06-03,Call,AGT016,Complaint - Service Delay
INT000272,CUST00109,2021-10-12,Email,AGT012,Cancellation Request
INT000273,CUST00109,2023-10-02,Mobile App,AGT039,Billing Dispute
INT000274,CUST00110,2024-01-15,Call,AGT035,Coverage Change Request
INT000275,CUST00111,2024-11-02,Call,AGT015,New Policy Quote
INT000276,CUST00111,2020-10-27,Email,AGT008,Cancellation Request
INT000277,CUST00112,2024-11-11,Branch Visit,AGT027,Address Update
INT000278,CUST00112,2025-05-15,Call,AGT007,Coverage Change Request
INT000279,CUST00113,2023-05-01,Mobile App,AGT007,Policy Renewal Inquiry
INT000280,CUST00114,2025-08-21,Branch Visit,AGT007,New Policy Quote
INT000281,CUST00114,2025-10-12,Email,AGT022,General Query
INT000282,CUST00114,2022-07-21,Call,AGT036,New Policy Quote
INT000283,CUST00114,2022-09-05,Email,AGT004,Claim Status Check
INT000284,CUST00115,2026-02-18,Call,AGT024,Coverage Change Request
INT000285,CUST00115,2026-06-12,Mobile App,AGT038,Cancellation Request
INT000286,CUST00116,2020-03-01,Email,AGT007,Billing Dispute
INT000287,CUST00116,2026-01-12,Mobile App,AGT008,Premium Payment Issue
INT000288,CUST00117,2022-07-22,Call,AGT006,Cancellation Request
INT000289,CUST00117,2024-04-15,Email,AGT026,Policy Renewal Inquiry
INT000290,CUST00117,2021-01-24,Call,AGT026,Address Update
INT000291,CUST00118,2026-03-22,Email,AGT036,Billing Dispute
INT000292,CUST00118,2025-09-30,Mobile App,AGT030,Claim Status Check
INT000293,CUST00118,2022-03-25,Email,AGT035,Coverage Change Request
INT000294,CUST00119,2025-03-30,Chat,AGT003,New Policy Quote
INT000295,CUST00119,2024-01-13,Mobile App,AGT017,Complaint - Service Delay
INT000296,CUST00120,2025-07-08,Call,AGT036,Policy Renewal Inquiry
INT000297,CUST00121,2021-01-21,Email,AGT014,Claim Status Check
INT000298,CUST00122,2024-11-12,Chat,AGT012,Billing Dispute
INT000299,CUST00122,2022-07-09,Chat,AGT020,Discount Eligibility
INT000300,CUST00122,2023-07-16,Call,AGT019,Billing Dispute
INT000301,CUST00123,2026-08-08,Email,AGT019,Premium Payment Issue
INT000302,CUST00123,2026-04-23,Branch Visit,AGT027,Coverage Change Request
INT000303,CUST00124,2026-03-18,Mobile App,AGT002,Policy Renewal Inquiry
INT000304,CUST00124,2025-04-24,Mobile App,AGT029,Cancellation Request
INT000305,CUST00125,2024-08-19,Chat,AGT016,Billing Dispute
INT000306,CUST00125,2024-03-03,Email,AGT017,Claim Status Check
INT000307,CUST00126,2025-03-30,Call,AGT013,General Query
INT000308,CUST00126,2025-01-27,Call,AGT029,Cancellation Request
INT000309,CUST00126,2025-03-14,Mobile App,AGT031,Policy Renewal Inquiry
INT000310,CUST00127,2024-05-07,Mobile App,AGT026,Address Update
INT000311,CUST00127,2024-08-21,Chat,AGT020,Discount Eligibility
INT000312,CUST00128,2020-05-06,Mobile App,AGT039,Address Update
INT000313,CUST00128,2025-12-14,Email,AGT020,Address Update
INT000314,CUST00129,2025-11-14,Mobile App,AGT007,Address Update
INT000315,CUST00129,2025-03-16,Email,AGT039,Premium Payment Issue
INT000316,CUST00129,2024-07-29,Call,AGT017,Billing Dispute
INT000317,CUST00129,2025-01-27,Call,AGT029,Premium Payment Issue
INT000318,CUST00130,2025-03-04,Call,AGT011,Claim Status Check
INT000319,CUST00130,2026-05-26,Branch Visit,AGT027,Coverage Change Request
INT000320,CUST00130,2024-07-11,Chat,AGT010,Policy Renewal Inquiry
INT000321,CUST00130,2026-07-15,Chat,AGT005,Cancellation Request
INT000322,CUST00131,2023-01-21,Chat,AGT038,General Query
INT000323,CUST00132,2026-05-04,Mobile App,AGT011,Coverage Change Request
INT000324,CUST00132,2025-01-30,Call,AGT005,Complaint - Service Delay
INT000325,CUST00132,2026-02-04,Call,AGT028,Address Update
INT000326,CUST00132,2025-09-06,Mobile App,AGT029,Premium Payment Issue
INT000327,CUST00133,2024-01-14,Email,AGT036,Beneficiary Update
INT000328,CUST00134,2022-10-21,Call,AGT004,Billing Dispute
INT000329,CUST00135,2024-02-08,Branch Visit,AGT030,Claim Status Check
INT000330,CUST00135,2021-10-12,Branch Visit,AGT027,New Policy Quote
INT000331,CUST00136,2023-02-13,Call,AGT007,General Query
INT000332,CUST00136,2024-06-06,Email,AGT025,Cancellation Request
INT000333,CUST00137,2021-04-04,Call,AGT006,Claim Status Check
INT000334,CUST00137,2025-07-17,Call,AGT002,Claim Status Check
INT000335,CUST00138,2023-10-14,Chat,AGT034,Beneficiary Update
INT000336,CUST00138,2024-02-13,Call,AGT037,Cancellation Request
INT000337,CUST00139,2023-01-31,Chat,AGT027,Premium Payment Issue
INT000338,CUST00139,2024-10-20,Email,AGT009,New Policy Quote
INT000339,CUST00140,2021-04-26,Call,AGT016,Coverage Change Request
INT000340,CUST00140,2023-11-24,Call,AGT035,Policy Renewal Inquiry
INT000341,CUST00141,2025-05-31,Email,AGT028,General Query
INT000342,CUST00141,2025-12-08,Branch Visit,AGT034,Discount Eligibility
INT000343,CUST00141,2026-02-08,Mobile App,AGT001,Billing Dispute
INT000344,CUST00141,2024-05-28,Call,AGT011,Beneficiary Update
INT000345,CUST00142,2025-05-22,Chat,AGT035,New Policy Quote
INT000346,CUST00142,2026-04-26,Call,AGT008,Discount Eligibility
INT000347,CUST00142,2024-03-07,Chat,AGT016,Coverage Change Request
INT000348,CUST00143,2024-03-20,Email,AGT001,Beneficiary Update
INT000349,CUST00143,2023-01-16,Call,AGT004,Coverage Change Request
INT000350,CUST00143,2025-05-10,Email,AGT023,Address Update
INT000351,CUST00143,2026-03-07,Call,AGT002,Claim Status Check
INT000352,CUST00144,2023-10-21,Call,AGT028,New Policy Quote
INT000353,CUST00144,2021-08-29,Chat,AGT023,Complaint - Service Delay
INT000354,CUST00144,2020-06-01,Email,AGT039,Policy Renewal Inquiry
INT000355,CUST00144,2020-08-18,Chat,AGT010,General Query
INT000356,CUST00145,2026-04-27,Chat,AGT001,Billing Dispute
INT000357,CUST00145,2024-06-05,Email,AGT039,Claim Status Check
INT000358,CUST00145,2026-06-14,Branch Visit,AGT008,Address Update
INT000359,CUST00145,2025-11-06,Branch Visit,AGT027,Billing Dispute
INT000360,CUST00146,2024-04-07,Email,AGT009,Cancellation Request
INT000361,CUST00146,2024-08-25,Chat,AGT006,Cancellation Request
INT000362,CUST00147,2024-12-28,Email,AGT031,Claim Status Check
INT000363,CUST00147,2025-02-17,Email,AGT021,Premium Payment Issue
INT000364,CUST00147,2026-05-25,Chat,AGT020,General Query
INT000365,CUST00148,2021-02-10,Chat,AGT023,Billing Dispute
INT000366,CUST00148,2025-03-07,Chat,AGT035,Address Update
INT000367,CUST00148,2022-12-20,Chat,AGT007,Discount Eligibility
INT000368,CUST00149,2021-11-02,Call,AGT029,Complaint - Service Delay
INT000369,CUST00150,2025-12-24,Call,AGT031,New Policy Quote
INT000370,CUST00151,2024-05-30,Call,AGT011,Billing Dispute
INT000371,CUST00151,2026-08-13,Call,AGT035,Claim Status Check
INT000372,CUST00151,2026-06-24,Email,AGT035,Address Update
INT000373,CUST00151,2024-02-29,Chat,AGT029,Address Update
INT000374,CUST00151,2026-01-05,Mobile App,AGT024,Policy Renewal Inquiry
INT000375,CUST00152,2021-04-07,Mobile App,AGT037,Coverage Change Request
INT000376,CUST00153,2026-08-01,Call,AGT018,Discount Eligibility
INT000377,CUST00153,2026-06-15,Call,AGT011,Policy Renewal Inquiry
INT000378,CUST00154,2026-06-30,Call,AGT035,Billing Dispute
INT000379,CUST00155,2021-12-15,Mobile App,AGT035,General Query
INT000380,CUST00156,2025-11-15,Call,AGT002,Billing Dispute
INT000381,CUST00156,2025-11-16,Email,AGT031,Address Update
INT000382,CUST00156,2025-07-20,Email,AGT023,Complaint - Service Delay
INT000383,CUST00157,2024-08-08,Call,AGT011,Complaint - Service Delay
INT000384,CUST00157,2022-08-10,Mobile App,AGT004,Address Update
INT000385,CUST00157,2020-02-17,Chat,AGT016,Billing Dispute
INT000386,CUST00157,2023-04-30,Call,AGT020,Cancellation Request
INT000387,CUST00158,2024-05-24,Call,AGT012,Claim Status Check
INT000388,CUST00158,2023-03-28,Mobile App,AGT039,New Policy Quote
INT000389,CUST00158,2026-05-16,Call,AGT025,Address Update
INT000390,CUST00159,2026-07-01,Email,AGT013,Policy Renewal Inquiry
INT000391,CUST00159,2024-08-25,Branch Visit,AGT037,Policy Renewal Inquiry
INT000392,CUST00160,2026-08-11,Call,AGT037,Beneficiary Update
INT000393,CUST00160,2026-06-12,Chat,AGT033,Billing Dispute
INT000394,CUST00160,2026-04-18,Email,AGT005,Complaint - Service Delay
INT000395,CUST00161,2025-05-01,Chat,AGT006,Policy Renewal Inquiry
INT000396,CUST00162,2024-07-12,Branch Visit,AGT011,New Policy Quote
INT000397,CUST00163,2020-10-09,Email,AGT004,Discount Eligibility
INT000398,CUST00163,2020-05-17,Chat,AGT010,Address Update
INT000399,CUST00164,2025-12-18,Email,AGT024,Policy Renewal Inquiry
INT000400,CUST00165,2022-11-17,Call,AGT020,Billing Dispute
INT000401,CUST00166,2026-04-23,Email,AGT025,General Query
INT000402,CUST00167,2024-03-13,Mobile App,AGT029,Premium Payment Issue
INT000403,CUST00168,2023-02-07,Email,AGT002,Premium Payment Issue
INT000404,CUST00168,2024-07-31,Call,AGT035,Beneficiary Update
INT000405,CUST00169,2023-03-11,Mobile App,AGT037,Discount Eligibility
INT000406,CUST00170,2021-04-30,Call,AGT008,Discount Eligibility
INT000407,CUST00171,2024-05-26,Email,AGT002,General Query
INT000408,CUST00172,2022-06-05,Call,AGT010,Discount Eligibility
INT000409,CUST00172,2022-03-02,Call,AGT010,Coverage Change Request
INT000410,CUST00173,2026-05-09,Mobile App,AGT024,Cancellation Request
INT000411,CUST00173,2025-10-05,Email,AGT025,Cancellation Request
INT000412,CUST00173,2025-11-29,Mobile App,AGT014,Premium Payment Issue
INT000413,CUST00174,2024-10-27,Mobile App,AGT033,Billing Dispute
INT000414,CUST00174,2025-10-27,Call,AGT036,Beneficiary Update
INT000415,CUST00175,2023-03-14,Chat,AGT032,Complaint - Service Delay
INT000416,CUST00175,2026-07-21,Email,AGT019,Cancellation Request
INT000417,CUST00176,2024-12-03,Email,AGT036,New Policy Quote
INT000418,CUST00176,2023-05-10,Email,AGT024,Claim Status Check
INT000419,CUST00176,2026-07-10,Branch Visit,AGT012,Billing Dispute
INT000420,CUST00177,2022-12-22,Chat,AGT025,Address Update
INT000421,CUST00178,2026-04-10,Branch Visit,AGT024,Claim Status Check
INT000422,CUST00178,2021-08-14,Email,AGT012,General Query
INT000423,CUST00178,2022-05-01,Email,AGT021,Claim Status Check
INT000424,CUST00179,2025-06-27,Email,AGT026,Coverage Change Request
INT000425,CUST00180,2023-01-26,Chat,AGT019,Address Update
INT000426,CUST00180,2025-06-10,Mobile App,AGT029,Billing Dispute
INT000427,CUST00181,2022-03-17,Email,AGT038,Complaint - Service Delay
INT000428,CUST00181,2020-11-12,Chat,AGT002,Coverage Change Request
INT000429,CUST00182,2024-01-02,Email,AGT032,Complaint - Service Delay
INT000430,CUST00183,2021-08-13,Mobile App,AGT027,General Query
INT000431,CUST00183,2025-04-14,Email,AGT029,General Query
INT000432,CUST00183,2024-03-04,Chat,AGT012,Policy Renewal Inquiry
INT000433,CUST00183,2021-05-05,Call,AGT021,Complaint - Service Delay
INT000434,CUST00184,2024-06-28,Call,AGT010,Claim Status Check
INT000435,CUST00184,2024-09-25,Email,AGT027,New Policy Quote
INT000436,CUST00185,2023-07-26,Chat,AGT008,New Policy Quote
INT000437,CUST00186,2023-08-24,Call,AGT005,General Query
INT000438,CUST00187,2021-05-28,Chat,AGT040,Address Update
INT000439,CUST00187,2025-06-06,Chat,AGT040,Policy Renewal Inquiry
INT000440,CUST00187,2024-10-27,Email,AGT033,Cancellation Request
INT000441,CUST00187,2021-03-18,Call,AGT017,Cancellation Request
INT000442,CUST00188,2021-02-23,Branch Visit,AGT032,Policy Renewal Inquiry
INT000443,CUST00188,2023-12-04,Branch Visit,AGT037,Coverage Change Request
INT000444,CUST00188,2025-03-11,Chat,AGT003,Claim Status Check
INT000445,CUST00188,2023-10-03,Mobile App,AGT024,Discount Eligibility
INT000446,CUST00189,2024-11-11,Call,AGT005,Discount Eligibility
INT000447,CUST00189,2025-01-30,Call,AGT024,New Policy Quote
INT000448,CUST00189,2025-11-04,Call,AGT039,New Policy Quote
INT000449,CUST00189,2025-07-28,Chat,AGT029,Coverage Change Request
INT000450,CUST00190,2023-09-04,Call,AGT009,Policy Renewal Inquiry
INT000451,CUST00190,2023-01-07,Mobile App,AGT011,Complaint - Service Delay
INT000452,CUST00190,2021-12-05,Chat,AGT014,General Query
INT000453,CUST00190,2021-07-25,Call,AGT004,Premium Payment Issue
INT000454,CUST00191,2024-11-28,Call,AGT004,Policy Renewal Inquiry
INT000455,CUST00192,2022-11-06,Mobile App,AGT029,General Query
INT000456,CUST00192,2023-09-25,Call,AGT024,Complaint - Service Delay
INT000457,CUST00192,2022-10-07,Chat,AGT019,General Query
INT000458,CUST00193,2025-07-04,Call,AGT015,Beneficiary Update
INT000459,CUST00193,2025-05-11,Call,AGT005,Address Update
INT000460,CUST00193,2025-09-04,Branch Visit,AGT027,Cancellation Request
INT000461,CUST00194,2024-09-25,Chat,AGT040,Address Update
INT000462,CUST00194,2025-08-24,Call,AGT033,General Query
INT000463,CUST00194,2024-10-05,Call,AGT025,Beneficiary Update
INT000464,CUST00195,2025-07-31,Branch Visit,AGT009,Beneficiary Update
INT000465,CUST00195,2026-04-10,Mobile App,AGT021,Address Update
INT000466,CUST00196,2021-08-03,Call,AGT031,Claim Status Check
INT000467,CUST00196,2022-02-15,Mobile App,AGT030,Policy Renewal Inquiry
INT000468,CUST00197,2025-11-03,Call,AGT026,Beneficiary Update
INT000469,CUST00197,2025-12-23,Email,AGT037,Address Update
INT000470,CUST00197,2025-01-30,Mobile App,AGT039,Policy Renewal Inquiry
INT000471,CUST00198,2024-01-29,Mobile App,AGT037,Billing Dispute
INT000472,CUST00198,2024-07-22,Email,AGT004,Cancellation Request
INT000473,CUST00199,2024-08-18,Branch Visit,AGT026,Discount Eligibility
INT000474,CUST00200,2025-06-28,Email,AGT037,Beneficiary Update
INT000475,CUST00200,2024-06-30,Chat,AGT018,Billing Dispute
INT000476,CUST00200,2025-02-02,Branch Visit,AGT016,Claim Status Check
INT000477,CUST00200,2025-06-26,Call,AGT018,Premium Payment Issue
INT000478,CUST00200,2024-02-13,Chat,AGT038,Premium Payment Issue
INT000479,CUST00201,2026-05-11,Chat,AGT003,Beneficiary Update
INT000480,CUST00201,2020-11-23,Email,AGT010,Premium Payment Issue
INT000481,CUST00202,2020-10-30,Mobile App,AGT022,General Query
INT000482,CUST00203,2025-09-10,Call,AGT023,Claim Status Check
INT000483,CUST00204,2020-05-11,Email,AGT021,Billing Dispute
INT000484,CUST00205,2025-12-06,Chat,AGT011,Coverage Change Request
INT000485,CUST00205,2025-01-02,Email,AGT035,Complaint - Service Delay
INT000486,CUST00205,2026-01-16,Email,AGT005,Beneficiary Update
INT000487,CUST00205,2025-02-17,Call,AGT014,Premium Payment Issue
INT000488,CUST00206,2020-04-18,Chat,AGT031,Coverage Change Request
INT000489,CUST00207,2024-03-21,Mobile App,AGT016,Premium Payment Issue
INT000490,CUST00207,2023-11-17,Email,AGT035,Billing Dispute
INT000491,CUST00208,2023-03-25,Mobile App,AGT005,Policy Renewal Inquiry
INT000492,CUST00208,2023-03-04,Branch Visit,AGT009,Coverage Change Request
INT000493,CUST00209,2024-12-25,Email,AGT017,Coverage Change Request
INT000494,CUST00209,2025-06-09,Email,AGT031,Coverage Change Request
INT000495,CUST00209,2024-12-29,Call,AGT036,New Policy Quote
INT000496,CUST00209,2023-06-08,Email,AGT040,Cancellation Request
INT000497,CUST00209,2024-07-22,Mobile App,AGT022,Beneficiary Update
INT000498,CUST00210,2021-08-31,Email,AGT009,Billing Dispute
INT000499,CUST00210,2021-07-11,Call,AGT006,Premium Payment Issue
INT000500,CUST00210,2024-02-06,Email,AGT033,Address Update
INT000501,CUST00210,2022-03-11,Chat,AGT040,Premium Payment Issue
INT000502,CUST00210,2020-03-26,Chat,AGT031,Address Update
INT000503,CUST00211,2026-08-03,Call,AGT022,Complaint - Service Delay
INT000504,CUST00212,2026-01-15,Email,AGT030,Complaint - Service Delay
INT000505,CUST00213,2022-02-02,Chat,AGT020,Billing Dispute
INT000506,CUST00213,2023-11-08,Mobile App,AGT020,Discount Eligibility
INT000507,CUST00213,2025-04-04,Branch Visit,AGT021,General Query
INT000508,CUST00213,2024-11-29,Chat,AGT005,Claim Status Check
INT000509,CUST00214,2024-08-27,Call,AGT034,Complaint - Service Delay
INT000510,CUST00215,2026-02-03,Chat,AGT020,Premium Payment Issue
INT000511,CUST00216,2024-10-24,Call,AGT015,Beneficiary Update
INT000512,CUST00216,2024-10-16,Mobile App,AGT034,Billing Dispute
INT000513,CUST00217,2024-04-11,Call,AGT001,Beneficiary Update
INT000514,CUST00217,2026-05-27,Call,AGT023,Address Update
INT000515,CUST00218,2026-05-02,Email,AGT009,Cancellation Request
INT000516,CUST00218,2026-02-17,Call,AGT031,New Policy Quote
INT000517,CUST00218,2026-02-17,Call,AGT032,General Query
INT000518,CUST00219,2023-09-19,Call,AGT012,Claim Status Check
INT000519,CUST00220,2026-03-01,Call,AGT029,Premium Payment Issue
INT000520,CUST00220,2025-10-15,Mobile App,AGT036,Policy Renewal Inquiry
INT000521,CUST00220,2024-11-15,Email,AGT027,Discount Eligibility
INT000522,CUST00221,2024-11-10,Chat,AGT037,Complaint - Service Delay
INT000523,CUST00221,2025-10-26,Call,AGT040,New Policy Quote
INT000524,CUST00221,2025-09-27,Chat,AGT001,Discount Eligibility
INT000525,CUST00221,2025-10-07,Chat,AGT008,Beneficiary Update
INT000526,CUST00222,2026-04-16,Chat,AGT018,Coverage Change Request
INT000527,CUST00222,2025-12-29,Chat,AGT016,New Policy Quote
INT000528,CUST00222,2024-07-12,Email,AGT038,New Policy Quote
INT000529,CUST00222,2024-06-25,Branch Visit,AGT005,Claim Status Check
INT000530,CUST00223,2024-11-07,Mobile App,AGT031,Policy Renewal Inquiry
INT000531,CUST00223,2022-01-09,Chat,AGT003,Address Update
INT000532,CUST00223,2023-01-02,Mobile App,AGT009,Policy Renewal Inquiry
INT000533,CUST00223,2022-09-26,Email,AGT011,Policy Renewal Inquiry
INT000534,CUST00224,2026-01-11,Call,AGT023,Cancellation Request
INT000535,CUST00224,2022-04-11,Mobile App,AGT034,Beneficiary Update
INT000536,CUST00225,2024-04-17,Call,AGT005,Complaint - Service Delay
INT000537,CUST00225,2020-03-04,Call,AGT006,Billing Dispute
INT000538,CUST00226,2022-12-15,Email,AGT030,New Policy Quote
INT000539,CUST00226,2021-02-12,Mobile App,AGT008,Complaint - Service Delay
INT000540,CUST00227,2024-05-25,Call,AGT027,New Policy Quote
INT000541,CUST00228,2025-12-14,Email,AGT033,New Policy Quote
INT000542,CUST00229,2020-06-07,Email,AGT012,Complaint - Service Delay
INT000543,CUST00229,2022-03-17,Mobile App,AGT008,Cancellation Request
INT000544,CUST00230,2023-11-27,Branch Visit,AGT004,Premium Payment Issue
INT000545,CUST00231,2023-11-28,Mobile App,AGT001,Cancellation Request
INT000546,CUST00231,2023-02-13,Branch Visit,AGT009,Discount Eligibility
INT000547,CUST00231,2022-05-05,Email,AGT023,Premium Payment Issue
INT000548,CUST00232,2021-12-27,Call,AGT028,Beneficiary Update
INT000549,CUST00232,2024-07-09,Branch Visit,AGT028,Billing Dispute
INT000550,CUST00232,2025-08-30,Email,AGT025,Complaint - Service Delay
INT000551,CUST00232,2023-11-08,Email,AGT027,Beneficiary Update
INT000552,CUST00233,2021-11-10,Call,AGT033,Billing Dispute
INT000553,CUST00233,2020-01-21,Call,AGT001,Discount Eligibility
INT000554,CUST00233,2024-12-21,Call,AGT017,Coverage Change Request
INT000555,CUST00233,2023-01-15,Email,AGT032,Discount Eligibility
INT000556,CUST00234,2023-09-12,Branch Visit,AGT033,Premium Payment Issue
INT000557,CUST00235,2025-11-29,Call,AGT035,Discount Eligibility
INT000558,CUST00236,2023-12-03,Email,AGT010,Coverage Change Request
INT000559,CUST00237,2022-04-01,Call,AGT008,New Policy Quote
INT000560,CUST00237,2024-08-22,Call,AGT032,Cancellation Request
INT000561,CUST00237,2025-01-08,Email,AGT027,Cancellation Request
INT000562,CUST00238,2020-07-25,Chat,AGT003,Policy Renewal Inquiry
INT000563,CUST00239,2023-09-09,Chat,AGT034,Cancellation Request
INT000564,CUST00239,2024-07-03,Call,AGT032,Beneficiary Update
INT000565,CUST00239,2026-06-30,Branch Visit,AGT014,General Query
INT000566,CUST00239,2024-09-09,Mobile App,AGT033,General Query
INT000567,CUST00240,2021-06-09,Call,AGT026,Beneficiary Update
INT000568,CUST00240,2024-05-11,Chat,AGT015,Claim Status Check
INT000569,CUST00240,2023-11-24,Mobile App,AGT023,General Query
INT000570,CUST00241,2026-05-31,Chat,AGT031,New Policy Quote
INT000571,CUST00241,2025-12-13,Email,AGT030,New Policy Quote
INT000572,CUST00242,2021-03-25,Chat,AGT033,Coverage Change Request
INT000573,CUST00243,2022-02-27,Chat,AGT032,Policy Renewal Inquiry
INT000574,CUST00243,2026-01-10,Chat,AGT018,Billing Dispute
INT000575,CUST00243,2026-01-04,Call,AGT021,Policy Renewal Inquiry
INT000576,CUST00244,2021-12-25,Call,AGT016,Address Update
INT000577,CUST00245,2023-05-06,Mobile App,AGT007,Address Update
INT000578,CUST00245,2021-12-25,Mobile App,AGT040,Coverage Change Request
INT000579,CUST00246,2023-07-28,Email,AGT021,Complaint - Service Delay
INT000580,CUST00247,2025-01-12,Email,AGT016,Coverage Change Request
INT000581,CUST00248,2020-06-04,Email,AGT005,Policy Renewal Inquiry
INT000582,CUST00248,2022-02-27,Email,AGT026,Policy Renewal Inquiry
INT000583,CUST00248,2026-05-03,Call,AGT032,Claim Status Check
INT000584,CUST00248,2026-06-23,Call,AGT015,Claim Status Check
INT000585,CUST00249,2026-06-18,Email,AGT025,Premium Payment Issue
INT000586,CUST00249,2025-05-07,Chat,AGT030,New Policy Quote
INT000587,CUST00249,2026-03-04,Email,AGT039,Beneficiary Update
INT000588,CUST00250,2024-11-13,Chat,AGT002,Billing Dispute
INT000589,CUST00250,2024-11-11,Call,AGT040,Cancellation Request
INT000590,CUST00250,2024-01-12,Call,AGT025,Cancellation Request
INT000591,CUST00251,2026-03-27,Call,AGT012,Address Update
INT000592,CUST00251,2020-12-22,Chat,AGT002,Complaint - Service Delay
INT000593,CUST00251,2024-10-30,Call,AGT020,Coverage Change Request
INT000594,CUST00251,2022-08-30,Email,AGT002,Beneficiary Update
INT000595,CUST00252,2022-03-22,Call,AGT025,Coverage Change Request
INT000596,CUST00252,2022-12-08,Call,AGT038,Premium Payment Issue
INT000597,CUST00253,2026-05-29,Chat,AGT007,Address Update
INT000598,CUST00253,2026-01-31,Chat,AGT031,New Policy Quote
INT000599,CUST00254,2022-06-11,Email,AGT017,New Policy Quote
INT000600,CUST00254,2024-04-13,Chat,AGT018,General Query
INT000601,CUST00254,2021-12-07,Chat,AGT002,Cancellation Request
INT000602,CUST00255,2026-08-17,Branch Visit,AGT037,General Query
INT000603,CUST00255,2026-07-18,Call,AGT022,Address Update
INT000604,CUST00255,2026-01-14,Branch Visit,AGT001,Coverage Change Request
INT000605,CUST00255,2026-03-31,Branch Visit,AGT035,Policy Renewal Inquiry
INT000606,CUST00256,2025-07-31,Chat,AGT024,Cancellation Request
INT000607,CUST00256,2024-05-18,Chat,AGT017,Discount Eligibility
INT000608,CUST00256,2023-07-18,Call,AGT003,Address Update
INT000609,CUST00257,2023-04-03,Branch Visit,AGT036,Address Update
INT000610,CUST00257,2020-12-15,Call,AGT039,Premium Payment Issue
INT000611,CUST00258,2025-01-28,Mobile App,AGT029,Address Update
INT000612,CUST00258,2023-03-27,Branch Visit,AGT004,Complaint - Service Delay
INT000613,CUST00259,2024-01-20,Chat,AGT009,Address Update
INT000614,CUST00259,2026-02-14,Call,AGT006,Cancellation Request
INT000615,CUST00259,2023-06-26,Chat,AGT032,Complaint - Service Delay
INT000616,CUST00260,2022-07-14,Call,AGT019,Policy Renewal Inquiry
INT000617,CUST00260,2025-07-05,Call,AGT015,Cancellation Request
INT000618,CUST00260,2023-06-27,Call,AGT021,Complaint - Service Delay
INT000619,CUST00261,2025-04-24,Call,AGT040,Claim Status Check
INT000620,CUST00261,2025-12-04,Email,AGT001,Policy Renewal Inquiry
INT000621,CUST00261,2020-04-25,Branch Visit,AGT001,Claim Status Check
INT000622,CUST00262,2022-11-22,Call,AGT008,Billing Dispute
INT000623,CUST00263,2022-11-11,Chat,AGT001,Claim Status Check
INT000624,CUST00263,2022-10-09,Call,AGT037,Premium Payment Issue
INT000625,CUST00263,2026-04-06,Call,AGT005,Beneficiary Update
INT000626,CUST00263,2025-07-08,Call,AGT010,Billing Dispute
INT000627,CUST00264,2024-09-18,Chat,AGT019,New Policy Quote
INT000628,CUST00264,2025-10-21,Email,AGT020,Cancellation Request
INT000629,CUST00265,2024-03-09,Mobile App,AGT035,Discount Eligibility
INT000630,CUST00265,2022-04-25,Branch Visit,AGT026,New Policy Quote
INT000631,CUST00265,2024-12-20,Chat,AGT020,Complaint - Service Delay
INT000632,CUST00266,2025-04-17,Mobile App,AGT019,Address Update
INT000633,CUST00266,2025-05-02,Email,AGT039,Premium Payment Issue
INT000634,CUST00266,2025-01-16,Chat,AGT033,Coverage Change Request
INT000635,CUST00266,2026-06-19,Call,AGT009,Discount Eligibility
INT000636,CUST00267,2026-05-09,Email,AGT031,Address Update
INT000637,CUST00267,2026-07-06,Chat,AGT025,Address Update
INT000638,CUST00268,2024-07-09,Call,AGT027,General Query
INT000639,CUST00268,2021-04-29,Chat,AGT025,Discount Eligibility
INT000640,CUST00268,2026-05-09,Branch Visit,AGT011,Discount Eligibility
INT000641,CUST00268,2025-02-17,Chat,AGT029,General Query
INT000642,CUST00269,2026-03-11,Branch Visit,AGT025,New Policy Quote
INT000643,CUST00270,2023-04-29,Mobile App,AGT035,Discount Eligibility
INT000644,CUST00270,2025-01-16,Email,AGT029,General Query
INT000645,CUST00271,2025-03-15,Chat,AGT032,Cancellation Request
INT000646,CUST00271,2025-09-07,Email,AGT002,Policy Renewal Inquiry
INT000647,CUST00271,2023-07-26,Mobile App,AGT003,Discount Eligibility
INT000648,CUST00271,2025-11-18,Branch Visit,AGT009,Coverage Change Request
INT000649,CUST00271,2022-10-13,Chat,AGT031,Coverage Change Request
INT000650,CUST00272,2023-09-06,Call,AGT018,Complaint - Service Delay
INT000651,CUST00272,2022-01-18,Branch Visit,AGT012,Cancellation Request
INT000652,CUST00272,2026-08-11,Email,AGT026,New Policy Quote
INT000653,CUST00272,2026-01-04,Email,AGT016,General Query
INT000654,CUST00273,2024-02-16,Mobile App,AGT017,Cancellation Request
INT000655,CUST00273,2024-01-12,Call,AGT010,Claim Status Check
INT000656,CUST00273,2022-05-10,Mobile App,AGT009,Claim Status Check
INT000657,CUST00273,2020-01-13,Call,AGT022,Address Update
INT000658,CUST00274,2026-07-19,Chat,AGT011,General Query
INT000659,CUST00274,2020-03-02,Email,AGT011,Discount Eligibility
INT000660,CUST00274,2021-10-02,Branch Visit,AGT038,General Query
INT000661,CUST00275,2026-05-27,Call,AGT026,Beneficiary Update
INT000662,CUST00275,2025-02-26,Branch Visit,AGT033,Address Update
INT000663,CUST00275,2026-05-26,Email,AGT003,Complaint - Service Delay
INT000664,CUST00275,2025-03-12,Chat,AGT039,Discount Eligibility
INT000665,CUST00276,2021-12-07,Call,AGT023,Discount Eligibility
INT000666,CUST00277,2023-08-25,Branch Visit,AGT040,Claim Status Check
INT000667,CUST00277,2024-10-04,Chat,AGT020,Complaint - Service Delay
INT000668,CUST00278,2023-08-08,Email,AGT035,Discount Eligibility
INT000669,CUST00279,2024-12-06,Call,AGT011,Billing Dispute
INT000670,CUST00279,2023-07-19,Chat,AGT038,Cancellation Request
INT000671,CUST00280,2025-02-04,Call,AGT004,Beneficiary Update
INT000672,CUST00281,2021-08-01,Email,AGT026,Complaint - Service Delay
INT000673,CUST00281,2020-02-14,Call,AGT033,Beneficiary Update
INT000674,CUST00282,2026-05-20,Chat,AGT004,Claim Status Check
INT000675,CUST00282,2025-09-10,Mobile App,AGT010,Claim Status Check
INT000676,CUST00283,2024-10-02,Mobile App,AGT029,Policy Renewal Inquiry
INT000677,CUST00283,2020-11-09,Call,AGT033,Complaint - Service Delay
INT000678,CUST00284,2024-01-02,Call,AGT022,Discount Eligibility
INT000679,CUST00285,2023-11-22,Branch Visit,AGT003,Complaint - Service Delay
INT000680,CUST00285,2025-11-22,Branch Visit,AGT039,Address Update
INT000681,CUST00285,2023-02-15,Mobile App,AGT010,Premium Payment Issue
INT000682,CUST00286,2026-03-24,Call,AGT038,General Query
INT000683,CUST00287,2022-02-20,Call,AGT020,Cancellation Request
INT000684,CUST00287,2021-01-03,Call,AGT031,Coverage Change Request
INT000685,CUST00288,2025-05-30,Mobile App,AGT017,Claim Status Check
INT000686,CUST00288,2023-11-15,Call,AGT024,Billing Dispute
INT000687,CUST00289,2025-07-07,Branch Visit,AGT016,Coverage Change Request
INT000688,CUST00289,2025-12-15,Mobile App,AGT024,Beneficiary Update
INT000689,CUST00290,2023-05-20,Branch Visit,AGT040,Claim Status Check
INT000690,CUST00291,2022-03-03,Email,AGT002,Discount Eligibility
INT000691,CUST00291,2022-03-29,Call,AGT015,Address Update
INT000692,CUST00292,2026-02-14,Call,AGT022,Policy Renewal Inquiry
INT000693,CUST00292,2025-10-29,Call,AGT017,Coverage Change Request
INT000694,CUST00293,2023-07-22,Mobile App,AGT001,Claim Status Check
INT000695,CUST00293,2020-12-24,Mobile App,AGT027,New Policy Quote
INT000696,CUST00294,2020-03-21,Call,AGT026,General Query
INT000697,CUST00295,2025-05-19,Email,AGT032,Address Update
INT000698,CUST00295,2022-05-01,Chat,AGT017,Claim Status Check
INT000699,CUST00296,2026-03-12,Call,AGT018,Address Update
INT000700,CUST00296,2026-03-12,Mobile App,AGT038,Claim Status Check
INT000701,CUST00297,2025-12-21,Call,AGT002,Beneficiary Update
INT000702,CUST00297,2025-09-29,Call,AGT013,New Policy Quote
INT000703,CUST00297,2025-03-19,Chat,AGT034,Billing Dispute
INT000704,CUST00298,2023-03-04,Mobile App,AGT039,Premium Payment Issue
INT000705,CUST00299,2026-01-19,Call,AGT026,New Policy Quote
INT000706,CUST00299,2026-07-14,Call,AGT014,Premium Payment Issue
INT000707,CUST00299,2024-03-28,Mobile App,AGT004,Policy Renewal Inquiry
INT000708,CUST00300,2022-03-01,Chat,AGT012,Cancellation Request
INT000709,CUST00300,2024-02-22,Branch Visit,AGT016,Address Update
INT000710,CUST00301,2023-02-22,Email,AGT040,Address Update
INT000711,CUST00301,2023-11-21,Call,AGT002,New Policy Quote
INT000712,CUST00302,2025-04-19,Chat,AGT014,Coverage Change Request
INT000713,CUST00303,2024-06-04,Chat,AGT016,Cancellation Request
INT000714,CUST00303,2025-08-19,Call,AGT015,Premium Payment Issue
INT000715,CUST00303,2025-03-14,Mobile App,AGT024,Complaint - Service Delay
INT000716,CUST00304,2021-11-22,Call,AGT019,Beneficiary Update
INT000717,CUST00304,2021-07-27,Chat,AGT033,Discount Eligibility
INT000718,CUST00304,2022-05-17,Mobile App,AGT001,Policy Renewal Inquiry
INT000719,CUST00305,2025-12-19,Mobile App,AGT008,Address Update
INT000720,CUST00305,2021-11-27,Call,AGT018,New Policy Quote
INT000721,CUST00306,2020-12-31,Email,AGT032,Complaint - Service Delay
INT000722,CUST00307,2026-06-05,Chat,AGT028,Policy Renewal Inquiry
INT000723,CUST00307,2020-12-15,Email,AGT007,Complaint - Service Delay
INT000724,CUST00308,2022-11-02,Mobile App,AGT016,Coverage Change Request
INT000725,CUST00309,2026-05-03,Chat,AGT008,Coverage Change Request
INT000726,CUST00309,2024-01-20,Chat,AGT014,Claim Status Check
INT000727,CUST00309,2022-10-09,Mobile App,AGT023,Cancellation Request
INT000728,CUST00309,2026-02-03,Call,AGT030,Discount Eligibility
INT000729,CUST00309,2023-06-28,Call,AGT023,Discount Eligibility
INT000730,CUST00310,2024-10-06,Call,AGT002,Beneficiary Update
INT000731,CUST00310,2024-09-29,Call,AGT029,General Query
INT000732,CUST00310,2026-02-13,Email,AGT028,Address Update
INT000733,CUST00310,2025-11-13,Call,AGT040,Address Update
INT000734,CUST00311,2021-06-10,Email,AGT019,Billing Dispute
INT000735,CUST00312,2021-01-31,Call,AGT026,Coverage Change Request
INT000736,CUST00312,2025-06-22,Email,AGT001,Coverage Change Request
INT000737,CUST00313,2025-10-19,Mobile App,AGT029,Coverage Change Request
INT000738,CUST00313,2025-06-16,Call,AGT014,Premium Payment Issue
INT000739,CUST00314,2024-11-07,Call,AGT013,Complaint - Service Delay
INT000740,CUST00314,2026-03-28,Mobile App,AGT014,Cancellation Request
INT000741,CUST00314,2020-11-17,Email,AGT011,New Policy Quote
INT000742,CUST00314,2023-04-17,Call,AGT022,Premium Payment Issue
INT000743,CUST00314,2025-06-10,Mobile App,AGT035,Billing Dispute
INT000744,CUST00315,2023-02-10,Chat,AGT017,Complaint - Service Delay
INT000745,CUST00315,2021-01-04,Call,AGT029,Cancellation Request
INT000746,CUST00316,2020-11-15,Call,AGT001,New Policy Quote
INT000747,CUST00316,2023-05-11,Email,AGT003,Cancellation Request
INT000748,CUST00317,2023-12-03,Call,AGT014,Premium Payment Issue
INT000749,CUST00317,2021-06-09,Chat,AGT018,Billing Dispute
INT000750,CUST00317,2026-01-11,Branch Visit,AGT015,Billing Dispute
INT000751,CUST00318,2026-08-02,Call,AGT024,New Policy Quote
INT000752,CUST00318,2026-03-03,Mobile App,AGT039,Complaint - Service Delay
INT000753,CUST00318,2022-12-16,Email,AGT032,Premium Payment Issue
INT000754,CUST00319,2025-11-26,Branch Visit,AGT029,Policy Renewal Inquiry
INT000755,CUST00319,2026-03-10,Mobile App,AGT012,New Policy Quote
INT000756,CUST00319,2025-01-01,Branch Visit,AGT007,Discount Eligibility
INT000757,CUST00320,2020-04-17,Call,AGT020,Coverage Change Request
INT000758,CUST00320,2025-01-11,Chat,AGT029,Claim Status Check
INT000759,CUST00321,2026-02-22,Mobile App,AGT031,Premium Payment Issue
INT000760,CUST00321,2022-10-22,Call,AGT038,Premium Payment Issue
INT000761,CUST00322,2025-10-26,Call,AGT016,Policy Renewal Inquiry
INT000762,CUST00322,2024-10-06,Call,AGT036,Premium Payment Issue
INT000763,CUST00323,2026-02-20,Mobile App,AGT004,Address Update
INT000764,CUST00323,2025-08-28,Call,AGT033,Policy Renewal Inquiry
INT000765,CUST00323,2025-11-19,Chat,AGT012,Premium Payment Issue
INT000766,CUST00324,2021-06-13,Chat,AGT023,Premium Payment Issue
INT000767,CUST00324,2020-01-17,Chat,AGT038,Billing Dispute
INT000768,CUST00324,2022-03-11,Branch Visit,AGT023,General Query
INT000769,CUST00324,2026-05-02,Call,AGT006,Coverage Change Request
INT000770,CUST00324,2021-10-04,Call,AGT032,Beneficiary Update
INT000771,CUST00325,2026-07-04,Branch Visit,AGT001,Premium Payment Issue
INT000772,CUST00326,2021-11-18,Call,AGT011,Complaint - Service Delay
INT000773,CUST00326,2021-07-11,Chat,AGT024,Complaint - Service Delay
INT000774,CUST00327,2025-09-30,Branch Visit,AGT034,Coverage Change Request
INT000775,CUST00327,2022-10-23,Call,AGT014,Premium Payment Issue
INT000776,CUST00327,2020-05-19,Email,AGT015,Premium Payment Issue
INT000777,CUST00328,2026-03-06,Call,AGT001,General Query
INT000778,CUST00328,2020-05-11,Email,AGT001,Coverage Change Request
INT000779,CUST00328,2025-12-27,Email,AGT007,Complaint - Service Delay
INT000780,CUST00328,2023-11-22,Call,AGT004,Cancellation Request
INT000781,CUST00329,2025-04-11,Call,AGT001,Address Update
INT000782,CUST00329,2025-02-21,Email,AGT037,Premium Payment Issue
INT000783,CUST00330,2025-12-01,Call,AGT008,New Policy Quote
INT000784,CUST00330,2025-07-11,Call,AGT009,General Query
INT000785,CUST00330,2026-03-03,Mobile App,AGT025,Policy Renewal Inquiry
INT000786,CUST00330,2026-08-10,Call,AGT038,Beneficiary Update
INT000787,CUST00330,2025-10-24,Chat,AGT037,Billing Dispute
INT000788,CUST00331,2024-12-15,Call,AGT008,New Policy Quote
INT000789,CUST00331,2020-09-12,Mobile App,AGT016,Cancellation Request
INT000790,CUST00331,2025-08-13,Call,AGT032,Coverage Change Request
INT000791,CUST00331,2023-11-09,Email,AGT040,General Query
INT000792,CUST00332,2023-08-05,Branch Visit,AGT010,New Policy Quote
INT000793,CUST00332,2025-05-22,Chat,AGT033,Billing Dispute
INT000794,CUST00332,2024-02-22,Email,AGT018,Coverage Change Request
INT000795,CUST00332,2026-03-01,Chat,AGT029,Address Update
INT000796,CUST00333,2026-05-18,Email,AGT005,New Policy Quote
INT000797,CUST00333,2025-07-08,Call,AGT037,Discount Eligibility
INT000798,CUST00333,2025-12-14,Branch Visit,AGT040,Beneficiary Update
INT000799,CUST00333,2025-11-28,Branch Visit,AGT032,Claim Status Check
INT000800,CUST00334,2025-07-27,Call,AGT004,Policy Renewal Inquiry
INT000801,CUST00334,2020-12-27,Email,AGT039,Claim Status Check
INT000802,CUST00334,2020-07-11,Chat,AGT015,New Policy Quote
INT000803,CUST00335,2022-07-01,Email,AGT023,Beneficiary Update
INT000804,CUST00336,2024-08-20,Chat,AGT012,Coverage Change Request
INT000805,CUST00337,2026-03-23,Mobile App,AGT006,New Policy Quote
INT000806,CUST00337,2026-01-17,Call,AGT035,General Query
INT000807,CUST00338,2026-04-17,Email,AGT008,General Query
INT000808,CUST00338,2025-11-13,Chat,AGT015,Address Update
INT000809,CUST00338,2025-01-19,Email,AGT008,Claim Status Check
INT000810,CUST00338,2024-05-29,Call,AGT008,Claim Status Check
INT000811,CUST00338,2025-12-14,Branch Visit,AGT034,Address Update
INT000812,CUST00339,2022-11-17,Call,AGT039,Discount Eligibility
INT000813,CUST00339,2021-08-28,Mobile App,AGT025,New Policy Quote
INT000814,CUST00339,2023-10-07,Chat,AGT008,Complaint - Service Delay
INT000815,CUST00340,2024-05-16,Email,AGT028,Billing Dispute
INT000816,CUST00341,2022-06-30,Call,AGT014,Complaint - Service Delay
INT000817,CUST00341,2022-02-17,Mobile App,AGT001,Discount Eligibility
INT000818,CUST00342,2021-04-24,Email,AGT007,Policy Renewal Inquiry
INT000819,CUST00343,2021-11-05,Call,AGT012,Billing Dispute
INT000820,CUST00343,2022-08-21,Branch Visit,AGT011,Cancellation Request
INT000821,CUST00343,2022-12-23,Call,AGT037,Discount Eligibility
INT000822,CUST00343,2025-10-05,Call,AGT039,General Query
INT000823,CUST00344,2025-04-01,Call,AGT032,Address Update
INT000824,CUST00344,2023-11-08,Chat,AGT021,Claim Status Check
INT000825,CUST00344,2025-05-09,Mobile App,AGT008,New Policy Quote
INT000826,CUST00345,2026-06-30,Call,AGT036,Policy Renewal Inquiry
INT000827,CUST00345,2022-05-24,Mobile App,AGT018,New Policy Quote
INT000828,CUST00346,2023-04-20,Call,AGT002,Billing Dispute
INT000829,CUST00346,2021-07-22,Chat,AGT034,Policy Renewal Inquiry
INT000830,CUST00346,2021-10-12,Chat,AGT003,Policy Renewal Inquiry
INT000831,CUST00347,2026-01-24,Call,AGT006,Beneficiary Update
INT000832,CUST00347,2022-06-03,Email,AGT013,Coverage Change Request
INT000833,CUST00348,2026-07-14,Email,AGT011,Cancellation Request
INT000834,CUST00349,2026-02-19,Call,AGT016,Discount Eligibility
INT000835,CUST00349,2024-12-21,Call,AGT001,New Policy Quote
INT000836,CUST00349,2025-08-11,Chat,AGT037,Policy Renewal Inquiry
INT000837,CUST00350,2020-03-25,Email,AGT034,Claim Status Check
INT000838,CUST00350,2025-01-06,Call,AGT008,Policy Renewal Inquiry
INT000839,CUST00350,2024-12-13,Chat,AGT040,Cancellation Request
INT000840,CUST00351,2023-08-28,Call,AGT039,Premium Payment Issue
INT000841,CUST00351,2020-04-14,Branch Visit,AGT035,Cancellation Request
INT000842,CUST00352,2024-03-30,Chat,AGT038,Billing Dispute
INT000843,CUST00352,2025-01-03,Email,AGT035,Coverage Change Request
INT000844,CUST00353,2024-02-01,Call,AGT028,Cancellation Request
INT000845,CUST00353,2023-09-22,Chat,AGT017,Beneficiary Update
INT000846,CUST00353,2022-11-13,Mobile App,AGT030,Address Update
INT000847,CUST00354,2024-08-07,Call,AGT034,Address Update
INT000848,CUST00355,2025-04-04,Call,AGT036,Cancellation Request
INT000849,CUST00355,2022-09-03,Mobile App,AGT012,Policy Renewal Inquiry
INT000850,CUST00356,2022-06-11,Email,AGT002,Complaint - Service Delay
INT000851,CUST00357,2025-03-16,Email,AGT028,Premium Payment Issue
INT000852,CUST00357,2021-12-08,Call,AGT021,New Policy Quote
INT000853,CUST00357,2026-02-07,Mobile App,AGT008,Claim Status Check
INT000854,CUST00358,2025-09-28,Chat,AGT008,Premium Payment Issue
INT000855,CUST00358,2025-04-19,Chat,AGT027,Claim Status Check
INT000856,CUST00358,2026-05-21,Mobile App,AGT007,Address Update
INT000857,CUST00359,2026-05-30,Mobile App,AGT018,Billing Dispute
INT000858,CUST00360,2024-11-15,Email,AGT002,Policy Renewal Inquiry
INT000859,CUST00361,2021-07-23,Chat,AGT023,Beneficiary Update
INT000860,CUST00361,2024-08-11,Email,AGT021,Complaint - Service Delay
INT000861,CUST00362,2026-03-18,Call,AGT023,Address Update
INT000862,CUST00363,2026-05-16,Mobile App,AGT023,Claim Status Check
INT000863,CUST00363,2020-09-18,Chat,AGT017,Beneficiary Update
INT000864,CUST00364,2020-09-30,Chat,AGT017,Policy Renewal Inquiry
INT000865,CUST00364,2026-08-03,Chat,AGT002,New Policy Quote
INT000866,CUST00364,2023-05-16,Call,AGT020,Beneficiary Update
INT000867,CUST00364,2024-03-12,Email,AGT010,Claim Status Check
INT000868,CUST00365,2026-02-14,Call,AGT014,Beneficiary Update
INT000869,CUST00365,2021-07-17,Mobile App,AGT030,Cancellation Request
INT000870,CUST00366,2023-12-31,Email,AGT010,Billing Dispute
INT000871,CUST00366,2022-01-14,Chat,AGT001,Coverage Change Request
INT000872,CUST00367,2023-08-06,Mobile App,AGT031,Beneficiary Update
INT000873,CUST00368,2023-12-12,Call,AGT036,Claim Status Check
INT000874,CUST00368,2022-09-26,Call,AGT018,New Policy Quote
INT000875,CUST00368,2026-06-18,Branch Visit,AGT031,Complaint - Service Delay
INT000876,CUST00369,2026-03-25,Email,AGT003,General Query
INT000877,CUST00369,2026-04-18,Branch Visit,AGT033,Policy Renewal Inquiry
INT000878,CUST00369,2026-05-26,Mobile App,AGT009,Premium Payment Issue
INT000879,CUST00370,2026-03-05,Branch Visit,AGT027,Premium Payment Issue
INT000880,CUST00370,2025-08-23,Call,AGT023,Premium Payment Issue
INT000881,CUST00371,2024-08-02,Call,AGT029,Premium Payment Issue
INT000882,CUST00371,2023-12-05,Mobile App,AGT022,Address Update
INT000883,CUST00371,2023-02-22,Call,AGT009,Cancellation Request
INT000884,CUST00371,2023-11-19,Call,AGT017,Premium Payment Issue
INT000885,CUST00372,2020-01-23,Mobile App,AGT006,General Query
INT000886,CUST00372,2026-03-06,Mobile App,AGT009,Coverage Change Request
INT000887,CUST00372,2021-06-27,Call,AGT004,Policy Renewal Inquiry
INT000888,CUST00372,2022-07-01,Call,AGT003,Billing Dispute
INT000889,CUST00373,2024-06-22,Mobile App,AGT031,Discount Eligibility
INT000890,CUST00373,2025-01-30,Call,AGT007,Address Update
INT000891,CUST00373,2024-03-04,Mobile App,AGT015,Coverage Change Request
INT000892,CUST00373,2020-11-13,Call,AGT022,Cancellation Request
INT000893,CUST00374,2025-11-28,Email,AGT027,Premium Payment Issue
INT000894,CUST00374,2026-07-23,Mobile App,AGT030,New Policy Quote
INT000895,CUST00375,2025-09-16,Call,AGT017,Address Update
INT000896,CUST00376,2022-08-31,Branch Visit,AGT025,Billing Dispute
INT000897,CUST00376,2021-03-29,Chat,AGT023,Premium Payment Issue
INT000898,CUST00376,2026-08-01,Branch Visit,AGT027,Billing Dispute
INT000899,CUST00376,2025-11-03,Email,AGT030,Claim Status Check
INT000900,CUST00376,2022-03-06,Email,AGT040,Coverage Change Request
INT000901,CUST00377,2023-09-29,Call,AGT011,Claim Status Check
INT000902,CUST00377,2026-02-04,Email,AGT033,Policy Renewal Inquiry
INT000903,CUST00377,2023-07-15,Email,AGT033,Premium Payment Issue
INT000904,CUST00378,2023-10-01,Call,AGT022,Complaint - Service Delay
INT000905,CUST00378,2020-12-24,Call,AGT009,New Policy Quote
INT000906,CUST00378,2021-03-01,Call,AGT035,Address Update
INT000907,CUST00378,2022-03-09,Call,AGT019,Policy Renewal Inquiry
INT000908,CUST00379,2026-05-28,Call,AGT005,Beneficiary Update
INT000909,CUST00379,2026-03-10,Mobile App,AGT022,General Query
INT000910,CUST00379,2026-05-02,Email,AGT028,Discount Eligibility
INT000911,CUST00379,2026-05-29,Email,AGT025,Premium Payment Issue
INT000912,CUST00380,2021-02-26,Email,AGT007,Complaint - Service Delay
INT000913,CUST00380,2021-07-12,Call,AGT003,Coverage Change Request
INT000914,CUST00381,2026-05-19,Email,AGT018,Claim Status Check
INT000915,CUST00381,2025-12-26,Chat,AGT022,Cancellation Request
INT000916,CUST00382,2021-12-08,Mobile App,AGT014,Policy Renewal Inquiry
INT000917,CUST00382,2021-06-18,Call,AGT012,Billing Dispute
INT000918,CUST00383,2025-07-10,Call,AGT006,Cancellation Request
INT000919,CUST00383,2024-09-29,Mobile App,AGT015,Coverage Change Request
INT000920,CUST00383,2024-01-30,Chat,AGT023,Claim Status Check
INT000921,CUST00383,2026-06-29,Branch Visit,AGT040,Complaint - Service Delay
INT000922,CUST00383,2023-11-24,Chat,AGT005,Claim Status Check
INT000923,CUST00384,2025-06-10,Call,AGT011,Complaint - Service Delay
INT000924,CUST00385,2026-07-23,Call,AGT040,General Query
INT000925,CUST00385,2026-07-05,Chat,AGT004,Cancellation Request
INT000926,CUST00385,2026-04-20,Branch Visit,AGT017,Premium Payment Issue
INT000927,CUST00386,2021-04-22,Mobile App,AGT006,Complaint - Service Delay
INT000928,CUST00387,2022-10-02,Branch Visit,AGT005,Policy Renewal Inquiry
INT000929,CUST00387,2021-04-14,Call,AGT002,General Query
INT000930,CUST00387,2024-05-26,Branch Visit,AGT003,Policy Renewal Inquiry
INT000931,CUST00387,2022-01-31,Branch Visit,AGT003,Billing Dispute
INT000932,CUST00388,2024-09-06,Branch Visit,AGT035,Cancellation Request
INT000933,CUST00388,2020-12-30,Chat,AGT002,Coverage Change Request
INT000934,CUST00388,2024-01-07,Email,AGT014,Complaint - Service Delay
INT000935,CUST00389,2025-02-24,Call,AGT034,Coverage Change Request
INT000936,CUST00389,2022-01-18,Branch Visit,AGT039,Policy Renewal Inquiry
INT000937,CUST00389,2022-05-28,Call,AGT012,Billing Dispute
INT000938,CUST00390,2021-04-02,Email,AGT032,Cancellation Request
INT000939,CUST00390,2025-11-20,Chat,AGT023,Complaint - Service Delay
INT000940,CUST00391,2023-07-01,Email,AGT014,Beneficiary Update
INT000941,CUST00391,2021-11-03,Email,AGT036,Beneficiary Update
INT000942,CUST00392,2020-10-25,Email,AGT011,General Query
INT000943,CUST00393,2024-04-29,Call,AGT017,Complaint - Service Delay
INT000944,CUST00393,2023-05-15,Call,AGT005,Cancellation Request
INT000945,CUST00393,2025-11-09,Call,AGT017,General Query
INT000946,CUST00394,2024-05-03,Email,AGT036,Premium Payment Issue
INT000947,CUST00394,2024-08-06,Call,AGT018,General Query
INT000948,CUST00394,2025-08-09,Call,AGT019,Billing Dispute
INT000949,CUST00394,2026-04-03,Email,AGT020,Address Update
INT000950,CUST00395,2026-02-09,Email,AGT040,Discount Eligibility
INT000951,CUST00395,2025-12-03,Call,AGT006,Discount Eligibility
INT000952,CUST00396,2026-01-12,Call,AGT030,Premium Payment Issue
INT000953,CUST00396,2025-04-06,Chat,AGT017,Premium Payment Issue
INT000954,CUST00397,2020-09-20,Call,AGT015,Coverage Change Request
INT000955,CUST00397,2020-12-15,Branch Visit,AGT018,Coverage Change Request
INT000956,CUST00398,2025-07-10,Call,AGT019,General Query
INT000957,CUST00398,2022-06-26,Email,AGT014,Discount Eligibility
INT000958,CUST00398,2024-08-14,Chat,AGT017,New Policy Quote
INT000959,CUST00398,2022-08-27,Chat,AGT022,Discount Eligibility
INT000960,CUST00399,2022-05-01,Call,AGT029,Premium Payment Issue
INT000961,CUST00399,2020-02-12,Branch Visit,AGT027,Complaint - Service Delay
INT000962,CUST00399,2022-06-10,Email,AGT004,Beneficiary Update
INT000963,CUST00400,2025-01-28,Email,AGT016,Beneficiary Update
INT000964,CUST00400,2025-08-07,Chat,AGT017,Cancellation Request
INT000965,CUST00400,2025-06-14,Chat,AGT004,Discount Eligibility
INT000966,CUST00400,2025-08-06,Email,AGT037,Claim Status Check
INT000967,CUST00400,2025-03-31,Branch Visit,AGT038,Coverage Change Request
INT000968,CUST00401,2026-08-01,Call,AGT006,Address Update
INT000969,CUST00401,2025-08-04,Branch Visit,AGT021,Policy Renewal Inquiry
INT000970,CUST00402,2024-05-27,Chat,AGT035,General Query
INT000971,CUST00402,2024-10-23,Mobile App,AGT001,New Policy Quote
INT000972,CUST00403,2024-12-20,Email,AGT007,General Query
INT000973,CUST00404,2026-03-02,Email,AGT033,New Policy Quote
INT000974,CUST00405,2024-07-24,Mobile App,AGT011,Claim Status Check
INT000975,CUST00405,2024-05-27,Email,AGT011,General Query
INT000976,CUST00406,2023-06-22,Chat,AGT015,Address Update
INT000977,CUST00406,2023-06-03,Branch Visit,AGT018,New Policy Quote
INT000978,CUST00407,2024-12-25,Branch Visit,AGT006,Discount Eligibility
INT000979,CUST00407,2024-10-01,Branch Visit,AGT038,Beneficiary Update
INT000980,CUST00408,2020-05-23,Call,AGT005,Billing Dispute
INT000981,CUST00408,2022-05-20,Call,AGT016,Address Update
INT000982,CUST00409,2023-09-28,Call,AGT001,Claim Status Check
INT000983,CUST00409,2021-08-05,Call,AGT009,Claim Status Check
INT000984,CUST00410,2025-11-04,Mobile App,AGT033,Billing Dispute
INT000985,CUST00410,2022-04-17,Chat,AGT006,Premium Payment Issue
INT000986,CUST00410,2024-01-05,Mobile App,AGT039,Coverage Change Request
INT000987,CUST00410,2026-06-08,Call,AGT034,Beneficiary Update
INT000988,CUST00411,2026-05-06,Call,AGT010,General Query
INT000989,CUST00411,2021-09-12,Mobile App,AGT003,Premium Payment Issue
INT000990,CUST00411,2023-06-18,Chat,AGT005,Complaint - Service Delay
INT000991,CUST00412,2024-12-01,Mobile App,AGT003,General Query
INT000992,CUST00412,2025-12-12,Email,AGT013,Discount Eligibility
INT000993,CUST00413,2024-03-28,Chat,AGT027,Complaint - Service Delay
INT000994,CUST00413,2020-03-16,Call,AGT001,Beneficiary Update
INT000995,CUST00414,2025-05-14,Chat,AGT015,New Policy Quote
INT000996,CUST00414,2024-10-27,Chat,AGT038,General Query
INT000997,CUST00414,2025-01-09,Email,AGT039,New Policy Quote
INT000998,CUST00414,2026-01-18,Chat,AGT008,Premium Payment Issue
INT000999,CUST00414,2025-01-07,Call,AGT022,Coverage Change Request
INT001000,CUST00415,2022-06-27,Call,AGT017,General Query
INT001001,CUST00416,2025-09-22,Email,AGT025,Cancellation Request
INT001002,CUST00416,2026-04-22,Chat,AGT004,Cancellation Request
INT001003,CUST00416,2025-12-03,Email,AGT028,Billing Dispute
INT001004,CUST00416,2025-08-04,Call,AGT006,Billing Dispute
INT001005,CUST00416,2025-07-07,Email,AGT008,Claim Status Check
INT001006,CUST00417,2023-09-15,Call,AGT032,Premium Payment Issue
INT001007,CUST00417,2023-11-22,Call,AGT024,New Policy Quote
INT001008,CUST00417,2021-10-28,Mobile App,AGT007,Cancellation Request
INT001009,CUST00418,2026-07-19,Mobile App,AGT021,New Policy Quote
INT001010,CUST00418,2025-06-07,Call,AGT025,Beneficiary Update
INT001011,CUST00418,2026-01-12,Call,AGT001,New Policy Quote
INT001012,CUST00418,2025-08-02,Mobile App,AGT026,Policy Renewal Inquiry
INT001013,CUST00419,2026-07-28,Call,AGT033,Billing Dispute
INT001014,CUST00419,2026-08-14,Branch Visit,AGT013,Beneficiary Update
INT001015,CUST00420,2026-05-17,Chat,AGT036,Discount Eligibility
INT001016,CUST00421,2024-05-08,Email,AGT033,Beneficiary Update
INT001017,CUST00421,2021-02-05,Email,AGT002,Cancellation Request
INT001018,CUST00421,2023-10-26,Chat,AGT012,Address Update
INT001019,CUST00422,2024-02-05,Mobile App,AGT003,New Policy Quote
INT001020,CUST00422,2024-03-08,Call,AGT028,Claim Status Check
INT001021,CUST00423,2021-01-26,Mobile App,AGT028,Coverage Change Request
INT001022,CUST00423,2020-03-14,Chat,AGT030,General Query
INT001023,CUST00423,2022-12-03,Call,AGT009,Policy Renewal Inquiry
INT001024,CUST00423,2023-12-02,Call,AGT004,Premium Payment Issue
INT001025,CUST00423,2023-04-18,Chat,AGT001,Complaint - Service Delay
INT001026,CUST00424,2024-12-18,Mobile App,AGT031,Discount Eligibility
INT001027,CUST00424,2020-12-07,Chat,AGT004,Billing Dispute
INT001028,CUST00424,2026-07-27,Email,AGT007,New Policy Quote
INT001029,CUST00425,2025-01-04,Call,AGT017,Premium Payment Issue
INT001030,CUST00425,2024-08-29,Mobile App,AGT036,Complaint - Service Delay
INT001031,CUST00425,2026-07-20,Email,AGT003,Billing Dispute
INT001032,CUST00426,2022-08-02,Call,AGT017,Policy Renewal Inquiry
INT001033,CUST00427,2025-10-23,Mobile App,AGT030,Complaint - Service Delay
INT001034,CUST00427,2023-12-01,Branch Visit,AGT005,New Policy Quote
INT001035,CUST00427,2024-06-28,Chat,AGT040,Beneficiary Update
INT001036,CUST00428,2022-04-15,Call,AGT013,Complaint - Service Delay
INT001037,CUST00428,2021-05-19,Chat,AGT005,Cancellation Request
INT001038,CUST00428,2024-02-29,Chat,AGT001,Billing Dispute
INT001039,CUST00428,2025-07-12,Chat,AGT016,Coverage Change Request
INT001040,CUST00429,2026-07-11,Chat,AGT020,Complaint - Service Delay
INT001041,CUST00430,2023-06-02,Chat,AGT007,New Policy Quote
INT001042,CUST00430,2026-06-19,Chat,AGT012,Address Update
INT001043,CUST00430,2025-03-28,Call,AGT025,Complaint - Service Delay
INT001044,CUST00431,2021-02-23,Email,AGT028,New Policy Quote
INT001045,CUST00431,2024-12-26,Call,AGT018,Cancellation Request
INT001046,CUST00431,2024-12-10,Chat,AGT036,New Policy Quote
INT001047,CUST00431,2022-04-23,Branch Visit,AGT029,Claim Status Check
INT001048,CUST00432,2022-05-20,Call,AGT008,Claim Status Check
INT001049,CUST00432,2026-07-07,Mobile App,AGT034,New Policy Quote
INT001050,CUST00433,2026-06-18,Email,AGT009,Billing Dispute
INT001051,CUST00433,2025-05-21,Call,AGT008,Cancellation Request
INT001052,CUST00433,2024-11-04,Email,AGT032,Address Update
INT001053,CUST00434,2024-09-10,Email,AGT018,Discount Eligibility
INT001054,CUST00435,2020-12-25,Call,AGT001,Claim Status Check
INT001055,CUST00435,2020-04-20,Mobile App,AGT011,General Query
INT001056,CUST00435,2026-03-30,Mobile App,AGT034,Coverage Change Request
INT001057,CUST00436,2025-03-16,Branch Visit,AGT005,Billing Dispute
INT001058,CUST00436,2022-06-23,Call,AGT006,Discount Eligibility
INT001059,CUST00436,2026-07-10,Call,AGT006,General Query
INT001060,CUST00437,2022-11-23,Call,AGT036,Claim Status Check
INT001061,CUST00437,2025-04-29,Mobile App,AGT037,Cancellation Request
INT001062,CUST00438,2024-01-28,Chat,AGT009,Coverage Change Request
INT001063,CUST00439,2025-03-11,Call,AGT012,Billing Dispute
INT001064,CUST00439,2026-07-06,Call,AGT010,Billing Dispute
INT001065,CUST00439,2026-05-05,Mobile App,AGT001,Address Update
INT001066,CUST00440,2025-02-14,Chat,AGT038,Premium Payment Issue
INT001067,CUST00440,2026-01-07,Email,AGT029,Billing Dispute
INT001068,CUST00440,2026-02-24,Chat,AGT019,Premium Payment Issue
INT001069,CUST00440,2025-07-02,Call,AGT020,General Query
INT001070,CUST00440,2025-06-26,Email,AGT025,Beneficiary Update
INT001071,CUST00441,2024-08-21,Chat,AGT026,Cancellation Request
INT001072,CUST00441,2026-07-05,Email,AGT009,Policy Renewal Inquiry
INT001073,CUST00441,2023-12-23,Email,AGT037,Complaint - Service Delay
INT001074,CUST00441,2024-04-27,Call,AGT008,Discount Eligibility
INT001075,CUST00442,2025-01-27,Chat,AGT033,Cancellation Request
INT001076,CUST00442,2025-09-04,Mobile App,AGT014,Billing Dispute
INT001077,CUST00442,2025-10-11,Branch Visit,AGT023,Coverage Change Request
INT001078,CUST00442,2026-01-04,Chat,AGT003,Address Update
INT001079,CUST00442,2025-01-21,Call,AGT013,Address Update
INT001080,CUST00443,2025-08-16,Call,AGT003,Premium Payment Issue
INT001081,CUST00443,2023-02-14,Chat,AGT001,Premium Payment Issue
INT001082,CUST00443,2022-03-30,Email,AGT027,Discount Eligibility
INT001083,CUST00444,2023-02-04,Email,AGT040,Billing Dispute
INT001084,CUST00445,2023-04-16,Mobile App,AGT030,Beneficiary Update
INT001085,CUST00446,2023-08-29,Call,AGT006,New Policy Quote
INT001086,CUST00447,2021-11-13,Email,AGT026,General Query
INT001087,CUST00448,2021-03-28,Branch Visit,AGT035,Premium Payment Issue
INT001088,CUST00449,2020-02-16,Email,AGT002,Policy Renewal Inquiry
INT001089,CUST00450,2025-04-19,Call,AGT035,Policy Renewal Inquiry
INT001090,CUST00450,2025-05-27,Email,AGT036,Premium Payment Issue
INT001091,CUST00450,2024-09-24,Chat,AGT021,General Query
INT001092,CUST00451,2022-10-29,Call,AGT010,Premium Payment Issue
INT001093,CUST00451,2022-09-05,Mobile App,AGT009,Address Update
INT001094,CUST00452,2020-03-26,Email,AGT014,New Policy Quote
INT001095,CUST00452,2022-06-08,Branch Visit,AGT012,Discount Eligibility
INT001096,CUST00453,2025-07-20,Call,AGT010,Coverage Change Request
INT001097,CUST00453,2021-07-20,Call,AGT018,Claim Status Check
INT001098,CUST00453,2024-05-24,Mobile App,AGT004,Address Update
INT001099,CUST00453,2025-11-20,Call,AGT006,Billing Dispute
INT001100,CUST00454,2025-10-05,Chat,AGT035,General Query
INT001101,CUST00454,2025-06-18,Call,AGT014,General Query
INT001102,CUST00454,2025-05-10,Mobile App,AGT012,Address Update
INT001103,CUST00455,2024-06-06,Call,AGT008,Beneficiary Update
INT001104,CUST00455,2024-12-26,Chat,AGT006,Policy Renewal Inquiry
INT001105,CUST00455,2021-01-19,Email,AGT033,Cancellation Request
INT001106,CUST00455,2021-03-30,Call,AGT016,General Query
INT001107,CUST00455,2023-07-26,Call,AGT012,Claim Status Check
INT001108,CUST00456,2026-01-01,Call,AGT020,Billing Dispute
INT001109,CUST00456,2025-06-08,Email,AGT031,Policy Renewal Inquiry
INT001110,CUST00456,2025-09-28,Chat,AGT034,Beneficiary Update
INT001111,CUST00457,2025-07-09,Chat,AGT017,Billing Dispute
INT001112,CUST00457,2021-12-18,Call,AGT022,Beneficiary Update
INT001113,CUST00457,2025-01-27,Chat,AGT013,Policy Renewal Inquiry
INT001114,CUST00457,2022-11-02,Call,AGT033,New Policy Quote
INT001115,CUST00458,2026-03-25,Email,AGT018,Coverage Change Request
INT001116,CUST00458,2025-02-21,Call,AGT004,Cancellation Request
INT001117,CUST00458,2026-07-18,Chat,AGT016,Policy Renewal Inquiry
INT001118,CUST00459,2025-09-07,Email,AGT028,Discount Eligibility
INT001119,CUST00459,2026-05-10,Chat,AGT024,Address Update
INT001120,CUST00459,2026-06-16,Email,AGT029,Complaint - Service Delay
INT001121,CUST00460,2023-07-23,Chat,AGT030,Coverage Change Request
INT001122,CUST00460,2023-09-23,Call,AGT015,Address Update
INT001123,CUST00460,2026-08-12,Call,AGT003,Premium Payment Issue
INT001124,CUST00460,2023-04-07,Call,AGT004,New Policy Quote
INT001125,CUST00460,2023-03-31,Email,AGT030,Cancellation Request
INT001126,CUST00461,2024-06-21,Mobile App,AGT030,Discount Eligibility
INT001127,CUST00461,2024-05-02,Mobile App,AGT010,Discount Eligibility
INT001128,CUST00461,2024-02-14,Chat,AGT030,Beneficiary Update
INT001129,CUST00462,2026-01-12,Call,AGT003,Beneficiary Update
INT001130,CUST00462,2024-12-24,Branch Visit,AGT011,Premium Payment Issue
INT001131,CUST00462,2023-09-30,Call,AGT030,New Policy Quote
INT001132,CUST00463,2025-09-09,Mobile App,AGT029,Premium Payment Issue
INT001133,CUST00463,2026-05-03,Call,AGT002,Claim Status Check
INT001134,CUST00464,2024-09-14,Call,AGT022,Discount Eligibility
INT001135,CUST00465,2023-04-20,Email,AGT031,Coverage Change Request
INT001136,CUST00465,2020-06-25,Email,AGT027,Complaint - Service Delay
INT001137,CUST00466,2022-12-02,Mobile App,AGT039,Beneficiary Update
INT001138,CUST00466,2026-04-27,Branch Visit,AGT003,Discount Eligibility
INT001139,CUST00466,2021-05-24,Email,AGT026,Complaint - Service Delay
INT001140,CUST00467,2026-02-21,Email,AGT033,Policy Renewal Inquiry
INT001141,CUST00467,2026-07-18,Call,AGT011,Billing Dispute
INT001142,CUST00467,2025-03-24,Mobile App,AGT009,Coverage Change Request
INT001143,CUST00468,2020-02-09,Chat,AGT036,Coverage Change Request
INT001144,CUST00468,2021-05-09,Call,AGT035,Complaint - Service Delay
INT001145,CUST00468,2021-05-08,Branch Visit,AGT021,Discount Eligibility
INT001146,CUST00469,2026-07-15,Chat,AGT013,Beneficiary Update
INT001147,CUST00469,2022-04-23,Chat,AGT015,Address Update
INT001148,CUST00470,2022-02-18,Mobile App,AGT024,Billing Dispute
INT001149,CUST00470,2022-10-18,Call,AGT029,Discount Eligibility
INT001150,CUST00470,2021-09-10,Call,AGT037,New Policy Quote
INT001151,CUST00470,2020-04-28,Branch Visit,AGT018,Address Update
INT001152,CUST00470,2026-02-12,Mobile App,AGT007,Beneficiary Update
INT001153,CUST00471,2026-05-03,Chat,AGT037,Complaint - Service Delay
INT001154,CUST00471,2021-12-27,Call,AGT038,Premium Payment Issue
INT001155,CUST00472,2020-06-08,Email,AGT040,Beneficiary Update
INT001156,CUST00472,2025-11-07,Call,AGT016,Discount Eligibility
INT001157,CUST00472,2026-01-18,Chat,AGT026,Coverage Change Request
INT001158,CUST00472,2021-01-20,Mobile App,AGT003,Cancellation Request
INT001159,CUST00473,2024-10-22,Call,AGT030,Address Update
INT001160,CUST00474,2020-06-14,Call,AGT015,Address Update
INT001161,CUST00474,2024-05-06,Call,AGT038,Claim Status Check
INT001162,CUST00475,2025-05-29,Branch Visit,AGT031,Policy Renewal Inquiry
INT001163,CUST00475,2025-04-05,Email,AGT040,Address Update
INT001164,CUST00475,2023-11-17,Chat,AGT018,Billing Dispute
INT001165,CUST00475,2022-05-07,Chat,AGT035,New Policy Quote
INT001166,CUST00476,2022-12-12,Call,AGT011,Complaint - Service Delay
INT001167,CUST00477,2023-10-01,Call,AGT030,Coverage Change Request
INT001168,CUST00477,2021-02-23,Call,AGT033,Discount Eligibility
INT001169,CUST00477,2025-07-17,Call,AGT009,New Policy Quote
INT001170,CUST00478,2024-08-17,Call,AGT002,Premium Payment Issue
INT001171,CUST00478,2026-01-19,Call,AGT031,Premium Payment Issue
INT001172,CUST00479,2024-03-05,Mobile App,AGT011,Claim Status Check
INT001173,CUST00479,2021-11-19,Chat,AGT032,Discount Eligibility
INT001174,CUST00480,2021-08-25,Mobile App,AGT016,Claim Status Check
INT001175,CUST00480,2022-12-27,Mobile App,AGT015,Billing Dispute
INT001176,CUST00480,2024-04-30,Call,AGT025,Coverage Change Request
INT001177,CUST00480,2024-09-07,Email,AGT030,Complaint - Service Delay
INT001178,CUST00480,2026-07-14,Branch Visit,AGT029,Premium Payment Issue
INT001179,CUST00481,2026-05-31,Email,AGT033,Discount Eligibility
INT001180,CUST00481,2020-04-18,Call,AGT023,Coverage Change Request
INT001181,CUST00482,2024-06-02,Call,AGT022,General Query
INT001182,CUST00482,2023-03-19,Mobile App,AGT004,Beneficiary Update
INT001183,CUST00482,2026-01-13,Email,AGT015,Billing Dispute
INT001184,CUST00483,2024-11-23,Email,AGT039,Address Update
INT001185,CUST00483,2024-10-15,Email,AGT019,Cancellation Request
INT001186,CUST00483,2021-05-30,Branch Visit,AGT037,Claim Status Check
INT001187,CUST00484,2025-07-17,Email,AGT025,Policy Renewal Inquiry
INT001188,CUST00484,2025-01-03,Call,AGT035,Claim Status Check
INT001189,CUST00484,2025-01-14,Call,AGT002,Policy Renewal Inquiry
INT001190,CUST00485,2026-05-19,Chat,AGT016,Claim Status Check
INT001191,CUST00485,2026-05-13,Mobile App,AGT011,Discount Eligibility
INT001192,CUST00486,2023-10-22,Email,AGT005,Beneficiary Update
INT001193,CUST00486,2021-07-15,Email,AGT014,Premium Payment Issue
INT001194,CUST00487,2024-11-21,Call,AGT006,Beneficiary Update
INT001195,CUST00488,2022-09-07,Chat,AGT011,Complaint - Service Delay
INT001196,CUST00489,2023-04-07,Call,AGT024,Billing Dispute
INT001197,CUST00489,2023-12-04,Chat,AGT019,Billing Dispute
INT001198,CUST00489,2021-10-18,Mobile App,AGT029,Address Update
INT001199,CUST00489,2021-12-16,Mobile App,AGT019,Billing Dispute
INT001200,CUST00489,2025-02-25,Branch Visit,AGT005,Complaint - Service Delay
INT001201,CUST00490,2026-02-06,Email,AGT036,Cancellation Request
INT001202,CUST00490,2026-08-15,Email,AGT017,Premium Payment Issue
INT001203,CUST00491,2024-03-19,Chat,AGT008,Coverage Change Request
INT001204,CUST00491,2025-12-18,Email,AGT011,Coverage Change Request
INT001205,CUST00491,2020-12-15,Email,AGT036,Premium Payment Issue
INT001206,CUST00491,2022-04-16,Call,AGT002,Address Update
INT001207,CUST00492,2026-05-07,Mobile App,AGT037,Policy Renewal Inquiry
INT001208,CUST00492,2026-02-15,Chat,AGT033,Claim Status Check
INT001209,CUST00493,2022-10-23,Call,AGT026,Coverage Change Request
INT001210,CUST00494,2026-03-24,Mobile App,AGT008,New Policy Quote
INT001211,CUST00494,2020-11-03,Email,AGT003,Premium Payment Issue
INT001212,CUST00495,2021-11-29,Email,AGT021,Discount Eligibility
INT001213,CUST00495,2022-03-29,Call,AGT013,New Policy Quote
INT001214,CUST00495,2025-09-09,Email,AGT019,Billing Dispute
INT001215,CUST00495,2022-01-20,Call,AGT035,Premium Payment Issue
INT001216,CUST00495,2025-08-10,Mobile App,AGT017,Policy Renewal Inquiry
INT001217,CUST00496,2022-11-19,Call,AGT023,Discount Eligibility
INT001218,CUST00496,2021-06-26,Call,AGT017,Coverage Change Request
INT001219,CUST00496,2021-10-12,Call,AGT035,Premium Payment Issue
INT001220,CUST00497,2021-09-20,Chat,AGT019,Complaint - Service Delay
INT001221,CUST00497,2024-06-15,Mobile App,AGT027,Cancellation Request
INT001222,CUST00498,2025-10-02,Chat,AGT014,Policy Renewal Inquiry
INT001223,CUST00498,2021-02-03,Call,AGT032,Premium Payment Issue
INT001224,CUST00498,2022-12-27,Chat,AGT004,Beneficiary Update
INT001225,CUST00498,2025-05-01,Chat,AGT023,Claim Status Check
INT001226,CUST00499,2025-12-31,Email,AGT017,Address Update
INT001227,CUST00500,2025-04-15,Chat,AGT039,Discount Eligibility
INT001228,CUST00501,2025-04-13,Chat,AGT036,Billing Dispute
INT001229,CUST00501,2025-03-11,Branch Visit,AGT040,Premium Payment Issue
INT001230,CUST00502,2023-01-18,Chat,AGT040,Discount Eligibility
INT001231,CUST00503,2025-10-01,Call,AGT022,Claim Status Check
INT001232,CUST00503,2022-12-10,Mobile App,AGT003,New Policy Quote
INT001233,CUST00504,2024-11-22,Email,AGT038,Coverage Change Request
INT001234,CUST00504,2021-08-12,Chat,AGT007,Policy Renewal Inquiry
INT001235,CUST00504,2025-01-29,Branch Visit,AGT012,Address Update
INT001236,CUST00504,2026-04-25,Email,AGT011,Premium Payment Issue
INT001237,CUST00504,2024-10-23,Mobile App,AGT031,Discount Eligibility
INT001238,CUST00505,2021-06-11,Call,AGT012,New Policy Quote
INT001239,CUST00505,2021-04-26,Chat,AGT011,Premium Payment Issue
INT001240,CUST00505,2021-11-22,Mobile App,AGT024,Billing Dispute
INT001241,CUST00506,2025-02-07,Chat,AGT021,General Query
INT001242,CUST00506,2021-02-24,Call,AGT029,Beneficiary Update
INT001243,CUST00506,2022-06-27,Call,AGT022,Billing Dispute
INT001244,CUST00506,2026-04-07,Branch Visit,AGT029,Premium Payment Issue
INT001245,CUST00507,2025-09-27,Email,AGT032,Address Update
INT001246,CUST00508,2025-03-30,Call,AGT021,Claim Status Check
INT001247,CUST00509,2024-06-29,Email,AGT028,Premium Payment Issue
INT001248,CUST00509,2025-05-31,Email,AGT040,Billing Dispute
INT001249,CUST00510,2026-05-06,Chat,AGT003,Complaint - Service Delay
INT001250,CUST00511,2022-11-27,Chat,AGT040,Discount Eligibility
INT001251,CUST00512,2025-12-22,Email,AGT001,Coverage Change Request
INT001252,CUST00513,2023-12-28,Call,AGT020,Billing Dispute
INT001253,CUST00513,2022-01-16,Call,AGT039,Claim Status Check
INT001254,CUST00514,2026-01-27,Chat,AGT022,Policy Renewal Inquiry
INT001255,CUST00514,2025-11-29,Chat,AGT034,Billing Dispute
INT001256,CUST00514,2025-03-14,Chat,AGT018,Beneficiary Update
INT001257,CUST00514,2025-05-10,Call,AGT035,Coverage Change Request
INT001258,CUST00515,2020-05-19,Chat,AGT009,Premium Payment Issue
INT001259,CUST00515,2022-08-16,Branch Visit,AGT023,Claim Status Check
INT001260,CUST00515,2025-06-20,Call,AGT020,Address Update
INT001261,CUST00515,2022-02-14,Chat,AGT027,Beneficiary Update
INT001262,CUST00516,2020-07-08,Email,AGT023,Address Update
INT001263,CUST00517,2025-04-27,Mobile App,AGT001,General Query
INT001264,CUST00517,2022-12-12,Mobile App,AGT015,New Policy Quote
INT001265,CUST00518,2024-02-07,Call,AGT039,Coverage Change Request
INT001266,CUST00518,2022-11-25,Call,AGT028,Claim Status Check
INT001267,CUST00518,2022-03-10,Mobile App,AGT035,General Query
INT001268,CUST00519,2024-02-16,Call,AGT005,Billing Dispute
INT001269,CUST00519,2026-04-26,Email,AGT026,Claim Status Check
INT001270,CUST00519,2025-05-13,Branch Visit,AGT022,Policy Renewal Inquiry
INT001271,CUST00519,2026-05-31,Email,AGT039,Complaint - Service Delay
INT001272,CUST00520,2024-08-03,Call,AGT013,Complaint - Service Delay
INT001273,CUST00520,2026-05-08,Chat,AGT035,Address Update
INT001274,CUST00521,2024-09-13,Email,AGT033,General Query
INT001275,CUST00521,2024-07-15,Call,AGT022,Claim Status Check
INT001276,CUST00521,2026-02-27,Call,AGT033,Address Update
INT001277,CUST00521,2023-05-25,Email,AGT031,Coverage Change Request
INT001278,CUST00522,2025-01-27,Call,AGT033,New Policy Quote
INT001279,CUST00522,2025-03-04,Call,AGT019,Complaint - Service Delay
INT001280,CUST00522,2025-03-07,Mobile App,AGT002,Cancellation Request
INT001281,CUST00523,2023-11-01,Branch Visit,AGT022,Address Update
INT001282,CUST00524,2023-10-02,Chat,AGT035,New Policy Quote
INT001283,CUST00524,2023-08-04,Mobile App,AGT015,Premium Payment Issue
INT001284,CUST00524,2025-12-16,Mobile App,AGT024,Billing Dispute
INT001285,CUST00525,2026-01-13,Mobile App,AGT021,Cancellation Request
INT001286,CUST00526,2024-02-22,Email,AGT006,General Query
INT001287,CUST00526,2025-01-27,Call,AGT011,Cancellation Request
INT001288,CUST00527,2021-11-29,Branch Visit,AGT035,Policy Renewal Inquiry
INT001289,CUST00527,2022-05-31,Branch Visit,AGT029,Beneficiary Update
INT001290,CUST00528,2024-08-27,Call,AGT017,Cancellation Request
INT001291,CUST00529,2025-10-12,Call,AGT027,Policy Renewal Inquiry
INT001292,CUST00530,2023-06-19,Chat,AGT037,Coverage Change Request
INT001293,CUST00530,2022-09-04,Mobile App,AGT032,New Policy Quote
INT001294,CUST00531,2022-05-12,Branch Visit,AGT033,Address Update
INT001295,CUST00531,2022-07-10,Call,AGT015,General Query
INT001296,CUST00532,2022-09-26,Chat,AGT023,Billing Dispute
INT001297,CUST00533,2023-12-04,Mobile App,AGT033,General Query
INT001298,CUST00533,2023-01-17,Call,AGT026,Cancellation Request
INT001299,CUST00534,2026-08-10,Call,AGT040,Complaint - Service Delay
INT001300,CUST00534,2021-12-26,Mobile App,AGT003,Beneficiary Update
INT001301,CUST00535,2026-01-08,Call,AGT006,Policy Renewal Inquiry
INT001302,CUST00536,2022-12-10,Call,AGT027,Cancellation Request
INT001303,CUST00537,2026-04-15,Call,AGT001,Address Update
INT001304,CUST00537,2024-07-21,Chat,AGT017,Billing Dispute
INT001305,CUST00538,2026-04-03,Mobile App,AGT005,Cancellation Request
INT001306,CUST00538,2023-10-22,Mobile App,AGT032,Discount Eligibility
INT001307,CUST00538,2025-04-27,Email,AGT023,Policy Renewal Inquiry
INT001308,CUST00539,2023-04-23,Chat,AGT011,New Policy Quote
INT001309,CUST00540,2022-09-30,Call,AGT037,Claim Status Check
INT001310,CUST00541,2023-02-20,Call,AGT030,New Policy Quote
INT001311,CUST00541,2022-11-17,Mobile App,AGT031,Claim Status Check
INT001312,CUST00542,2024-06-06,Email,AGT026,Claim Status Check
INT001313,CUST00542,2023-03-28,Email,AGT009,Beneficiary Update
INT001314,CUST00542,2022-02-16,Branch Visit,AGT014,Address Update
INT001315,CUST00542,2020-07-17,Call,AGT031,General Query
INT001316,CUST00542,2024-12-01,Call,AGT030,Billing Dispute
INT001317,CUST00543,2022-06-24,Call,AGT019,Address Update
INT001318,CUST00543,2022-12-22,Mobile App,AGT037,Claim Status Check
INT001319,CUST00544,2025-07-22,Call,AGT036,Coverage Change Request
INT001320,CUST00544,2023-09-28,Call,AGT014,Coverage Change Request
INT001321,CUST00545,2022-07-15,Call,AGT018,Beneficiary Update
INT001322,CUST00546,2026-07-01,Call,AGT019,Claim Status Check
INT001323,CUST00546,2023-06-26,Chat,AGT029,New Policy Quote
INT001324,CUST00547,2023-02-21,Call,AGT036,Discount Eligibility
INT001325,CUST00548,2023-02-05,Chat,AGT013,Beneficiary Update
INT001326,CUST00548,2023-03-01,Chat,AGT009,Complaint - Service Delay
INT001327,CUST00548,2021-05-12,Email,AGT011,Address Update
INT001328,CUST00549,2025-04-26,Chat,AGT014,New Policy Quote
INT001329,CUST00549,2024-12-29,Email,AGT002,Claim Status Check
INT001330,CUST00550,2025-11-17,Chat,AGT037,Claim Status Check
INT001331,CUST00551,2026-04-22,Chat,AGT023,Premium Payment Issue
INT001332,CUST00551,2024-11-20,Call,AGT037,New Policy Quote
INT001333,CUST00552,2026-03-18,Call,AGT025,New Policy Quote
INT001334,CUST00553,2020-08-25,Chat,AGT022,Beneficiary Update
INT001335,CUST00553,2022-11-15,Mobile App,AGT024,General Query
INT001336,CUST00554,2022-11-30,Chat,AGT021,Premium Payment Issue
INT001337,CUST00554,2020-10-15,Branch Visit,AGT001,Premium Payment Issue
INT001338,CUST00554,2022-04-18,Call,AGT033,Address Update
INT001339,CUST00555,2025-01-25,Call,AGT005,Coverage Change Request
INT001340,CUST00555,2024-10-25,Branch Visit,AGT002,Billing Dispute
INT001341,CUST00555,2020-09-30,Mobile App,AGT010,Claim Status Check
INT001342,CUST00556,2023-03-18,Call,AGT027,Address Update
INT001343,CUST00556,2025-04-15,Email,AGT023,Premium Payment Issue
INT001344,CUST00556,2020-09-04,Call,AGT034,Billing Dispute
INT001345,CUST00556,2023-07-08,Chat,AGT020,Premium Payment Issue
INT001346,CUST00557,2024-11-10,Mobile App,AGT034,Cancellation Request
INT001347,CUST00557,2022-01-18,Branch Visit,AGT011,Beneficiary Update
INT001348,CUST00558,2024-10-21,Chat,AGT018,Billing Dispute
INT001349,CUST00559,2020-03-13,Email,AGT023,Cancellation Request
INT001350,CUST00559,2021-08-11,Email,AGT040,Coverage Change Request
INT001351,CUST00559,2024-08-12,Chat,AGT037,Policy Renewal Inquiry
INT001352,CUST00559,2020-02-07,Email,AGT025,Billing Dispute
INT001353,CUST00560,2021-08-03,Chat,AGT016,New Policy Quote
INT001354,CUST00560,2022-02-08,Branch Visit,AGT036,General Query
INT001355,CUST00560,2023-09-29,Mobile App,AGT006,Complaint - Service Delay
INT001356,CUST00561,2022-04-22,Chat,AGT020,Complaint - Service Delay
INT001357,CUST00561,2022-03-23,Email,AGT020,Address Update
INT001358,CUST00561,2022-01-15,Call,AGT029,Cancellation Request
INT001359,CUST00561,2023-05-25,Call,AGT011,New Policy Quote
INT001360,CUST00562,2025-02-27,Email,AGT020,Coverage Change Request
INT001361,CUST00562,2021-09-30,Chat,AGT026,Premium Payment Issue
INT001362,CUST00563,2026-03-12,Call,AGT014,Billing Dispute
INT001363,CUST00563,2026-04-12,Email,AGT016,Discount Eligibility
INT001364,CUST00563,2025-05-21,Chat,AGT015,Policy Renewal Inquiry
INT001365,CUST00563,2026-02-25,Call,AGT017,Cancellation Request
INT001366,CUST00564,2022-03-03,Mobile App,AGT016,Address Update
INT001367,CUST00564,2025-05-18,Call,AGT021,Discount Eligibility
INT001368,CUST00565,2026-01-26,Mobile App,AGT021,Discount Eligibility
INT001369,CUST00565,2022-05-18,Call,AGT038,Complaint - Service Delay
INT001370,CUST00566,2021-05-10,Call,AGT002,Billing Dispute
INT001371,CUST00567,2022-03-15,Call,AGT024,Policy Renewal Inquiry
INT001372,CUST00567,2022-04-20,Chat,AGT038,Beneficiary Update
INT001373,CUST00567,2023-05-10,Mobile App,AGT017,Policy Renewal Inquiry
INT001374,CUST00568,2023-02-10,Branch Visit,AGT004,Discount Eligibility
INT001375,CUST00568,2025-09-11,Email,AGT026,Address Update
INT001376,CUST00568,2025-12-14,Call,AGT026,New Policy Quote
INT001377,CUST00569,2024-06-08,Chat,AGT011,New Policy Quote
INT001378,CUST00569,2025-04-20,Call,AGT029,Cancellation Request
INT001379,CUST00570,2026-04-04,Email,AGT028,Billing Dispute
INT001380,CUST00570,2026-02-06,Call,AGT038,Premium Payment Issue
INT001381,CUST00571,2023-06-27,Call,AGT039,Coverage Change Request
INT001382,CUST00571,2025-01-06,Call,AGT009,Discount Eligibility
INT001383,CUST00572,2026-06-02,Email,AGT018,Premium Payment Issue
INT001384,CUST00572,2023-12-21,Mobile App,AGT006,Cancellation Request
INT001385,CUST00573,2023-12-26,Chat,AGT012,Coverage Change Request
INT001386,CUST00573,2021-02-23,Email,AGT018,Beneficiary Update
INT001387,CUST00574,2023-03-24,Call,AGT012,Discount Eligibility
INT001388,CUST00574,2022-06-29,Call,AGT021,Complaint - Service Delay
INT001389,CUST00575,2023-03-28,Email,AGT008,Premium Payment Issue
INT001390,CUST00575,2023-08-17,Call,AGT038,Coverage Change Request
INT001391,CUST00575,2025-12-27,Email,AGT014,Cancellation Request
INT001392,CUST00575,2023-04-15,Call,AGT005,Complaint - Service Delay
INT001393,CUST00576,2022-06-12,Email,AGT030,Coverage Change Request
INT001394,CUST00576,2025-06-01,Chat,AGT030,General Query
INT001395,CUST00577,2026-03-21,Call,AGT021,Address Update
INT001396,CUST00577,2025-05-27,Email,AGT030,Cancellation Request
INT001397,CUST00578,2024-05-09,Call,AGT040,Beneficiary Update
INT001398,CUST00578,2023-11-15,Mobile App,AGT036,Beneficiary Update
INT001399,CUST00578,2020-04-26,Email,AGT016,Discount Eligibility
INT001400,CUST00578,2025-09-20,Email,AGT021,Address Update
INT001401,CUST00578,2023-01-04,Mobile App,AGT020,General Query
INT001402,CUST00579,2025-06-20,Mobile App,AGT013,Cancellation Request
INT001403,CUST00579,2025-02-23,Email,AGT008,Beneficiary Update
INT001404,CUST00579,2024-11-16,Call,AGT002,New Policy Quote
INT001405,CUST00579,2024-04-11,Email,AGT023,New Policy Quote
INT001406,CUST00580,2026-05-21,Call,AGT020,Beneficiary Update
INT001407,CUST00580,2025-05-06,Chat,AGT036,Address Update
INT001408,CUST00581,2025-02-19,Branch Visit,AGT007,Claim Status Check
INT001409,CUST00581,2025-12-16,Email,AGT039,Policy Renewal Inquiry
INT001410,CUST00582,2025-12-01,Call,AGT009,Beneficiary Update
INT001411,CUST00583,2021-11-21,Call,AGT012,Cancellation Request
INT001412,CUST00583,2022-04-24,Email,AGT023,Cancellation Request
INT001413,CUST00584,2022-02-01,Mobile App,AGT004,Cancellation Request
INT001414,CUST00585,2020-10-10,Chat,AGT007,Cancellation Request
INT001415,CUST00586,2025-03-03,Mobile App,AGT040,Policy Renewal Inquiry
INT001416,CUST00586,2024-09-09,Call,AGT022,Premium Payment Issue
INT001417,CUST00586,2026-06-16,Mobile App,AGT036,Premium Payment Issue
INT001418,CUST00587,2025-05-23,Branch Visit,AGT020,Discount Eligibility
INT001419,CUST00587,2025-04-06,Email,AGT001,Discount Eligibility
INT001420,CUST00587,2023-05-22,Call,AGT012,Complaint - Service Delay
INT001421,CUST00588,2025-04-24,Call,AGT016,Premium Payment Issue
INT001422,CUST00588,2025-01-24,Call,AGT024,Beneficiary Update
INT001423,CUST00588,2021-05-08,Branch Visit,AGT012,Coverage Change Request
INT001424,CUST00589,2022-04-10,Branch Visit,AGT020,Address Update
INT001425,CUST00589,2020-09-08,Chat,AGT021,Cancellation Request
INT001426,CUST00589,2022-04-17,Chat,AGT006,Complaint - Service Delay
INT001427,CUST00589,2020-11-18,Call,AGT004,General Query
INT001428,CUST00590,2024-06-06,Branch Visit,AGT014,Claim Status Check
INT001429,CUST00590,2025-11-20,Branch Visit,AGT025,Discount Eligibility
INT001430,CUST00590,2020-03-07,Email,AGT005,Beneficiary Update
INT001431,CUST00591,2026-08-06,Email,AGT014,New Policy Quote
INT001432,CUST00591,2026-03-23,Call,AGT020,Billing Dispute
INT001433,CUST00592,2026-01-25,Call,AGT007,Coverage Change Request
INT001434,CUST00592,2023-11-01,Mobile App,AGT023,Billing Dispute
INT001435,CUST00593,2026-06-22,Call,AGT038,Complaint - Service Delay
INT001436,CUST00593,2021-02-27,Call,AGT016,New Policy Quote
INT001437,CUST00593,2020-03-28,Chat,AGT022,Billing Dispute
INT001438,CUST00593,2025-01-15,Chat,AGT027,Billing Dispute
INT001439,CUST00594,2026-02-13,Email,AGT025,Discount Eligibility
INT001440,CUST00594,2026-04-17,Call,AGT018,Coverage Change Request
INT001441,CUST00594,2023-08-15,Email,AGT013,Claim Status Check
INT001442,CUST00595,2024-04-24,Call,AGT040,Billing Dispute
INT001443,CUST00595,2023-01-18,Chat,AGT030,Premium Payment Issue
INT001444,CUST00596,2024-12-09,Branch Visit,AGT035,Billing Dispute
INT001445,CUST00596,2023-11-21,Chat,AGT034,Billing Dispute
INT001446,CUST00596,2023-05-19,Call,AGT004,Premium Payment Issue
INT001447,CUST00597,2025-06-03,Email,AGT025,General Query
INT001448,CUST00598,2020-08-10,Call,AGT028,Cancellation Request
INT001449,CUST00599,2024-06-30,Call,AGT029,Beneficiary Update
INT001450,CUST00599,2026-01-14,Call,AGT019,Billing Dispute
INT001451,CUST00599,2024-12-25,Mobile App,AGT008,Discount Eligibility
INT001452,CUST00599,2024-02-09,Branch Visit,AGT026,Complaint - Service Delay
INT001453,CUST00600,2020-09-24,Chat,AGT001,Address Update
INT001454,CUST00600,2024-08-30,Call,AGT014,Discount Eligibility
INT001455,CUST00601,2026-06-30,Call,AGT007,Policy Renewal Inquiry
INT001456,CUST00601,2023-11-16,Chat,AGT011,New Policy Quote
INT001457,CUST00602,2023-11-17,Chat,AGT018,Premium Payment Issue
INT001458,CUST00602,2025-02-27,Branch Visit,AGT016,New Policy Quote
INT001459,CUST00603,2025-02-11,Call,AGT009,Billing Dispute
INT001460,CUST00604,2026-06-08,Email,AGT033,General Query
INT001461,CUST00604,2026-02-19,Chat,AGT011,Premium Payment Issue
INT001462,CUST00604,2026-08-06,Mobile App,AGT015,New Policy Quote
INT001463,CUST00604,2026-02-16,Call,AGT029,Complaint - Service Delay
INT001464,CUST00604,2026-04-12,Call,AGT038,Policy Renewal Inquiry
INT001465,CUST00605,2025-07-08,Email,AGT008,Coverage Change Request
INT001466,CUST00606,2023-10-22,Mobile App,AGT034,Complaint - Service Delay
INT001467,CUST00606,2025-07-04,Mobile App,AGT022,Premium Payment Issue
INT001468,CUST00606,2020-12-03,Call,AGT011,Discount Eligibility
INT001469,CUST00606,2020-05-17,Mobile App,AGT020,Policy Renewal Inquiry
INT001470,CUST00607,2023-02-25,Call,AGT009,Policy Renewal Inquiry
INT001471,CUST00607,2026-02-10,Call,AGT031,General Query
INT001472,CUST00607,2023-05-20,Call,AGT024,Coverage Change Request
INT001473,CUST00608,2026-01-14,Call,AGT009,Claim Status Check
INT001474,CUST00608,2026-07-06,Call,AGT027,Coverage Change Request
INT001475,CUST00609,2026-04-17,Email,AGT037,Billing Dispute
INT001476,CUST00609,2026-02-18,Chat,AGT027,New Policy Quote
INT001477,CUST00610,2024-05-30,Chat,AGT040,Claim Status Check
INT001478,CUST00610,2026-05-19,Chat,AGT035,Discount Eligibility
INT001479,CUST00611,2021-04-12,Mobile App,AGT015,Discount Eligibility
INT001480,CUST00611,2023-06-22,Chat,AGT019,New Policy Quote
INT001481,CUST00611,2022-10-11,Chat,AGT011,Beneficiary Update
INT001482,CUST00611,2025-07-30,Email,AGT013,Complaint - Service Delay
INT001483,CUST00612,2025-06-09,Chat,AGT035,Coverage Change Request
INT001484,CUST00612,2026-07-11,Call,AGT034,General Query
INT001485,CUST00612,2026-02-12,Email,AGT027,Cancellation Request
INT001486,CUST00612,2025-11-03,Call,AGT012,Address Update
INT001487,CUST00613,2021-02-02,Chat,AGT022,Billing Dispute
INT001488,CUST00613,2024-04-01,Chat,AGT033,Premium Payment Issue
INT001489,CUST00613,2025-03-17,Call,AGT030,Policy Renewal Inquiry
INT001490,CUST00613,2022-11-27,Branch Visit,AGT037,Claim Status Check
INT001491,CUST00614,2022-12-03,Chat,AGT003,Cancellation Request
INT001492,CUST00615,2025-07-16,Call,AGT026,New Policy Quote
INT001493,CUST00615,2022-01-13,Call,AGT028,Complaint - Service Delay
INT001494,CUST00616,2023-01-25,Branch Visit,AGT039,Policy Renewal Inquiry
INT001495,CUST00616,2022-07-13,Email,AGT023,Claim Status Check
INT001496,CUST00616,2022-10-13,Call,AGT017,New Policy Quote
INT001497,CUST00617,2022-06-04,Branch Visit,AGT015,Billing Dispute
INT001498,CUST00617,2023-08-25,Chat,AGT028,New Policy Quote
INT001499,CUST00618,2021-09-20,Chat,AGT010,Discount Eligibility
INT001500,CUST00619,2021-08-04,Call,AGT039,Billing Dispute
INT001501,CUST00619,2021-05-29,Email,AGT022,Beneficiary Update
INT001502,CUST00619,2025-07-31,Email,AGT024,General Query
INT001503,CUST00619,2021-12-10,Branch Visit,AGT011,Billing Dispute
INT001504,CUST00619,2023-06-14,Chat,AGT015,Billing Dispute
INT001505,CUST00620,2025-05-12,Call,AGT038,Cancellation Request
INT001506,CUST00620,2026-01-26,Chat,AGT014,Address Update
INT001507,CUST00621,2021-11-06,Email,AGT040,Claim Status Check
INT001508,CUST00621,2022-07-05,Branch Visit,AGT031,Coverage Change Request
INT001509,CUST00621,2021-10-15,Branch Visit,AGT040,Policy Renewal Inquiry
INT001510,CUST00622,2020-11-24,Call,AGT026,Discount Eligibility
INT001511,CUST00622,2024-09-23,Chat,AGT029,Discount Eligibility
INT001512,CUST00623,2026-03-08,Branch Visit,AGT029,Address Update
INT001513,CUST00623,2026-05-03,Mobile App,AGT034,Complaint - Service Delay
INT001514,CUST00624,2020-09-16,Call,AGT035,Claim Status Check
INT001515,CUST00625,2022-11-03,Email,AGT017,Claim Status Check
INT001516,CUST00625,2021-08-09,Chat,AGT026,Beneficiary Update
INT001517,CUST00625,2020-12-02,Email,AGT033,Discount Eligibility
INT001518,CUST00625,2020-08-20,Branch Visit,AGT008,New Policy Quote
INT001519,CUST00625,2026-05-29,Call,AGT036,General Query
INT001520,CUST00626,2020-03-26,Mobile App,AGT023,Billing Dispute
INT001521,CUST00626,2020-09-21,Call,AGT038,Beneficiary Update
INT001522,CUST00627,2026-05-17,Chat,AGT035,General Query
INT001523,CUST00627,2023-09-06,Call,AGT008,Complaint - Service Delay
INT001524,CUST00627,2025-03-10,Call,AGT006,Billing Dispute
INT001525,CUST00628,2025-11-14,Mobile App,AGT002,Billing Dispute
INT001526,CUST00629,2026-05-04,Mobile App,AGT011,Address Update
INT001527,CUST00629,2026-05-22,Chat,AGT033,Beneficiary Update
INT001528,CUST00630,2026-02-28,Mobile App,AGT002,Address Update
INT001529,CUST00630,2023-08-25,Call,AGT023,Complaint - Service Delay
INT001530,CUST00630,2023-07-06,Chat,AGT006,Address Update
INT001531,CUST00631,2021-05-02,Call,AGT020,General Query
INT001532,CUST00631,2023-01-05,Mobile App,AGT017,Cancellation Request
INT001533,CUST00631,2022-05-09,Call,AGT010,Address Update
INT001534,CUST00632,2026-05-21,Call,AGT037,Discount Eligibility
INT001535,CUST00632,2025-02-17,Branch Visit,AGT012,Cancellation Request
INT001536,CUST00632,2022-07-22,Branch Visit,AGT007,General Query
INT001537,CUST00633,2026-01-03,Email,AGT036,Cancellation Request
INT001538,CUST00633,2026-08-04,Email,AGT004,Billing Dispute
INT001539,CUST00634,2026-03-30,Branch Visit,AGT023,General Query
INT001540,CUST00634,2023-02-07,Email,AGT014,New Policy Quote
INT001541,CUST00634,2023-04-05,Call,AGT025,Billing Dispute
INT001542,CUST00634,2025-12-17,Call,AGT011,Coverage Change Request
INT001543,CUST00635,2025-08-13,Chat,AGT018,Address Update
INT001544,CUST00635,2025-06-10,Email,AGT026,Beneficiary Update
INT001545,CUST00635,2026-01-11,Chat,AGT027,Billing Dispute
INT001546,CUST00635,2025-10-24,Mobile App,AGT019,Claim Status Check
INT001547,CUST00636,2022-09-01,Call,AGT019,Beneficiary Update
INT001548,CUST00636,2023-12-05,Email,AGT039,General Query
INT001549,CUST00636,2025-08-08,Call,AGT003,Discount Eligibility
INT001550,CUST00636,2025-03-14,Email,AGT010,Coverage Change Request
INT001551,CUST00636,2024-05-21,Call,AGT018,Discount Eligibility
INT001552,CUST00637,2020-12-31,Call,AGT008,Coverage Change Request
INT001553,CUST00637,2025-10-23,Branch Visit,AGT035,Complaint - Service Delay
INT001554,CUST00637,2023-08-05,Call,AGT031,Claim Status Check
INT001555,CUST00637,2024-11-06,Mobile App,AGT011,Beneficiary Update
INT001556,CUST00637,2025-07-30,Email,AGT024,Billing Dispute
INT001557,CUST00638,2020-08-03,Mobile App,AGT037,Cancellation Request
INT001558,CUST00638,2021-04-27,Call,AGT018,Cancellation Request
INT001559,CUST00639,2022-09-29,Call,AGT033,General Query
INT001560,CUST00639,2020-06-29,Email,AGT008,Cancellation Request
INT001561,CUST00639,2025-08-22,Branch Visit,AGT022,Address Update
INT001562,CUST00640,2025-06-19,Email,AGT034,Beneficiary Update
INT001563,CUST00640,2023-10-08,Call,AGT020,Beneficiary Update
INT001564,CUST00640,2024-11-19,Email,AGT014,Beneficiary Update
INT001565,CUST00640,2024-04-09,Call,AGT026,Claim Status Check
INT001566,CUST00641,2026-02-23,Chat,AGT009,Cancellation Request
INT001567,CUST00641,2026-03-05,Chat,AGT035,Discount Eligibility
INT001568,CUST00641,2026-01-29,Chat,AGT024,Discount Eligibility
INT001569,CUST00641,2026-06-14,Email,AGT019,Premium Payment Issue
INT001570,CUST00642,2022-02-14,Branch Visit,AGT026,Address Update
INT001571,CUST00642,2025-11-18,Call,AGT001,General Query
INT001572,CUST00642,2020-11-21,Call,AGT030,Claim Status Check
INT001573,CUST00642,2023-08-11,Email,AGT035,Address Update
INT001574,CUST00643,2024-07-09,Call,AGT008,Discount Eligibility
INT001575,CUST00644,2024-08-21,Call,AGT022,Billing Dispute
INT001576,CUST00645,2025-05-16,Call,AGT015,Discount Eligibility
INT001577,CUST00645,2023-05-10,Email,AGT026,Coverage Change Request
INT001578,CUST00646,2021-04-09,Chat,AGT014,Beneficiary Update
INT001579,CUST00646,2021-07-29,Call,AGT012,Coverage Change Request
INT001580,CUST00646,2023-03-09,Mobile App,AGT012,Claim Status Check
INT001581,CUST00646,2025-07-08,Call,AGT039,Discount Eligibility
INT001582,CUST00646,2026-05-26,Mobile App,AGT036,Premium Payment Issue
INT001583,CUST00647,2026-01-09,Call,AGT029,Beneficiary Update
INT001584,CUST00647,2022-05-30,Mobile App,AGT032,Discount Eligibility
INT001585,CUST00647,2021-01-13,Call,AGT012,Coverage Change Request
INT001586,CUST00647,2025-01-06,Call,AGT037,Discount Eligibility
INT001587,CUST00648,2025-04-13,Email,AGT023,Beneficiary Update
INT001588,CUST00649,2023-09-23,Call,AGT038,General Query
INT001589,CUST00650,2020-04-08,Chat,AGT005,Coverage Change Request
INT001590,CUST00650,2020-02-29,Call,AGT019,New Policy Quote
INT001591,CUST00650,2022-12-30,Mobile App,AGT001,General Query
INT001592,CUST00651,2025-08-25,Call,AGT019,Beneficiary Update
INT001593,CUST00651,2023-06-15,Chat,AGT015,Beneficiary Update
INT001594,CUST00651,2023-10-03,Call,AGT013,Cancellation Request
INT001595,CUST00652,2022-09-08,Chat,AGT035,Premium Payment Issue
INT001596,CUST00652,2026-04-16,Branch Visit,AGT015,Claim Status Check
INT001597,CUST00652,2020-02-26,Call,AGT002,Discount Eligibility
INT001598,CUST00653,2026-04-21,Mobile App,AGT013,Coverage Change Request
INT001599,CUST00653,2025-02-10,Mobile App,AGT013,Discount Eligibility
INT001600,CUST00653,2023-05-10,Email,AGT004,Billing Dispute
INT001601,CUST00654,2023-03-27,Email,AGT024,Cancellation Request
INT001602,CUST00654,2023-08-01,Call,AGT035,Claim Status Check
INT001603,CUST00655,2023-01-24,Chat,AGT026,Discount Eligibility
INT001604,CUST00655,2026-05-18,Mobile App,AGT019,General Query
INT001605,CUST00656,2026-03-30,Branch Visit,AGT012,Premium Payment Issue
INT001606,CUST00656,2023-05-11,Mobile App,AGT040,Complaint - Service Delay
INT001607,CUST00656,2026-04-01,Chat,AGT022,Discount Eligibility
INT001608,CUST00656,2026-04-04,Chat,AGT014,General Query
INT001609,CUST00657,2025-02-09,Call,AGT036,Beneficiary Update
INT001610,CUST00657,2025-03-18,Branch Visit,AGT001,Complaint - Service Delay
INT001611,CUST00657,2025-06-01,Call,AGT010,General Query
INT001612,CUST00658,2025-07-31,Branch Visit,AGT020,Discount Eligibility
INT001613,CUST00658,2022-08-28,Email,AGT003,Claim Status Check
INT001614,CUST00658,2023-06-19,Chat,AGT018,Claim Status Check
INT001615,CUST00658,2026-01-04,Call,AGT014,Billing Dispute
INT001616,CUST00659,2023-11-07,Call,AGT022,Coverage Change Request
INT001617,CUST00659,2023-10-11,Email,AGT018,Beneficiary Update
INT001618,CUST00659,2023-07-08,Branch Visit,AGT032,Address Update
INT001619,CUST00660,2025-08-07,Call,AGT003,Premium Payment Issue
INT001620,CUST00660,2021-06-18,Call,AGT033,General Query
INT001621,CUST00661,2020-09-26,Call,AGT024,Complaint - Service Delay
INT001622,CUST00661,2021-01-18,Mobile App,AGT001,Billing Dispute
INT001623,CUST00661,2024-12-26,Chat,AGT037,Discount Eligibility
INT001624,CUST00662,2024-09-02,Mobile App,AGT020,Claim Status Check
INT001625,CUST00662,2026-02-04,Call,AGT010,Billing Dispute
INT001626,CUST00662,2024-02-17,Call,AGT021,Beneficiary Update
INT001627,CUST00662,2024-07-27,Chat,AGT007,Policy Renewal Inquiry
INT001628,CUST00663,2024-10-01,Branch Visit,AGT036,Billing Dispute
INT001629,CUST00663,2020-09-28,Call,AGT036,Complaint - Service Delay
INT001630,CUST00663,2025-04-01,Branch Visit,AGT028,General Query
INT001631,CUST00663,2024-08-26,Mobile App,AGT006,Discount Eligibility
INT001632,CUST00664,2024-12-28,Email,AGT029,Discount Eligibility
INT001633,CUST00664,2024-05-04,Call,AGT009,Discount Eligibility
INT001634,CUST00665,2026-07-31,Call,AGT032,New Policy Quote
INT001635,CUST00665,2026-02-14,Branch Visit,AGT006,Policy Renewal Inquiry
INT001636,CUST00665,2023-06-18,Mobile App,AGT005,Policy Renewal Inquiry
INT001637,CUST00665,2025-11-29,Chat,AGT010,New Policy Quote
INT001638,CUST00666,2022-05-16,Chat,AGT004,Cancellation Request
INT001639,CUST00666,2021-04-19,Call,AGT031,Cancellation Request
INT001640,CUST00666,2023-08-24,Chat,AGT008,New Policy Quote
INT001641,CUST00666,2025-08-30,Mobile App,AGT033,Policy Renewal Inquiry
INT001642,CUST00667,2024-09-02,Call,AGT002,New Policy Quote
INT001643,CUST00667,2026-04-28,Call,AGT002,New Policy Quote
INT001644,CUST00667,2025-09-03,Branch Visit,AGT020,General Query
INT001645,CUST00667,2023-09-30,Chat,AGT006,Complaint - Service Delay
INT001646,CUST00667,2020-02-28,Chat,AGT017,Premium Payment Issue
INT001647,CUST00668,2026-05-06,Branch Visit,AGT014,Policy Renewal Inquiry
INT001648,CUST00668,2026-03-27,Mobile App,AGT036,Address Update
INT001649,CUST00668,2025-12-06,Branch Visit,AGT009,Cancellation Request
INT001650,CUST00668,2025-06-19,Call,AGT034,Billing Dispute
INT001651,CUST00669,2023-02-26,Call,AGT021,Address Update
INT001652,CUST00669,2022-12-18,Chat,AGT005,Policy Renewal Inquiry
INT001653,CUST00670,2025-01-16,Chat,AGT002,Premium Payment Issue
INT001654,CUST00671,2026-07-10,Call,AGT009,Coverage Change Request
INT001655,CUST00672,2020-04-06,Mobile App,AGT028,Premium Payment Issue
INT001656,CUST00672,2020-12-04,Email,AGT024,Complaint - Service Delay
INT001657,CUST00673,2025-12-14,Mobile App,AGT013,Premium Payment Issue
INT001658,CUST00673,2024-05-29,Email,AGT003,Billing Dispute
INT001659,CUST00673,2021-02-13,Call,AGT020,Coverage Change Request
INT001660,CUST00673,2023-02-19,Call,AGT015,Discount Eligibility
INT001661,CUST00674,2022-09-12,Mobile App,AGT020,New Policy Quote
INT001662,CUST00674,2026-01-28,Chat,AGT019,General Query
INT001663,CUST00675,2022-08-10,Call,AGT013,Coverage Change Request
INT001664,CUST00675,2020-03-06,Call,AGT014,Policy Renewal Inquiry
INT001665,CUST00676,2023-10-20,Branch Visit,AGT036,Claim Status Check
INT001666,CUST00676,2024-01-15,Email,AGT033,New Policy Quote
INT001667,CUST00676,2020-01-14,Call,AGT028,Premium Payment Issue
INT001668,CUST00677,2026-05-08,Email,AGT035,General Query
INT001669,CUST00677,2026-02-06,Call,AGT039,Beneficiary Update
INT001670,CUST00677,2024-03-05,Call,AGT037,General Query
INT001671,CUST00678,2024-05-06,Call,AGT029,Coverage Change Request
INT001672,CUST00678,2023-05-18,Call,AGT012,Beneficiary Update
INT001673,CUST00678,2025-12-22,Mobile App,AGT025,Discount Eligibility
INT001674,CUST00678,2024-12-23,Mobile App,AGT022,Cancellation Request
INT001675,CUST00679,2020-08-30,Call,AGT011,Premium Payment Issue
INT001676,CUST00679,2025-12-16,Call,AGT002,New Policy Quote
INT001677,CUST00679,2023-05-01,Call,AGT032,General Query
INT001678,CUST00680,2025-06-06,Mobile App,AGT029,Beneficiary Update
INT001679,CUST00680,2025-08-06,Email,AGT012,Discount Eligibility
INT001680,CUST00680,2025-11-30,Call,AGT005,Address Update
INT001681,CUST00681,2021-02-11,Email,AGT017,Cancellation Request
INT001682,CUST00682,2023-08-23,Call,AGT017,Policy Renewal Inquiry
INT001683,CUST00683,2025-09-05,Chat,AGT015,Billing Dispute
INT001684,CUST00683,2025-01-16,Call,AGT029,Claim Status Check
INT001685,CUST00683,2024-09-21,Branch Visit,AGT004,Claim Status Check
INT001686,CUST00684,2022-06-21,Chat,AGT008,Complaint - Service Delay
INT001687,CUST00684,2023-06-19,Branch Visit,AGT039,Discount Eligibility
INT001688,CUST00684,2022-04-11,Chat,AGT012,Claim Status Check
INT001689,CUST00685,2022-09-14,Call,AGT040,Complaint - Service Delay
INT001690,CUST00685,2023-08-05,Mobile App,AGT013,Claim Status Check
INT001691,CUST00686,2026-08-01,Call,AGT035,Cancellation Request
INT001692,CUST00686,2023-01-14,Call,AGT011,Billing Dispute
INT001693,CUST00687,2025-08-05,Mobile App,AGT004,Policy Renewal Inquiry
INT001694,CUST00687,2025-03-21,Call,AGT013,Complaint - Service Delay
INT001695,CUST00687,2023-11-16,Branch Visit,AGT035,Claim Status Check
INT001696,CUST00687,2023-12-05,Email,AGT003,General Query
INT001697,CUST00687,2022-10-25,Call,AGT036,Complaint - Service Delay
INT001698,CUST00688,2025-10-06,Call,AGT034,Beneficiary Update
INT001699,CUST00688,2025-08-14,Email,AGT032,Discount Eligibility
INT001700,CUST00688,2023-06-19,Email,AGT009,Coverage Change Request
INT001701,CUST00688,2025-07-10,Call,AGT036,General Query
INT001702,CUST00688,2022-11-24,Call,AGT028,Billing Dispute
INT001703,CUST00689,2026-07-25,Chat,AGT009,Address Update
INT001704,CUST00690,2024-05-06,Call,AGT015,Discount Eligibility
INT001705,CUST00690,2023-03-15,Call,AGT032,Complaint - Service Delay
INT001706,CUST00690,2022-02-04,Chat,AGT032,General Query
INT001707,CUST00691,2022-03-25,Chat,AGT040,General Query
INT001708,CUST00691,2021-09-09,Mobile App,AGT001,New Policy Quote
INT001709,CUST00691,2020-11-25,Email,AGT024,Discount Eligibility
INT001710,CUST00692,2022-10-25,Call,AGT023,Discount Eligibility
INT001711,CUST00692,2022-08-04,Call,AGT001,Billing Dispute
INT001712,CUST00692,2023-01-20,Call,AGT036,Claim Status Check
INT001713,CUST00693,2025-09-26,Chat,AGT010,Discount Eligibility
INT001714,CUST00693,2025-04-10,Email,AGT019,Billing Dispute
INT001715,CUST00694,2022-04-24,Chat,AGT008,Billing Dispute
INT001716,CUST00695,2026-06-05,Call,AGT002,Coverage Change Request
INT001717,CUST00695,2026-01-13,Mobile App,AGT035,Claim Status Check
INT001718,CUST00695,2026-07-23,Branch Visit,AGT001,Coverage Change Request
INT001719,CUST00696,2026-06-14,Call,AGT020,Policy Renewal Inquiry
INT001720,CUST00696,2026-04-06,Email,AGT037,Complaint - Service Delay
INT001721,CUST00696,2026-04-22,Email,AGT011,Claim Status Check
INT001722,CUST00697,2024-05-31,Mobile App,AGT033,Billing Dispute
INT001723,CUST00697,2024-08-12,Chat,AGT015,Policy Renewal Inquiry
INT001724,CUST00697,2024-09-08,Call,AGT017,General Query
INT001725,CUST00697,2024-11-20,Mobile App,AGT023,Policy Renewal Inquiry
INT001726,CUST00698,2024-04-14,Call,AGT036,Premium Payment Issue
INT001727,CUST00698,2025-12-28,Email,AGT036,Claim Status Check
INT001728,CUST00698,2023-06-14,Mobile App,AGT015,Complaint - Service Delay
INT001729,CUST00699,2023-09-01,Chat,AGT033,Address Update
INT001730,CUST00699,2020-04-28,Mobile App,AGT032,Coverage Change Request
INT001731,CUST00699,2021-08-10,Branch Visit,AGT032,Claim Status Check
INT001732,CUST00700,2024-12-17,Call,AGT019,Premium Payment Issue
INT001733,CUST00700,2025-03-21,Email,AGT034,Cancellation Request
INT001734,CUST00701,2026-02-02,Mobile App,AGT029,Premium Payment Issue
INT001735,CUST00702,2021-11-14,Mobile App,AGT013,Address Update
INT001736,CUST00703,2021-06-03,Call,AGT031,Policy Renewal Inquiry
INT001737,CUST00704,2025-05-24,Call,AGT031,Discount Eligibility
INT001738,CUST00704,2025-06-13,Call,AGT025,New Policy Quote
INT001739,CUST00705,2022-01-09,Call,AGT017,New Policy Quote
INT001740,CUST00705,2020-07-25,Chat,AGT011,Coverage Change Request
INT001741,CUST00706,2021-04-30,Call,AGT033,Claim Status Check
INT001742,CUST00706,2024-02-19,Email,AGT035,Discount Eligibility
INT001743,CUST00706,2024-08-27,Call,AGT006,Billing Dispute
INT001744,CUST00707,2023-12-27,Email,AGT031,Coverage Change Request
INT001745,CUST00708,2022-12-27,Branch Visit,AGT038,Policy Renewal Inquiry
INT001746,CUST00708,2022-11-27,Chat,AGT018,Complaint - Service Delay
INT001747,CUST00709,2026-08-06,Email,AGT005,Discount Eligibility
INT001748,CUST00709,2023-10-23,Call,AGT019,Policy Renewal Inquiry
INT001749,CUST00709,2023-05-27,Email,AGT019,Cancellation Request
INT001750,CUST00709,2024-03-19,Call,AGT023,Billing Dispute
INT001751,CUST00709,2024-05-21,Email,AGT031,Policy Renewal Inquiry
INT001752,CUST00710,2024-10-21,Branch Visit,AGT023,Discount Eligibility
INT001753,CUST00711,2022-05-06,Call,AGT017,Claim Status Check
INT001754,CUST00711,2024-12-18,Mobile App,AGT030,Complaint - Service Delay
INT001755,CUST00712,2026-01-15,Mobile App,AGT029,Billing Dispute
INT001756,CUST00712,2026-02-06,Chat,AGT013,Beneficiary Update
INT001757,CUST00712,2026-04-17,Branch Visit,AGT024,Premium Payment Issue
INT001758,CUST00713,2021-03-06,Email,AGT017,Claim Status Check
INT001759,CUST00713,2025-09-30,Chat,AGT012,Complaint - Service Delay
INT001760,CUST00714,2023-02-01,Chat,AGT024,Cancellation Request
INT001761,CUST00714,2026-07-09,Call,AGT039,Premium Payment Issue
INT001762,CUST00715,2024-10-24,Call,AGT013,Coverage Change Request
INT001763,CUST00715,2022-08-02,Email,AGT027,Billing Dispute
INT001764,CUST00715,2022-04-04,Branch Visit,AGT024,Coverage Change Request
INT001765,CUST00715,2022-01-10,Email,AGT007,Billing Dispute
INT001766,CUST00715,2020-08-05,Email,AGT032,Policy Renewal Inquiry
INT001767,CUST00716,2023-09-08,Call,AGT034,Coverage Change Request
INT001768,CUST00716,2022-11-19,Branch Visit,AGT011,Address Update
INT001769,CUST00716,2024-05-26,Mobile App,AGT014,Premium Payment Issue
INT001770,CUST00717,2024-07-11,Call,AGT023,Discount Eligibility
INT001771,CUST00718,2024-02-27,Mobile App,AGT031,Billing Dispute
INT001772,CUST00718,2023-03-31,Chat,AGT026,Cancellation Request
INT001773,CUST00719,2022-08-12,Call,AGT007,Cancellation Request
INT001774,CUST00719,2023-10-10,Call,AGT020,Policy Renewal Inquiry
INT001775,CUST00720,2025-02-11,Branch Visit,AGT018,Policy Renewal Inquiry
INT001776,CUST00721,2026-07-24,Branch Visit,AGT014,Billing Dispute
INT001777,CUST00721,2024-05-21,Mobile App,AGT018,Complaint - Service Delay
INT001778,CUST00721,2022-03-15,Branch Visit,AGT024,Coverage Change Request
INT001779,CUST00722,2023-10-08,Branch Visit,AGT025,Premium Payment Issue
INT001780,CUST00722,2023-08-22,Branch Visit,AGT019,Premium Payment Issue
INT001781,CUST00722,2024-09-03,Chat,AGT009,Cancellation Request
INT001782,CUST00723,2025-11-22,Call,AGT035,Beneficiary Update
INT001783,CUST00723,2021-10-09,Branch Visit,AGT027,Discount Eligibility
INT001784,CUST00724,2025-06-01,Call,AGT005,Beneficiary Update
INT001785,CUST00724,2025-03-04,Call,AGT029,Coverage Change Request
INT001786,CUST00725,2025-02-17,Call,AGT029,New Policy Quote
INT001787,CUST00726,2023-05-07,Branch Visit,AGT017,Complaint - Service Delay
INT001788,CUST00726,2021-12-31,Email,AGT002,Billing Dispute
INT001789,CUST00726,2022-07-05,Call,AGT029,Discount Eligibility
INT001790,CUST00727,2025-02-12,Chat,AGT039,Claim Status Check
INT001791,CUST00727,2021-07-17,Chat,AGT030,Cancellation Request
INT001792,CUST00727,2023-01-24,Call,AGT016,Beneficiary Update
INT001793,CUST00728,2024-06-30,Mobile App,AGT015,Policy Renewal Inquiry
INT001794,CUST00728,2025-03-22,Call,AGT038,Address Update
INT001795,CUST00729,2023-06-05,Call,AGT036,Beneficiary Update
INT001796,CUST00729,2026-04-26,Mobile App,AGT033,Complaint - Service Delay
INT001797,CUST00729,2025-02-03,Branch Visit,AGT027,Coverage Change Request
INT001798,CUST00729,2021-11-01,Chat,AGT007,Address Update
INT001799,CUST00729,2022-02-28,Mobile App,AGT025,Premium Payment Issue
INT001800,CUST00730,2026-03-20,Mobile App,AGT034,Complaint - Service Delay
INT001801,CUST00730,2024-11-03,Email,AGT008,Policy Renewal Inquiry
INT001802,CUST00731,2026-07-27,Chat,AGT040,Complaint - Service Delay
INT001803,CUST00731,2026-03-18,Call,AGT027,Address Update
INT001804,CUST00732,2020-05-30,Mobile App,AGT040,Billing Dispute
INT001805,CUST00732,2022-12-05,Email,AGT030,General Query
INT001806,CUST00733,2026-04-13,Chat,AGT015,General Query
INT001807,CUST00733,2023-07-23,Email,AGT025,Cancellation Request
INT001808,CUST00733,2026-06-02,Mobile App,AGT003,Address Update
INT001809,CUST00734,2025-05-16,Mobile App,AGT037,Cancellation Request
INT001810,CUST00734,2026-01-28,Email,AGT015,General Query
INT001811,CUST00735,2026-07-10,Email,AGT032,Complaint - Service Delay
INT001812,CUST00735,2026-03-01,Branch Visit,AGT040,Cancellation Request
INT001813,CUST00735,2026-08-10,Email,AGT024,Premium Payment Issue
INT001814,CUST00735,2026-04-14,Email,AGT001,Policy Renewal Inquiry
INT001815,CUST00736,2024-02-15,Email,AGT001,Billing Dispute
INT001816,CUST00736,2026-04-08,Call,AGT018,Claim Status Check
INT001817,CUST00736,2025-09-21,Chat,AGT015,Address Update
INT001818,CUST00737,2026-04-28,Call,AGT021,Premium Payment Issue
INT001819,CUST00737,2026-06-15,Branch Visit,AGT009,Policy Renewal Inquiry
INT001820,CUST00737,2026-08-17,Branch Visit,AGT031,Beneficiary Update
INT001821,CUST00738,2026-08-06,Email,AGT038,General Query
INT001822,CUST00739,2024-07-04,Chat,AGT008,Address Update
INT001823,CUST00739,2024-08-23,Call,AGT005,Cancellation Request
INT001824,CUST00740,2024-06-24,Call,AGT036,General Query
INT001825,CUST00740,2026-06-30,Call,AGT036,Policy Renewal Inquiry
INT001826,CUST00741,2023-01-03,Mobile App,AGT020,Billing Dispute
INT001827,CUST00742,2025-08-20,Email,AGT021,Claim Status Check
INT001828,CUST00742,2025-01-12,Email,AGT036,Cancellation Request
INT001829,CUST00742,2023-01-21,Email,AGT026,New Policy Quote
INT001830,CUST00742,2021-08-03,Mobile App,AGT020,Coverage Change Request
INT001831,CUST00743,2022-03-18,Email,AGT037,Premium Payment Issue
INT001832,CUST00743,2025-11-08,Call,AGT017,Policy Renewal Inquiry
INT001833,CUST00744,2022-02-05,Chat,AGT026,Beneficiary Update
INT001834,CUST00744,2024-07-17,Call,AGT017,Beneficiary Update
INT001835,CUST00744,2025-01-08,Chat,AGT029,Billing Dispute
INT001836,CUST00745,2023-07-14,Call,AGT037,Address Update
INT001837,CUST00746,2025-10-22,Mobile App,AGT030,Policy Renewal Inquiry
INT001838,CUST00746,2023-10-22,Chat,AGT020,Complaint - Service Delay
INT001839,CUST00746,2026-03-22,Call,AGT040,Premium Payment Issue
INT001840,CUST00746,2024-03-06,Email,AGT021,Premium Payment Issue
INT001841,CUST00746,2024-04-25,Chat,AGT030,Discount Eligibility
INT001842,CUST00747,2025-04-14,Call,AGT008,Address Update
INT001843,CUST00747,2020-11-14,Chat,AGT028,Cancellation Request
INT001844,CUST00747,2025-06-30,Email,AGT015,Discount Eligibility
INT001845,CUST00748,2020-04-27,Mobile App,AGT006,Complaint - Service Delay
INT001846,CUST00749,2024-02-24,Email,AGT003,Policy Renewal Inquiry
INT001847,CUST00749,2022-01-29,Call,AGT002,General Query
INT001848,CUST00749,2025-11-11,Mobile App,AGT028,Billing Dispute
INT001849,CUST00750,2025-06-20,Call,AGT009,Coverage Change Request
INT001850,CUST00750,2025-07-05,Call,AGT010,Policy Renewal Inquiry
INT001851,CUST00750,2025-04-14,Chat,AGT011,Billing Dispute
INT001852,CUST00751,2026-04-13,Chat,AGT012,General Query
INT001853,CUST00751,2026-02-07,Chat,AGT002,Premium Payment Issue
INT001854,CUST00751,2026-07-28,Email,AGT002,Beneficiary Update
INT001855,CUST00751,2026-01-21,Call,AGT013,Beneficiary Update
INT001856,CUST00751,2026-03-27,Branch Visit,AGT017,New Policy Quote
INT001857,CUST00752,2021-02-03,Chat,AGT029,Cancellation Request
INT001858,CUST00753,2026-04-14,Chat,AGT015,Cancellation Request
INT001859,CUST00753,2023-08-18,Call,AGT002,Beneficiary Update
INT001860,CUST00754,2022-10-30,Call,AGT033,Beneficiary Update
INT001861,CUST00754,2024-01-30,Branch Visit,AGT032,Premium Payment Issue
INT001862,CUST00754,2026-02-02,Call,AGT013,Discount Eligibility
INT001863,CUST00755,2022-03-15,Call,AGT001,Cancellation Request
INT001864,CUST00755,2022-08-26,Call,AGT012,Address Update
INT001865,CUST00755,2024-02-08,Email,AGT034,Beneficiary Update
INT001866,CUST00755,2025-01-28,Chat,AGT003,Beneficiary Update
INT001867,CUST00756,2020-03-28,Branch Visit,AGT027,Beneficiary Update
INT001868,CUST00756,2026-02-19,Chat,AGT008,Address Update
INT001869,CUST00756,2022-07-02,Chat,AGT031,Claim Status Check
INT001870,CUST00757,2023-05-01,Call,AGT032,Claim Status Check
INT001871,CUST00758,2026-04-19,Call,AGT017,Cancellation Request
INT001872,CUST00758,2026-06-07,Email,AGT004,Cancellation Request
INT001873,CUST00758,2026-05-16,Chat,AGT030,Address Update
INT001874,CUST00759,2023-01-23,Mobile App,AGT039,Claim Status Check
INT001875,CUST00759,2026-07-01,Call,AGT030,Complaint - Service Delay
INT001876,CUST00760,2022-02-21,Call,AGT035,Discount Eligibility
INT001877,CUST00760,2020-11-06,Email,AGT033,Discount Eligibility
INT001878,CUST00760,2023-10-28,Branch Visit,AGT014,Discount Eligibility
INT001879,CUST00761,2026-01-24,Mobile App,AGT004,Coverage Change Request
INT001880,CUST00761,2026-03-10,Chat,AGT032,Coverage Change Request
INT001881,CUST00761,2021-01-14,Call,AGT002,Billing Dispute
INT001882,CUST00762,2022-03-04,Call,AGT011,General Query
INT001883,CUST00762,2024-09-07,Mobile App,AGT040,Billing Dispute
INT001884,CUST00762,2021-05-19,Chat,AGT001,Billing Dispute
INT001885,CUST00762,2022-04-20,Branch Visit,AGT010,Policy Renewal Inquiry
INT001886,CUST00763,2026-03-09,Mobile App,AGT025,New Policy Quote
INT001887,CUST00764,2024-01-25,Call,AGT015,Billing Dispute
INT001888,CUST00764,2025-12-08,Chat,AGT005,Beneficiary Update
INT001889,CUST00765,2023-07-10,Mobile App,AGT005,Billing Dispute
INT001890,CUST00766,2026-04-25,Call,AGT021,Complaint - Service Delay
INT001891,CUST00766,2025-11-21,Call,AGT006,Discount Eligibility
INT001892,CUST00767,2024-05-09,Call,AGT005,Complaint - Service Delay
INT001893,CUST00767,2022-06-26,Mobile App,AGT012,Billing Dispute
INT001894,CUST00767,2022-08-26,Call,AGT038,Complaint - Service Delay
INT001895,CUST00768,2025-04-24,Call,AGT026,Claim Status Check
INT001896,CUST00768,2020-07-17,Email,AGT015,New Policy Quote
INT001897,CUST00768,2022-04-16,Chat,AGT003,Policy Renewal Inquiry
INT001898,CUST00769,2024-12-02,Mobile App,AGT018,Claim Status Check
INT001899,CUST00769,2022-11-16,Mobile App,AGT032,Coverage Change Request
INT001900,CUST00769,2024-03-11,Call,AGT037,Complaint - Service Delay
INT001901,CUST00770,2022-07-19,Call,AGT012,Cancellation Request
INT001902,CUST00770,2020-01-23,Call,AGT007,New Policy Quote
INT001903,CUST00770,2026-03-08,Mobile App,AGT038,Premium Payment Issue
INT001904,CUST00770,2025-08-27,Call,AGT013,Policy Renewal Inquiry
INT001905,CUST00771,2026-04-16,Call,AGT015,Coverage Change Request
INT001906,CUST00771,2022-03-04,Mobile App,AGT017,General Query
INT001907,CUST00771,2025-12-04,Call,AGT003,Coverage Change Request
INT001908,CUST00772,2020-03-06,Email,AGT032,Premium Payment Issue
INT001909,CUST00772,2022-03-05,Chat,AGT003,Cancellation Request
INT001910,CUST00772,2025-02-16,Call,AGT013,Billing Dispute
INT001911,CUST00773,2024-02-21,Call,AGT008,Beneficiary Update
INT001912,CUST00773,2021-08-20,Email,AGT035,Discount Eligibility
INT001913,CUST00774,2025-08-06,Email,AGT040,Discount Eligibility
INT001914,CUST00774,2024-04-03,Call,AGT003,General Query
INT001915,CUST00775,2025-05-20,Email,AGT013,Discount Eligibility
INT001916,CUST00775,2025-12-31,Chat,AGT029,Cancellation Request
INT001917,CUST00775,2025-01-10,Branch Visit,AGT026,Discount Eligibility
INT001918,CUST00775,2025-12-21,Call,AGT004,Cancellation Request
INT001919,CUST00775,2024-12-14,Chat,AGT021,Premium Payment Issue
INT001920,CUST00776,2024-09-18,Call,AGT014,Claim Status Check
INT001921,CUST00776,2022-03-27,Email,AGT022,Cancellation Request
INT001922,CUST00776,2026-04-18,Branch Visit,AGT036,General Query
INT001923,CUST00776,2025-12-23,Call,AGT007,Coverage Change Request
INT001924,CUST00777,2022-09-25,Call,AGT039,Premium Payment Issue
INT001925,CUST00777,2025-11-03,Chat,AGT034,Claim Status Check
INT001926,CUST00778,2022-05-20,Call,AGT036,General Query
INT001927,CUST00779,2022-11-04,Chat,AGT029,Beneficiary Update
INT001928,CUST00779,2024-01-05,Email,AGT019,New Policy Quote
INT001929,CUST00779,2025-08-15,Call,AGT021,New Policy Quote
INT001930,CUST00780,2023-10-07,Email,AGT039,Address Update
INT001931,CUST00780,2020-06-28,Mobile App,AGT025,Beneficiary Update
INT001932,CUST00781,2026-02-25,Call,AGT031,Address Update
INT001933,CUST00782,2026-06-27,Mobile App,AGT037,Billing Dispute
INT001934,CUST00782,2026-02-09,Chat,AGT020,Billing Dispute
INT001935,CUST00783,2021-08-21,Email,AGT025,Beneficiary Update
INT001936,CUST00783,2020-05-23,Branch Visit,AGT037,General Query
INT001937,CUST00783,2023-06-13,Email,AGT004,New Policy Quote
INT001938,CUST00783,2021-06-27,Chat,AGT007,Beneficiary Update
INT001939,CUST00784,2024-01-19,Chat,AGT001,Complaint - Service Delay
INT001940,CUST00784,2024-02-02,Email,AGT004,Address Update
INT001941,CUST00785,2022-01-06,Email,AGT022,Coverage Change Request
INT001942,CUST00785,2023-06-22,Call,AGT014,Coverage Change Request
INT001943,CUST00785,2026-03-20,Mobile App,AGT029,Policy Renewal Inquiry
INT001944,CUST00785,2026-07-14,Call,AGT038,Premium Payment Issue
INT001945,CUST00785,2024-06-13,Email,AGT007,Discount Eligibility
INT001946,CUST00786,2026-04-05,Mobile App,AGT038,General Query
INT001947,CUST00786,2025-08-18,Call,AGT010,New Policy Quote
INT001948,CUST00786,2025-09-12,Call,AGT009,Discount Eligibility
INT001949,CUST00787,2025-06-05,Branch Visit,AGT017,General Query
INT001950,CUST00787,2025-12-07,Branch Visit,AGT002,Billing Dispute
INT001951,CUST00788,2025-06-14,Email,AGT018,Premium Payment Issue
INT001952,CUST00788,2021-06-11,Call,AGT008,Claim Status Check
INT001953,CUST00788,2023-08-28,Chat,AGT020,General Query
INT001954,CUST00789,2025-06-10,Chat,AGT023,Policy Renewal Inquiry
INT001955,CUST00789,2024-11-01,Call,AGT027,Discount Eligibility
INT001956,CUST00790,2020-10-15,Chat,AGT025,Address Update
INT001957,CUST00791,2023-07-29,Call,AGT016,Complaint - Service Delay
INT001958,CUST00792,2026-03-04,Chat,AGT032,Coverage Change Request
INT001959,CUST00792,2025-06-23,Call,AGT022,Claim Status Check
INT001960,CUST00793,2026-07-21,Chat,AGT026,Policy Renewal Inquiry
INT001961,CUST00793,2026-08-10,Email,AGT032,Premium Payment Issue
INT001962,CUST00793,2026-01-11,Call,AGT016,General Query
INT001963,CUST00794,2023-05-07,Chat,AGT001,Billing Dispute
INT001964,CUST00795,2021-10-10,Call,AGT005,Complaint - Service Delay
INT001965,CUST00795,2024-10-05,Chat,AGT014,General Query
INT001966,CUST00796,2020-10-11,Call,AGT018,New Policy Quote
INT001967,CUST00796,2020-05-13,Email,AGT006,Premium Payment Issue
INT001968,CUST00796,2022-10-26,Chat,AGT016,Claim Status Check
INT001969,CUST00797,2024-11-15,Email,AGT035,Cancellation Request
INT001970,CUST00797,2024-12-01,Email,AGT023,Cancellation Request
INT001971,CUST00797,2025-08-16,Call,AGT013,Cancellation Request
INT001972,CUST00797,2021-09-09,Call,AGT003,Beneficiary Update
INT001973,CUST00798,2024-04-12,Chat,AGT033,New Policy Quote
INT001974,CUST00798,2025-04-07,Call,AGT038,General Query
INT001975,CUST00799,2025-08-24,Chat,AGT003,Claim Status Check
INT001976,CUST00799,2025-02-18,Branch Visit,AGT008,Address Update
INT001977,CUST00799,2023-04-27,Email,AGT011,Complaint - Service Delay
INT001978,CUST00800,2025-09-28,Call,AGT009,Billing Dispute
INT001979,CUST00800,2025-04-17,Branch Visit,AGT035,Coverage Change Request
INT001980,CUST00800,2025-12-07,Call,AGT025,Billing Dispute
INT001981,CUST00801,2024-11-06,Branch Visit,AGT034,Discount Eligibility
INT001982,CUST00802,2022-12-20,Call,AGT013,Beneficiary Update
INT001983,CUST00803,2026-08-07,Chat,AGT020,Discount Eligibility
INT001984,CUST00803,2026-06-23,Chat,AGT032,Coverage Change Request
INT001985,CUST00804,2021-10-04,Call,AGT017,Beneficiary Update
INT001986,CUST00804,2021-11-05,Chat,AGT039,Premium Payment Issue
INT001987,CUST00804,2022-10-08,Chat,AGT015,Premium Payment Issue
INT001988,CUST00804,2020-01-22,Call,AGT026,Claim Status Check
INT001989,CUST00804,2023-03-28,Email,AGT026,Policy Renewal Inquiry
INT001990,CUST00805,2022-09-05,Chat,AGT029,Billing Dispute
INT001991,CUST00805,2021-04-21,Mobile App,AGT024,Discount Eligibility
INT001992,CUST00806,2025-12-08,Chat,AGT011,Cancellation Request
INT001993,CUST00806,2025-05-29,Call,AGT038,Claim Status Check
INT001994,CUST00806,2024-03-31,Call,AGT034,General Query
INT001995,CUST00807,2023-10-20,Call,AGT036,Policy Renewal Inquiry
INT001996,CUST00807,2024-05-24,Call,AGT011,Claim Status Check
INT001997,CUST00807,2023-01-11,Chat,AGT031,Cancellation Request
INT001998,CUST00808,2021-08-27,Chat,AGT020,Premium Payment Issue
INT001999,CUST00809,2026-06-27,Call,AGT027,New Policy Quote
INT002000,CUST00809,2026-04-19,Email,AGT005,Cancellation Request
INT002001,CUST00810,2022-10-05,Email,AGT002,Discount Eligibility
INT002002,CUST00811,2025-03-11,Call,AGT026,Cancellation Request
INT002003,CUST00812,2024-01-02,Call,AGT014,Claim Status Check
INT002004,CUST00812,2025-05-22,Branch Visit,AGT034,Coverage Change Request
INT002005,CUST00812,2025-05-10,Email,AGT025,Cancellation Request
INT002006,CUST00812,2022-07-07,Branch Visit,AGT032,Complaint - Service Delay
INT002007,CUST00812,2022-01-29,Chat,AGT020,Discount Eligibility
INT002008,CUST00813,2026-05-10,Call,AGT033,Billing Dispute
INT002009,CUST00814,2026-01-15,Call,AGT032,General Query
INT002010,CUST00814,2021-03-10,Email,AGT009,Discount Eligibility
INT002011,CUST00814,2024-10-13,Email,AGT007,Premium Payment Issue
INT002012,CUST00815,2026-03-06,Chat,AGT029,Beneficiary Update
INT002013,CUST00815,2024-03-19,Chat,AGT033,Claim Status Check
INT002014,CUST00816,2021-06-02,Chat,AGT027,Discount Eligibility
INT002015,CUST00816,2022-12-29,Chat,AGT030,New Policy Quote
INT002016,CUST00816,2022-01-05,Email,AGT001,Billing Dispute
INT002017,CUST00817,2024-08-25,Chat,AGT013,Premium Payment Issue
INT002018,CUST00817,2024-12-03,Call,AGT026,Address Update
INT002019,CUST00817,2024-12-02,Mobile App,AGT005,Policy Renewal Inquiry
INT002020,CUST00817,2022-11-24,Email,AGT018,Complaint - Service Delay
INT002021,CUST00818,2026-03-30,Mobile App,AGT026,Beneficiary Update
INT002022,CUST00819,2026-07-03,Mobile App,AGT027,New Policy Quote
INT002023,CUST00820,2023-11-20,Call,AGT017,Claim Status Check
INT002024,CUST00821,2026-01-07,Call,AGT031,Address Update
INT002025,CUST00821,2026-07-12,Email,AGT020,Complaint - Service Delay
INT002026,CUST00822,2025-05-10,Call,AGT038,Cancellation Request
INT002027,CUST00822,2023-02-03,Mobile App,AGT010,General Query
INT002028,CUST00822,2025-02-17,Call,AGT009,Complaint - Service Delay
INT002029,CUST00823,2022-09-26,Email,AGT036,Claim Status Check
INT002030,CUST00823,2025-04-18,Call,AGT035,Beneficiary Update
INT002031,CUST00823,2024-05-04,Call,AGT009,Coverage Change Request
INT002032,CUST00823,2022-07-14,Call,AGT024,General Query
INT002033,CUST00823,2021-10-28,Mobile App,AGT038,Policy Renewal Inquiry
INT002034,CUST00824,2026-05-06,Email,AGT027,Coverage Change Request
INT002035,CUST00824,2023-12-21,Chat,AGT039,New Policy Quote
INT002036,CUST00825,2023-04-09,Branch Visit,AGT022,Policy Renewal Inquiry
INT002037,CUST00826,2026-06-04,Branch Visit,AGT006,Discount Eligibility
INT002038,CUST00827,2026-02-13,Call,AGT025,Cancellation Request
INT002039,CUST00827,2026-07-24,Call,AGT033,Policy Renewal Inquiry
INT002040,CUST00827,2026-08-06,Chat,AGT011,General Query
INT002041,CUST00828,2025-08-25,Chat,AGT006,New Policy Quote
INT002042,CUST00828,2025-09-25,Mobile App,AGT016,Premium Payment Issue
INT002043,CUST00829,2025-05-15,Email,AGT004,Premium Payment Issue
INT002044,CUST00830,2024-05-18,Email,AGT026,General Query
INT002045,CUST00831,2026-01-16,Call,AGT039,General Query
INT002046,CUST00831,2022-01-15,Mobile App,AGT034,Claim Status Check
INT002047,CUST00831,2025-09-03,Call,AGT039,Cancellation Request
INT002048,CUST00831,2024-11-14,Mobile App,AGT038,General Query
INT002049,CUST00832,2025-09-14,Branch Visit,AGT036,Claim Status Check
INT002050,CUST00832,2025-01-19,Mobile App,AGT017,General Query
INT002051,CUST00832,2024-01-21,Branch Visit,AGT025,Claim Status Check
INT002052,CUST00832,2023-05-22,Chat,AGT021,Coverage Change Request
INT002053,CUST00833,2025-02-12,Call,AGT025,General Query
INT002054,CUST00833,2024-09-17,Branch Visit,AGT019,Beneficiary Update
INT002055,CUST00833,2025-08-13,Call,AGT019,Coverage Change Request
INT002056,CUST00834,2021-08-03,Call,AGT028,Complaint - Service Delay
INT002057,CUST00835,2023-10-29,Branch Visit,AGT026,Cancellation Request
INT002058,CUST00835,2020-09-21,Chat,AGT007,New Policy Quote
INT002059,CUST00836,2020-11-11,Email,AGT027,Policy Renewal Inquiry
INT002060,CUST00836,2024-04-17,Chat,AGT020,General Query
INT002061,CUST00836,2024-12-02,Call,AGT033,Complaint - Service Delay
INT002062,CUST00836,2024-09-06,Branch Visit,AGT002,Discount Eligibility
INT002063,CUST00836,2025-04-13,Mobile App,AGT035,Premium Payment Issue
INT002064,CUST00837,2025-04-09,Chat,AGT019,Discount Eligibility
INT002065,CUST00837,2025-08-21,Chat,AGT002,Complaint - Service Delay
INT002066,CUST00837,2026-07-09,Call,AGT002,Premium Payment Issue
INT002067,CUST00838,2021-07-02,Email,AGT032,Coverage Change Request
INT002068,CUST00838,2026-08-03,Call,AGT040,Cancellation Request
INT002069,CUST00839,2023-06-02,Mobile App,AGT026,New Policy Quote
INT002070,CUST00839,2021-09-16,Branch Visit,AGT007,Complaint - Service Delay
INT002071,CUST00839,2024-03-03,Call,AGT026,New Policy Quote
INT002072,CUST00840,2026-02-14,Mobile App,AGT035,Billing Dispute
INT002073,CUST00840,2026-03-15,Call,AGT028,Address Update
INT002074,CUST00840,2023-05-27,Call,AGT015,Discount Eligibility
INT002075,CUST00841,2026-06-20,Chat,AGT018,Claim Status Check
INT002076,CUST00841,2026-01-18,Branch Visit,AGT030,Beneficiary Update
INT002077,CUST00841,2025-12-22,Email,AGT030,Coverage Change Request
INT002078,CUST00842,2025-10-10,Call,AGT028,Discount Eligibility
INT002079,CUST00842,2025-09-01,Email,AGT031,General Query
INT002080,CUST00842,2024-03-23,Call,AGT023,Cancellation Request
INT002081,CUST00843,2021-05-27,Chat,AGT015,Premium Payment Issue
INT002082,CUST00844,2024-07-07,Mobile App,AGT014,Beneficiary Update
INT002083,CUST00844,2024-06-03,Mobile App,AGT040,Billing Dispute
INT002084,CUST00844,2025-08-07,Branch Visit,AGT014,Beneficiary Update
INT002085,CUST00845,2026-01-28,Email,AGT024,Beneficiary Update
INT002086,CUST00845,2025-10-30,Mobile App,AGT032,Claim Status Check
INT002087,CUST00846,2025-05-29,Branch Visit,AGT023,Coverage Change Request
INT002088,CUST00846,2026-07-07,Call,AGT028,Claim Status Check
INT002089,CUST00847,2024-12-12,Chat,AGT023,Claim Status Check
INT002090,CUST00847,2025-06-11,Call,AGT021,Cancellation Request
INT002091,CUST00847,2023-03-05,Mobile App,AGT018,Policy Renewal Inquiry
INT002092,CUST00847,2021-09-16,Email,AGT008,Policy Renewal Inquiry
INT002093,CUST00847,2024-04-17,Chat,AGT012,Cancellation Request
INT002094,CUST00848,2026-03-06,Chat,AGT031,Premium Payment Issue
INT002095,CUST00848,2026-04-11,Branch Visit,AGT033,Discount Eligibility
INT002096,CUST00848,2025-09-02,Branch Visit,AGT014,Premium Payment Issue
INT002097,CUST00849,2025-08-01,Call,AGT032,Coverage Change Request
INT002098,CUST00849,2026-02-27,Call,AGT034,Premium Payment Issue
INT002099,CUST00849,2026-03-07,Call,AGT038,Address Update
INT002100,CUST00849,2025-05-10,Mobile App,AGT003,Policy Renewal Inquiry
INT002101,CUST00850,2025-06-13,Chat,AGT029,Premium Payment Issue
INT002102,CUST00850,2022-09-04,Email,AGT024,Cancellation Request
INT002103,CUST00851,2026-04-25,Chat,AGT001,Claim Status Check
INT002104,CUST00851,2026-07-11,Call,AGT014,General Query
INT002105,CUST00851,2025-09-19,Branch Visit,AGT023,Billing Dispute
INT002106,CUST00852,2023-02-03,Branch Visit,AGT025,Policy Renewal Inquiry
INT002107,CUST00853,2020-06-21,Call,AGT001,Cancellation Request
INT002108,CUST00853,2024-05-30,Chat,AGT023,Premium Payment Issue
INT002109,CUST00854,2020-07-24,Mobile App,AGT003,Billing Dispute
INT002110,CUST00854,2025-04-06,Call,AGT033,Cancellation Request
INT002111,CUST00855,2025-07-06,Branch Visit,AGT010,Premium Payment Issue
INT002112,CUST00855,2025-02-23,Mobile App,AGT002,Cancellation Request
INT002113,CUST00856,2025-11-26,Call,AGT040,Complaint - Service Delay
INT002114,CUST00856,2024-11-09,Chat,AGT008,Billing Dispute
INT002115,CUST00856,2025-10-15,Call,AGT004,Claim Status Check
INT002116,CUST00856,2024-01-03,Email,AGT014,Billing Dispute
INT002117,CUST00857,2025-01-22,Call,AGT036,Complaint - Service Delay
INT002118,CUST00857,2024-06-26,Branch Visit,AGT005,Complaint - Service Delay
INT002119,CUST00857,2026-05-04,Call,AGT028,Cancellation Request
INT002120,CUST00857,2025-04-28,Email,AGT002,General Query
INT002121,CUST00857,2026-07-01,Branch Visit,AGT036,Claim Status Check
INT002122,CUST00858,2021-08-03,Chat,AGT008,Claim Status Check
INT002123,CUST00858,2025-06-03,Mobile App,AGT007,Premium Payment Issue
INT002124,CUST00858,2022-12-22,Call,AGT025,Discount Eligibility
INT002125,CUST00859,2024-06-15,Call,AGT024,Beneficiary Update
INT002126,CUST00859,2020-01-10,Chat,AGT007,Cancellation Request
INT002127,CUST00860,2023-07-28,Email,AGT015,Cancellation Request
INT002128,CUST00860,2023-12-02,Branch Visit,AGT011,Premium Payment Issue
INT002129,CUST00860,2023-03-20,Mobile App,AGT035,Cancellation Request
INT002130,CUST00861,2021-07-24,Chat,AGT007,Coverage Change Request
INT002131,CUST00861,2024-01-28,Mobile App,AGT002,Beneficiary Update
INT002132,CUST00861,2022-08-25,Mobile App,AGT039,Beneficiary Update
INT002133,CUST00861,2026-03-05,Call,AGT013,Billing Dispute
INT002134,CUST00862,2025-09-30,Call,AGT026,Policy Renewal Inquiry
INT002135,CUST00862,2026-07-26,Branch Visit,AGT010,Billing Dispute
INT002136,CUST00863,2026-07-09,Call,AGT030,Beneficiary Update
INT002137,CUST00863,2026-03-19,Chat,AGT014,Billing Dispute
INT002138,CUST00863,2026-07-24,Call,AGT008,General Query
INT002139,CUST00864,2025-03-23,Branch Visit,AGT028,Cancellation Request
INT002140,CUST00864,2025-06-20,Call,AGT012,Claim Status Check
INT002141,CUST00864,2023-08-24,Call,AGT038,Premium Payment Issue
INT002142,CUST00864,2021-02-10,Chat,AGT008,General Query
INT002143,CUST00864,2026-06-03,Mobile App,AGT025,Claim Status Check
INT002144,CUST00865,2021-02-23,Call,AGT026,New Policy Quote
INT002145,CUST00866,2022-01-10,Email,AGT036,Complaint - Service Delay
INT002146,CUST00866,2025-10-01,Call,AGT031,General Query
INT002147,CUST00866,2025-11-23,Call,AGT022,General Query
INT002148,CUST00866,2022-08-23,Call,AGT040,Coverage Change Request
INT002149,CUST00867,2025-03-05,Email,AGT039,Policy Renewal Inquiry
INT002150,CUST00867,2026-06-07,Call,AGT006,Cancellation Request
INT002151,CUST00867,2026-04-27,Chat,AGT012,Beneficiary Update
INT002152,CUST00867,2025-09-06,Mobile App,AGT001,Billing Dispute
INT002153,CUST00868,2021-12-25,Mobile App,AGT036,New Policy Quote
INT002154,CUST00869,2023-11-24,Branch Visit,AGT031,Coverage Change Request
INT002155,CUST00869,2026-01-31,Call,AGT029,Cancellation Request
INT002156,CUST00869,2025-04-21,Email,AGT032,Premium Payment Issue
INT002157,CUST00870,2025-06-06,Call,AGT025,New Policy Quote
INT002158,CUST00871,2025-10-15,Chat,AGT020,Claim Status Check
INT002159,CUST00871,2026-05-11,Call,AGT023,Beneficiary Update
INT002160,CUST00871,2022-02-03,Mobile App,AGT011,Premium Payment Issue
INT002161,CUST00872,2024-01-17,Call,AGT017,Billing Dispute
INT002162,CUST00872,2025-06-27,Call,AGT028,Claim Status Check
INT002163,CUST00873,2024-06-30,Chat,AGT009,Premium Payment Issue
INT002164,CUST00873,2025-08-28,Call,AGT032,Cancellation Request
INT002165,CUST00873,2024-10-11,Chat,AGT035,Cancellation Request
INT002166,CUST00873,2024-07-11,Call,AGT036,Premium Payment Issue
INT002167,CUST00874,2026-08-05,Mobile App,AGT008,Billing Dispute
INT002168,CUST00874,2020-10-31,Call,AGT008,Discount Eligibility
INT002169,CUST00875,2024-02-13,Call,AGT004,New Policy Quote
INT002170,CUST00875,2022-12-25,Call,AGT004,Address Update
INT002171,CUST00876,2022-08-22,Chat,AGT029,Address Update
INT002172,CUST00876,2024-10-09,Call,AGT008,Coverage Change Request
INT002173,CUST00876,2024-11-27,Call,AGT020,Complaint - Service Delay
INT002174,CUST00877,2022-12-22,Call,AGT010,Policy Renewal Inquiry
INT002175,CUST00877,2024-01-06,Mobile App,AGT030,Policy Renewal Inquiry
INT002176,CUST00877,2024-10-30,Chat,AGT024,Beneficiary Update
INT002177,CUST00877,2026-07-05,Branch Visit,AGT012,New Policy Quote
INT002178,CUST00878,2022-02-04,Email,AGT031,General Query
INT002179,CUST00878,2021-10-05,Chat,AGT039,Policy Renewal Inquiry
INT002180,CUST00879,2026-08-13,Chat,AGT040,Address Update
INT002181,CUST00879,2025-03-15,Branch Visit,AGT005,Discount Eligibility
INT002182,CUST00879,2025-03-29,Email,AGT015,Complaint - Service Delay
INT002183,CUST00880,2025-03-15,Chat,AGT025,Complaint - Service Delay
INT002184,CUST00881,2025-04-29,Mobile App,AGT012,Complaint - Service Delay
INT002185,CUST00882,2023-08-22,Call,AGT006,Policy Renewal Inquiry
INT002186,CUST00883,2021-02-03,Email,AGT002,Address Update
INT002187,CUST00883,2026-03-01,Call,AGT014,Premium Payment Issue
INT002188,CUST00883,2026-06-28,Call,AGT006,Billing Dispute
INT002189,CUST00884,2026-06-22,Chat,AGT016,Address Update
INT002190,CUST00884,2022-11-11,Branch Visit,AGT005,New Policy Quote
INT002191,CUST00884,2022-10-12,Branch Visit,AGT006,General Query
INT002192,CUST00885,2021-11-17,Mobile App,AGT015,Policy Renewal Inquiry
INT002193,CUST00886,2022-08-01,Call,AGT038,Complaint - Service Delay
INT002194,CUST00886,2026-01-24,Call,AGT034,Complaint - Service Delay
INT002195,CUST00887,2025-03-04,Email,AGT005,Coverage Change Request
INT002196,CUST00887,2020-06-16,Mobile App,AGT020,Premium Payment Issue
INT002197,CUST00887,2025-09-09,Mobile App,AGT031,General Query
INT002198,CUST00887,2020-04-02,Email,AGT038,Policy Renewal Inquiry
INT002199,CUST00888,2025-02-22,Mobile App,AGT040,Cancellation Request
INT002200,CUST00889,2025-02-13,Chat,AGT003,Beneficiary Update
INT002201,CUST00889,2025-12-10,Mobile App,AGT024,Premium Payment Issue
INT002202,CUST00890,2025-03-09,Branch Visit,AGT013,Address Update
INT002203,CUST00890,2025-11-12,Call,AGT005,Coverage Change Request
INT002204,CUST00891,2025-09-25,Chat,AGT017,Address Update
INT002205,CUST00892,2021-05-12,Call,AGT038,New Policy Quote
INT002206,CUST00892,2021-11-29,Call,AGT015,Coverage Change Request
INT002207,CUST00892,2020-06-18,Call,AGT012,New Policy Quote
INT002208,CUST00893,2026-01-07,Chat,AGT022,Claim Status Check
INT002209,CUST00893,2026-06-22,Call,AGT039,Premium Payment Issue
INT002210,CUST00893,2025-04-16,Chat,AGT029,Claim Status Check
INT002211,CUST00894,2026-01-30,Mobile App,AGT018,Address Update
INT002212,CUST00894,2021-11-25,Call,AGT022,Beneficiary Update
INT002213,CUST00894,2025-11-11,Branch Visit,AGT019,General Query
INT002214,CUST00894,2021-02-15,Branch Visit,AGT036,Discount Eligibility
INT002215,CUST00894,2022-07-06,Email,AGT022,Billing Dispute
INT002216,CUST00895,2025-08-03,Email,AGT022,Coverage Change Request
INT002217,CUST00895,2026-02-18,Mobile App,AGT008,Discount Eligibility
INT002218,CUST00896,2023-04-06,Email,AGT024,Coverage Change Request
INT002219,CUST00896,2024-08-23,Call,AGT034,Claim Status Check
INT002220,CUST00897,2022-01-24,Chat,AGT008,Cancellation Request
INT002221,CUST00897,2025-05-29,Call,AGT034,Beneficiary Update
INT002222,CUST00897,2024-09-10,Mobile App,AGT017,Billing Dispute
INT002223,CUST00897,2026-04-23,Email,AGT013,Claim Status Check
INT002224,CUST00898,2023-11-13,Chat,AGT005,Cancellation Request
INT002225,CUST00898,2021-04-15,Call,AGT040,Policy Renewal Inquiry
INT002226,CUST00899,2023-02-13,Chat,AGT022,Claim Status Check
INT002227,CUST00899,2024-03-23,Chat,AGT019,Beneficiary Update
INT002228,CUST00900,2020-04-12,Call,AGT025,Discount Eligibility
INT002229,CUST00900,2020-09-24,Mobile App,AGT040,Policy Renewal Inquiry
INT002230,CUST00900,2023-01-17,Call,AGT034,Billing Dispute
INT002231,CUST00900,2023-08-04,Call,AGT011,Billing Dispute
INT002232,CUST00901,2026-03-16,Branch Visit,AGT008,Beneficiary Update
INT002233,CUST00901,2025-04-17,Call,AGT019,Complaint - Service Delay
INT002234,CUST00901,2021-04-11,Mobile App,AGT034,Complaint - Service Delay
INT002235,CUST00901,2024-10-25,Email,AGT035,General Query
INT002236,CUST00902,2023-01-24,Call,AGT014,New Policy Quote
INT002237,CUST00902,2024-01-19,Chat,AGT008,Coverage Change Request
INT002238,CUST00902,2020-10-10,Call,AGT027,Discount Eligibility
INT002239,CUST00903,2024-07-20,Mobile App,AGT009,Coverage Change Request
INT002240,CUST00903,2025-03-01,Call,AGT037,Coverage Change Request
INT002241,CUST00903,2024-05-06,Email,AGT027,Beneficiary Update
INT002242,CUST00904,2022-03-10,Email,AGT032,Complaint - Service Delay
INT002243,CUST00904,2021-10-08,Email,AGT004,Billing Dispute
INT002244,CUST00905,2025-10-16,Chat,AGT008,Address Update
INT002245,CUST00906,2021-08-03,Chat,AGT030,Claim Status Check
INT002246,CUST00906,2024-10-08,Chat,AGT021,Cancellation Request
INT002247,CUST00907,2026-07-07,Email,AGT014,Beneficiary Update
INT002248,CUST00907,2026-02-11,Mobile App,AGT034,Billing Dispute
INT002249,CUST00908,2022-12-26,Call,AGT032,Cancellation Request
INT002250,CUST00909,2024-02-28,Email,AGT018,Billing Dispute
INT002251,CUST00909,2024-05-28,Call,AGT034,Beneficiary Update
INT002252,CUST00909,2023-05-13,Chat,AGT010,New Policy Quote
INT002253,CUST00909,2025-10-11,Call,AGT013,Cancellation Request
INT002254,CUST00909,2020-01-23,Chat,AGT036,Policy Renewal Inquiry
INT002255,CUST00910,2026-01-24,Chat,AGT032,Premium Payment Issue
INT002256,CUST00911,2023-02-14,Call,AGT002,Premium Payment Issue
INT002257,CUST00912,2023-12-20,Call,AGT028,General Query
INT002258,CUST00913,2022-12-03,Email,AGT013,Address Update
INT002259,CUST00913,2022-09-10,Email,AGT027,Discount Eligibility
INT002260,CUST00913,2025-01-21,Call,AGT028,Claim Status Check
INT002261,CUST00914,2024-05-14,Mobile App,AGT028,General Query
INT002262,CUST00914,2023-05-02,Call,AGT027,Beneficiary Update
INT002263,CUST00914,2026-01-12,Call,AGT003,New Policy Quote
INT002264,CUST00915,2024-06-25,Call,AGT003,Billing Dispute
INT002265,CUST00915,2026-06-22,Chat,AGT016,New Policy Quote
INT002266,CUST00915,2022-05-11,Call,AGT033,Address Update
INT002267,CUST00916,2023-04-16,Email,AGT005,Cancellation Request
INT002268,CUST00916,2021-11-06,Call,AGT034,New Policy Quote
INT002269,CUST00917,2022-07-04,Mobile App,AGT015,Cancellation Request
INT002270,CUST00917,2020-01-21,Email,AGT012,Coverage Change Request
INT002271,CUST00918,2023-07-09,Mobile App,AGT032,General Query
INT002272,CUST00918,2023-10-02,Chat,AGT007,Claim Status Check
INT002273,CUST00919,2025-12-29,Call,AGT037,Claim Status Check
INT002274,CUST00919,2023-08-14,Call,AGT005,Policy Renewal Inquiry
INT002275,CUST00919,2020-12-17,Call,AGT040,Policy Renewal Inquiry
INT002276,CUST00919,2025-11-03,Email,AGT006,Billing Dispute
INT002277,CUST00920,2026-06-12,Mobile App,AGT027,General Query
INT002278,CUST00920,2023-09-25,Call,AGT025,Premium Payment Issue
INT002279,CUST00921,2020-05-24,Mobile App,AGT038,Billing Dispute
INT002280,CUST00922,2025-12-20,Chat,AGT029,Cancellation Request
INT002281,CUST00922,2024-12-14,Mobile App,AGT022,Discount Eligibility
INT002282,CUST00923,2026-06-14,Call,AGT025,Billing Dispute
INT002283,CUST00923,2026-02-09,Call,AGT040,New Policy Quote
INT002284,CUST00924,2025-09-03,Branch Visit,AGT014,Coverage Change Request
INT002285,CUST00924,2023-01-21,Call,AGT003,Coverage Change Request
INT002286,CUST00925,2021-02-09,Call,AGT025,General Query
INT002287,CUST00925,2021-09-12,Email,AGT016,Billing Dispute
INT002288,CUST00925,2021-12-24,Mobile App,AGT024,Coverage Change Request
INT002289,CUST00926,2022-09-05,Branch Visit,AGT009,General Query
INT002290,CUST00926,2025-07-12,Email,AGT006,Beneficiary Update
INT002291,CUST00926,2026-03-21,Call,AGT001,Claim Status Check
INT002292,CUST00927,2021-07-03,Chat,AGT004,Complaint - Service Delay
INT002293,CUST00928,2026-01-01,Email,AGT032,Discount Eligibility
INT002294,CUST00928,2021-02-04,Chat,AGT020,Cancellation Request
INT002295,CUST00928,2024-09-06,Call,AGT016,Complaint - Service Delay
INT002296,CUST00929,2022-12-03,Call,AGT016,General Query
INT002297,CUST00930,2026-08-05,Call,AGT030,Discount Eligibility
INT002298,CUST00930,2024-09-18,Email,AGT016,New Policy Quote
INT002299,CUST00930,2026-05-30,Mobile App,AGT021,New Policy Quote
INT002300,CUST00931,2021-11-08,Email,AGT009,Premium Payment Issue
INT002301,CUST00931,2023-05-15,Chat,AGT030,Cancellation Request
INT002302,CUST00931,2020-08-18,Email,AGT040,Complaint - Service Delay
INT002303,CUST00932,2026-03-05,Mobile App,AGT037,Policy Renewal Inquiry
INT002304,CUST00932,2026-07-25,Chat,AGT006,General Query
INT002305,CUST00933,2022-07-16,Call,AGT024,Address Update
INT002306,CUST00934,2023-07-17,Call,AGT035,New Policy Quote
INT002307,CUST00935,2024-02-28,Mobile App,AGT004,Billing Dispute
INT002308,CUST00935,2025-09-11,Mobile App,AGT026,New Policy Quote
INT002309,CUST00935,2025-07-19,Email,AGT017,Cancellation Request
INT002310,CUST00936,2023-01-19,Call,AGT039,New Policy Quote
INT002311,CUST00936,2026-05-07,Mobile App,AGT030,Complaint - Service Delay
INT002312,CUST00936,2024-10-20,Email,AGT005,Premium Payment Issue
INT002313,CUST00937,2023-06-17,Call,AGT021,Premium Payment Issue
INT002314,CUST00938,2024-10-27,Call,AGT002,General Query
INT002315,CUST00939,2024-10-29,Call,AGT011,Beneficiary Update
INT002316,CUST00940,2023-02-17,Call,AGT007,Premium Payment Issue
INT002317,CUST00940,2025-07-29,Chat,AGT009,Premium Payment Issue
INT002318,CUST00940,2024-09-07,Call,AGT015,Billing Dispute
INT002319,CUST00941,2021-07-16,Call,AGT020,Claim Status Check
INT002320,CUST00942,2025-01-12,Email,AGT030,Complaint - Service Delay
INT002321,CUST00942,2026-04-29,Chat,AGT014,Billing Dispute
INT002322,CUST00942,2023-09-08,Call,AGT029,Premium Payment Issue
INT002323,CUST00943,2026-04-13,Chat,AGT015,New Policy Quote
INT002324,CUST00944,2024-03-10,Chat,AGT005,Address Update
INT002325,CUST00944,2023-06-05,Email,AGT037,Complaint - Service Delay
INT002326,CUST00945,2024-01-13,Branch Visit,AGT014,Discount Eligibility
INT002327,CUST00945,2024-01-28,Mobile App,AGT011,New Policy Quote
INT002328,CUST00946,2026-07-15,Mobile App,AGT021,New Policy Quote
INT002329,CUST00946,2025-06-20,Chat,AGT037,New Policy Quote
INT002330,CUST00947,2024-08-20,Call,AGT016,Cancellation Request
INT002331,CUST00948,2025-07-14,Call,AGT032,Premium Payment Issue
INT002332,CUST00948,2024-08-28,Mobile App,AGT001,Address Update
INT002333,CUST00948,2025-07-25,Email,AGT026,Discount Eligibility
INT002334,CUST00948,2026-05-21,Call,AGT017,General Query
INT002335,CUST00949,2023-05-14,Mobile App,AGT010,New Policy Quote
INT002336,CUST00950,2020-07-23,Mobile App,AGT037,General Query
INT002337,CUST00950,2022-02-25,Email,AGT016,Complaint - Service Delay
INT002338,CUST00950,2025-06-12,Call,AGT037,General Query
INT002339,CUST00951,2024-12-30,Call,AGT002,Address Update
INT002340,CUST00952,2023-04-08,Mobile App,AGT037,New Policy Quote
INT002341,CUST00952,2024-09-23,Email,AGT018,New Policy Quote
INT002342,CUST00953,2025-12-17,Call,AGT012,Beneficiary Update
INT002343,CUST00954,2024-02-17,Call,AGT017,Complaint - Service Delay
INT002344,CUST00954,2025-05-29,Email,AGT004,Beneficiary Update
INT002345,CUST00955,2026-04-12,Mobile App,AGT036,Coverage Change Request
INT002346,CUST00955,2026-01-14,Mobile App,AGT023,Claim Status Check
INT002347,CUST00955,2026-03-02,Branch Visit,AGT018,Billing Dispute
INT002348,CUST00956,2024-01-24,Call,AGT024,Billing Dispute
INT002349,CUST00956,2020-08-04,Chat,AGT008,Billing Dispute
INT002350,CUST00956,2026-08-11,Call,AGT022,Policy Renewal Inquiry
INT002351,CUST00956,2022-04-04,Call,AGT028,Beneficiary Update
INT002352,CUST00956,2026-02-05,Call,AGT015,Billing Dispute
INT002353,CUST00957,2024-05-06,Mobile App,AGT002,Billing Dispute
INT002354,CUST00958,2024-11-30,Branch Visit,AGT003,General Query
INT002355,CUST00958,2026-05-14,Chat,AGT019,Cancellation Request
INT002356,CUST00959,2023-06-08,Email,AGT038,Coverage Change Request
INT002357,CUST00960,2026-08-10,Email,AGT028,Coverage Change Request
INT002358,CUST00961,2024-03-19,Call,AGT004,New Policy Quote
INT002359,CUST00961,2025-07-12,Chat,AGT029,Coverage Change Request
INT002360,CUST00962,2023-12-05,Chat,AGT023,New Policy Quote
INT002361,CUST00962,2023-02-26,Chat,AGT027,Premium Payment Issue
INT002362,CUST00962,2023-03-02,Branch Visit,AGT006,Beneficiary Update
INT002363,CUST00962,2023-05-17,Mobile App,AGT005,Discount Eligibility
INT002364,CUST00963,2020-07-10,Call,AGT036,Claim Status Check
INT002365,CUST00964,2024-02-11,Mobile App,AGT014,Address Update
INT002366,CUST00965,2026-02-23,Call,AGT002,Policy Renewal Inquiry
INT002367,CUST00965,2025-08-07,Mobile App,AGT036,Beneficiary Update
INT002368,CUST00966,2026-08-08,Email,AGT037,Discount Eligibility
INT002369,CUST00966,2026-07-18,Email,AGT029,Policy Renewal Inquiry
INT002370,CUST00966,2026-04-17,Chat,AGT025,Cancellation Request
INT002371,CUST00967,2023-02-14,Email,AGT013,Claim Status Check
INT002372,CUST00967,2022-03-08,Email,AGT039,Address Update
INT002373,CUST00968,2020-09-27,Mobile App,AGT012,Complaint - Service Delay
INT002374,CUST00969,2026-02-03,Call,AGT003,Claim Status Check
INT002375,CUST00970,2024-01-08,Call,AGT020,Coverage Change Request
INT002376,CUST00970,2023-04-17,Mobile App,AGT018,Cancellation Request
INT002377,CUST00970,2024-11-24,Mobile App,AGT039,Address Update
INT002378,CUST00970,2025-09-06,Call,AGT016,Address Update
INT002379,CUST00971,2025-11-21,Call,AGT014,Complaint - Service Delay
INT002380,CUST00971,2026-01-12,Call,AGT034,Policy Renewal Inquiry
INT002381,CUST00971,2025-12-11,Call,AGT015,General Query
INT002382,CUST00971,2026-06-18,Mobile App,AGT019,Beneficiary Update
INT002383,CUST00972,2022-03-14,Mobile App,AGT014,Premium Payment Issue
INT002384,CUST00972,2022-03-14,Branch Visit,AGT011,Policy Renewal Inquiry
INT002385,CUST00973,2021-07-09,Chat,AGT025,General Query
INT002386,CUST00974,2024-06-20,Mobile App,AGT004,Claim Status Check
INT002387,CUST00974,2025-09-09,Email,AGT023,New Policy Quote
INT002388,CUST00975,2020-07-21,Email,AGT023,Claim Status Check
INT002389,CUST00975,2021-01-11,Chat,AGT030,General Query
INT002390,CUST00975,2021-01-10,Mobile App,AGT020,Premium Payment Issue
INT002391,CUST00976,2023-08-29,Email,AGT020,Coverage Change Request
INT002392,CUST00976,2024-09-04,Email,AGT001,Billing Dispute
INT002393,CUST00977,2020-12-21,Chat,AGT002,Address Update
INT002394,CUST00977,2022-01-01,Call,AGT026,Billing Dispute
INT002395,CUST00977,2022-04-11,Chat,AGT021,General Query
INT002396,CUST00978,2025-12-13,Call,AGT038,New Policy Quote
INT002397,CUST00978,2024-06-28,Mobile App,AGT009,New Policy Quote
INT002398,CUST00978,2024-11-24,Call,AGT014,Claim Status Check
INT002399,CUST00979,2020-10-14,Branch Visit,AGT001,New Policy Quote
INT002400,CUST00979,2024-12-14,Branch Visit,AGT012,New Policy Quote
INT002401,CUST00980,2022-05-03,Email,AGT032,Coverage Change Request
INT002402,CUST00980,2022-02-23,Mobile App,AGT020,Address Update
INT002403,CUST00981,2025-03-03,Call,AGT002,Policy Renewal Inquiry
INT002404,CUST00981,2025-06-22,Mobile App,AGT017,Premium Payment Issue
INT002405,CUST00981,2025-03-15,Call,AGT009,Complaint - Service Delay
INT002406,CUST00982,2025-05-13,Branch Visit,AGT026,Premium Payment Issue
INT002407,CUST00982,2025-02-26,Email,AGT031,Address Update
INT002408,CUST00983,2025-04-10,Call,AGT009,Discount Eligibility
INT002409,CUST00983,2026-05-29,Email,AGT019,Premium Payment Issue
INT002410,CUST00984,2021-12-19,Mobile App,AGT032,Billing Dispute
INT002411,CUST00985,2021-08-31,Mobile App,AGT005,Discount Eligibility
INT002412,CUST00985,2020-08-13,Chat,AGT019,Complaint - Service Delay
INT002413,CUST00985,2026-04-26,Chat,AGT006,Coverage Change Request
INT002414,CUST00986,2020-10-14,Call,AGT027,Address Update
INT002415,CUST00986,2026-08-06,Mobile App,AGT033,General Query
INT002416,CUST00987,2020-11-04,Chat,AGT010,Cancellation Request
INT002417,CUST00987,2025-12-15,Mobile App,AGT009,Complaint - Service Delay
INT002418,CUST00987,2023-06-17,Mobile App,AGT006,Billing Dispute
INT002419,CUST00988,2024-12-18,Mobile App,AGT001,Beneficiary Update
INT002420,CUST00988,2026-06-13,Email,AGT014,Coverage Change Request
INT002421,CUST00989,2026-05-07,Chat,AGT003,Coverage Change Request
INT002422,CUST00989,2022-10-24,Mobile App,AGT018,Premium Payment Issue
INT002423,CUST00989,2025-01-15,Mobile App,AGT010,Complaint - Service Delay
INT002424,CUST00989,2026-01-01,Call,AGT015,Billing Dispute
INT002425,CUST00990,2024-05-15,Call,AGT014,General Query
INT002426,CUST00990,2022-12-04,Call,AGT031,Billing Dispute
INT002427,CUST00991,2026-05-14,Mobile App,AGT008,Coverage Change Request
INT002428,CUST00991,2020-02-29,Call,AGT005,New Policy Quote
INT002429,CUST00991,2021-11-08,Call,AGT005,General Query
INT002430,CUST00992,2025-12-30,Email,AGT035,Address Update
INT002431,CUST00992,2025-07-20,Call,AGT028,Discount Eligibility
INT002432,CUST00993,2021-05-16,Email,AGT033,General Query
INT002433,CUST00993,2022-12-10,Chat,AGT015,Premium Payment Issue
INT002434,CUST00993,2025-03-02,Call,AGT007,Claim Status Check
INT002435,CUST00994,2021-11-07,Chat,AGT012,New Policy Quote
INT002436,CUST00995,2025-10-21,Chat,AGT024,Complaint - Service Delay
INT002437,CUST00995,2025-03-23,Call,AGT031,Cancellation Request
INT002438,CUST00995,2025-04-16,Email,AGT004,Claim Status Check
INT002439,CUST00996,2021-10-10,Chat,AGT018,Complaint - Service Delay
INT002440,CUST00996,2025-05-23,Call,AGT013,Policy Renewal Inquiry
INT002441,CUST00996,2023-04-13,Email,AGT006,Billing Dispute
INT002442,CUST00996,2022-07-01,Call,AGT029,New Policy Quote
INT002443,CUST00996,2023-02-03,Email,AGT022,General Query
INT002444,CUST00997,2025-02-05,Branch Visit,AGT008,Complaint - Service Delay
INT002445,CUST00997,2024-04-19,Branch Visit,AGT013,Policy Renewal Inquiry
INT002446,CUST00998,2023-12-11,Call,AGT033,Complaint - Service Delay
INT002447,CUST00999,2021-01-05,Email,AGT024,Discount Eligibility
INT002448,CUST00999,2024-09-19,Chat,AGT026,New Policy Quote
INT002449,CUST01000,2021-01-15,Chat,AGT029,Premium Payment Issue
INT002450,CUST01000,2024-05-03,Branch Visit,AGT017,Premium Payment Issue
