PAYMENT_ID,CUSTOMER_ID,POLICY_ID,PAYMENT_DATE,AMOUNT,PAYMENT_STATUS
PAY000001,CUST00001,POL00001,2021-01-23,294.06,Success
PAY000002,CUST00001,POL00001,2021-04-24,294.06,Refunded
PAY000003,CUST00001,POL00001,2021-07-24,294.06,Success
PAY000004,CUST00001,POL00001,2021-10-23,294.06,Success
PAY000005,CUST00001,POL00002,2024-10-24,106.88,Success
PAY000006,CUST00001,POL00002,2024-11-23,106.88,Success
PAY000007,CUST00001,POL00002,2024-12-23,106.88,Success
PAY000008,CUST00001,POL00002,2025-01-22,106.88,Success
PAY000009,CUST00001,POL00002,2025-02-21,106.88,Failed
PAY000010,CUST00001,POL00002,2025-03-23,106.88,Success
PAY000011,CUST00001,POL00002,2025-04-22,106.88,Success
PAY000012,CUST00001,POL00002,2025-05-22,106.88,Success
PAY000013,CUST00001,POL00002,2025-06-21,106.88,Success
PAY000014,CUST00001,POL00002,2025-07-21,106.88,Success
PAY000015,CUST00001,POL00002,2025-08-20,106.88,Success
PAY000016,CUST00001,POL00002,2025-09-19,106.88,Failed
PAY000017,CUST00001,POL00003,2019-06-24,178.05,Success
PAY000018,CUST00002,POL00004,2024-07-31,296.75,Success
PAY000019,CUST00002,POL00004,2024-10-30,296.75,Success
PAY000020,CUST00002,POL00004,2025-01-29,296.75,Success
PAY000021,CUST00002,POL00004,2025-04-30,296.75,Success
PAY000022,CUST00002,POL00005,2021-02-02,151.09,Success
PAY000023,CUST00002,POL00005,2021-03-04,151.09,Success
PAY000024,CUST00002,POL00005,2021-04-03,151.09,Success
PAY000025,CUST00002,POL00005,2021-05-03,151.09,Success
PAY000026,CUST00002,POL00005,2021-06-02,151.09,Success
PAY000027,CUST00002,POL00005,2021-07-02,151.09,Success
PAY000028,CUST00002,POL00005,2021-08-01,151.09,Success
PAY000029,CUST00002,POL00005,2021-08-31,151.09,Success
PAY000030,CUST00002,POL00005,2021-09-30,151.09,Success
PAY000031,CUST00002,POL00005,2021-10-30,151.09,Success
PAY000032,CUST00002,POL00005,2021-11-29,151.09,Success
PAY000033,CUST00002,POL00005,2021-12-29,151.09,Success
PAY000034,CUST00003,POL00006,2019-04-22,4207.80,Pending
PAY000035,CUST00003,POL00007,2021-06-14,145.44,Success
PAY000036,CUST00003,POL00007,2021-07-14,145.44,Failed
PAY000037,CUST00003,POL00007,2021-08-13,145.44,Success
PAY000038,CUST00003,POL00007,2021-09-12,145.44,Success
PAY000039,CUST00003,POL00007,2021-10-12,145.44,Success
PAY000040,CUST00003,POL00007,2021-11-11,145.44,Success
PAY000041,CUST00003,POL00007,2021-12-11,145.44,Success
PAY000042,CUST00003,POL00007,2022-01-10,145.44,Success
PAY000043,CUST00003,POL00007,2022-02-09,145.44,Pending
PAY000044,CUST00003,POL00007,2022-03-11,145.44,Failed
PAY000045,CUST00003,POL00007,2022-04-10,145.44,Success
PAY000046,CUST00003,POL00007,2022-05-10,145.44,Success
PAY000047,CUST00004,POL00008,2019-01-14,1999.22,Failed
PAY000048,CUST00004,POL00009,2022-11-13,710.62,Success
PAY000049,CUST00004,POL00009,2023-02-12,710.62,Success
PAY000050,CUST00004,POL00009,2023-05-14,710.62,Pending
PAY000051,CUST00004,POL00009,2023-08-13,710.62,Success
PAY000052,CUST00004,POL00010,2020-12-04,153.41,Success
PAY000053,CUST00004,POL00010,2021-01-03,153.41,Success
PAY000054,CUST00004,POL00010,2021-02-02,153.41,Success
PAY000055,CUST00004,POL00010,2021-03-04,153.41,Success
PAY000056,CUST00004,POL00010,2021-04-03,153.41,Success
PAY000057,CUST00004,POL00010,2021-05-03,153.41,Success
PAY000058,CUST00004,POL00010,2021-06-02,153.41,Success
PAY000059,CUST00004,POL00010,2021-07-02,153.41,Success
PAY000060,CUST00004,POL00010,2021-08-01,153.41,Success
PAY000061,CUST00004,POL00010,2021-08-31,153.41,Success
PAY000062,CUST00004,POL00010,2021-09-30,153.41,Success
PAY000063,CUST00004,POL00010,2021-10-30,153.41,Success
PAY000064,CUST00005,POL00011,2019-10-13,627.95,Success
PAY000065,CUST00005,POL00011,2020-04-12,627.95,Success
PAY000066,CUST00006,POL00012,2020-09-24,260.46,Success
PAY000067,CUST00006,POL00012,2020-10-24,260.46,Success
PAY000068,CUST00006,POL00012,2020-11-23,260.46,Success
PAY000069,CUST00006,POL00012,2020-12-23,260.46,Success
PAY000070,CUST00006,POL00012,2021-01-22,260.46,Success
PAY000071,CUST00006,POL00012,2021-02-21,260.46,Success
PAY000072,CUST00006,POL00012,2021-03-23,260.46,Success
PAY000073,CUST00006,POL00012,2021-04-22,260.46,Failed
PAY000074,CUST00006,POL00012,2021-05-22,260.46,Success
PAY000075,CUST00006,POL00012,2021-06-21,260.46,Refunded
PAY000076,CUST00006,POL00012,2021-07-21,260.46,Success
PAY000077,CUST00006,POL00012,2021-08-20,260.46,Success
PAY000078,CUST00006,POL00013,2021-01-08,548.97,Success
PAY000079,CUST00007,POL00014,2019-01-06,1827.15,Failed
PAY000080,CUST00008,POL00015,2019-09-24,749.11,Success
PAY000081,CUST00008,POL00015,2020-03-24,749.11,Success
PAY000082,CUST00009,POL00016,2019-06-11,886.74,Success
PAY000083,CUST00009,POL00016,2019-12-10,886.74,Success
PAY000084,CUST00009,POL00017,2024-07-30,247.65,Success
PAY000085,CUST00009,POL00017,2024-08-29,247.65,Success
PAY000086,CUST00009,POL00017,2024-09-28,247.65,Success
PAY000087,CUST00009,POL00017,2024-10-28,247.65,Success
PAY000088,CUST00009,POL00017,2024-11-27,247.65,Success
PAY000089,CUST00009,POL00017,2024-12-27,247.65,Success
PAY000090,CUST00009,POL00017,2025-01-26,247.65,Success
PAY000091,CUST00009,POL00017,2025-02-25,247.65,Success
PAY000092,CUST00009,POL00017,2025-03-27,247.65,Success
PAY000093,CUST00009,POL00017,2025-04-26,247.65,Success
PAY000094,CUST00009,POL00017,2025-05-26,247.65,Success
PAY000095,CUST00009,POL00017,2025-06-25,247.65,Success
PAY000096,CUST00010,POL00018,2021-05-21,126.81,Success
PAY000097,CUST00010,POL00018,2021-06-20,126.81,Refunded
PAY000098,CUST00010,POL00018,2021-07-20,126.81,Success
PAY000099,CUST00010,POL00018,2021-08-19,126.81,Success
PAY000100,CUST00010,POL00018,2021-09-18,126.81,Success
PAY000101,CUST00010,POL00018,2021-10-18,126.81,Failed
PAY000102,CUST00010,POL00018,2021-11-17,126.81,Pending
PAY000103,CUST00010,POL00018,2021-12-17,126.81,Success
PAY000104,CUST00010,POL00018,2022-01-16,126.81,Success
PAY000105,CUST00010,POL00018,2022-02-15,126.81,Success
PAY000106,CUST00010,POL00018,2022-03-17,126.81,Success
PAY000107,CUST00010,POL00018,2022-04-16,126.81,Success
PAY000108,CUST00011,POL00019,2018-12-05,1634.92,Success
PAY000109,CUST00011,POL00020,2022-07-04,353.65,Pending
PAY000110,CUST00011,POL00020,2022-08-03,353.65,Success
PAY000111,CUST00011,POL00020,2022-09-02,353.65,Success
PAY000112,CUST00011,POL00020,2022-10-02,353.65,Success
PAY000113,CUST00011,POL00020,2022-11-01,353.65,Success
PAY000114,CUST00011,POL00020,2022-12-01,353.65,Success
PAY000115,CUST00011,POL00020,2022-12-31,353.65,Success
PAY000116,CUST00011,POL00020,2023-01-30,353.65,Success
PAY000117,CUST00011,POL00020,2023-03-01,353.65,Success
PAY000118,CUST00011,POL00020,2023-03-31,353.65,Success
PAY000119,CUST00011,POL00020,2023-04-30,353.65,Success
PAY000120,CUST00011,POL00020,2023-05-30,353.65,Failed
PAY000121,CUST00012,POL00021,2022-10-03,672.19,Success
PAY000122,CUST00012,POL00021,2023-01-02,672.19,Pending
PAY000123,CUST00012,POL00021,2023-04-03,672.19,Success
PAY000124,CUST00012,POL00021,2023-07-03,672.19,Success
PAY000125,CUST00013,POL00022,2019-05-13,307.11,Success
PAY000126,CUST00013,POL00022,2019-08-12,307.11,Pending
PAY000127,CUST00013,POL00022,2019-11-11,307.11,Success
PAY000128,CUST00013,POL00022,2020-02-10,307.11,Success
PAY000129,CUST00014,POL00023,2025-02-17,190.28,Success
PAY000130,CUST00014,POL00023,2025-08-18,190.28,Pending
PAY000131,CUST00015,POL00024,2023-11-15,49.13,Pending
PAY000132,CUST00015,POL00024,2023-12-15,49.13,Success
PAY000133,CUST00015,POL00024,2024-01-14,49.13,Success
PAY000134,CUST00015,POL00024,2024-02-13,49.13,Failed
PAY000135,CUST00015,POL00024,2024-03-14,49.13,Success
PAY000136,CUST00015,POL00024,2024-04-13,49.13,Success
PAY000137,CUST00015,POL00024,2024-05-13,49.13,Success
PAY000138,CUST00015,POL00024,2024-06-12,49.13,Success
PAY000139,CUST00015,POL00024,2024-07-12,49.13,Success
PAY000140,CUST00015,POL00024,2024-08-11,49.13,Success
PAY000141,CUST00015,POL00024,2024-09-10,49.13,Success
PAY000142,CUST00015,POL00024,2024-10-10,49.13,Success
PAY000143,CUST00015,POL00025,2021-05-21,86.79,Success
PAY000144,CUST00015,POL00025,2021-06-20,86.79,Success
PAY000145,CUST00015,POL00025,2021-07-20,86.79,Refunded
PAY000146,CUST00015,POL00025,2021-08-19,86.79,Success
PAY000147,CUST00015,POL00025,2021-09-18,86.79,Success
PAY000148,CUST00015,POL00025,2021-10-18,86.79,Success
PAY000149,CUST00015,POL00025,2021-11-17,86.79,Success
PAY000150,CUST00015,POL00025,2021-12-17,86.79,Success
PAY000151,CUST00015,POL00025,2022-01-16,86.79,Success
PAY000152,CUST00015,POL00025,2022-02-15,86.79,Success
PAY000153,CUST00015,POL00025,2022-03-17,86.79,Success
PAY000154,CUST00015,POL00025,2022-04-16,86.79,Success
PAY000155,CUST00015,POL00026,2024-11-26,1827.37,Failed
PAY000156,CUST00016,POL00027,2020-01-13,3188.76,Success
PAY000157,CUST00017,POL00028,2024-11-09,142.56,Success
PAY000158,CUST00017,POL00028,2024-12-09,142.56,Success
PAY000159,CUST00017,POL00028,2025-01-08,142.56,Success
PAY000160,CUST00017,POL00028,2025-02-07,142.56,Success
PAY000161,CUST00017,POL00028,2025-03-09,142.56,Success
PAY000162,CUST00017,POL00028,2025-04-08,142.56,Success
PAY000163,CUST00017,POL00028,2025-05-08,142.56,Success
PAY000164,CUST00017,POL00028,2025-06-07,142.56,Success
PAY000165,CUST00017,POL00028,2025-07-07,142.56,Success
PAY000166,CUST00017,POL00028,2025-08-06,142.56,Success
PAY000167,CUST00017,POL00028,2025-09-05,142.56,Failed
PAY000168,CUST00017,POL00028,2025-10-05,142.56,Pending
PAY000169,CUST00018,POL00029,2020-05-12,338.72,Failed
PAY000170,CUST00018,POL00029,2020-08-11,338.72,Success
PAY000171,CUST00018,POL00029,2020-11-10,338.72,Success
PAY000172,CUST00018,POL00029,2021-02-09,338.72,Success
PAY000173,CUST00019,POL00030,2021-07-15,139.56,Success
PAY000174,CUST00019,POL00030,2021-08-14,139.56,Success
PAY000175,CUST00019,POL00030,2021-09-13,139.56,Success
PAY000176,CUST00019,POL00030,2021-10-13,139.56,Refunded
PAY000177,CUST00019,POL00030,2021-11-12,139.56,Success
PAY000178,CUST00019,POL00030,2021-12-12,139.56,Success
PAY000179,CUST00019,POL00030,2022-01-11,139.56,Success
PAY000180,CUST00019,POL00030,2022-02-10,139.56,Failed
PAY000181,CUST00019,POL00030,2022-03-12,139.56,Pending
PAY000182,CUST00019,POL00030,2022-04-11,139.56,Success
PAY000183,CUST00019,POL00030,2022-05-11,139.56,Success
PAY000184,CUST00019,POL00030,2022-06-10,139.56,Refunded
PAY000185,CUST00020,POL00031,2019-06-24,298.23,Success
PAY000186,CUST00020,POL00031,2019-12-23,298.23,Success
PAY000187,CUST00021,POL00032,2022-09-09,204.10,Success
PAY000188,CUST00021,POL00032,2022-10-09,204.10,Success
PAY000189,CUST00021,POL00032,2022-11-08,204.10,Success
PAY000190,CUST00021,POL00032,2022-12-08,204.10,Success
PAY000191,CUST00021,POL00032,2023-01-07,204.10,Success
PAY000192,CUST00021,POL00032,2023-02-06,204.10,Success
PAY000193,CUST00021,POL00032,2023-03-08,204.10,Success
PAY000194,CUST00021,POL00032,2023-04-07,204.10,Success
PAY000195,CUST00021,POL00032,2023-05-07,204.10,Success
PAY000196,CUST00021,POL00032,2023-06-06,204.10,Pending
PAY000197,CUST00021,POL00032,2023-07-06,204.10,Success
PAY000198,CUST00021,POL00032,2023-08-05,204.10,Success
PAY000199,CUST00022,POL00033,2019-10-05,2125.71,Success
PAY000200,CUST00022,POL00034,2018-04-29,132.20,Success
PAY000201,CUST00022,POL00034,2018-05-29,132.20,Success
PAY000202,CUST00022,POL00034,2018-06-28,132.20,Failed
PAY000203,CUST00022,POL00034,2018-07-28,132.20,Failed
PAY000204,CUST00022,POL00034,2018-08-27,132.20,Success
PAY000205,CUST00022,POL00034,2018-09-26,132.20,Success
PAY000206,CUST00022,POL00034,2018-10-26,132.20,Success
PAY000207,CUST00022,POL00034,2018-11-25,132.20,Pending
PAY000208,CUST00022,POL00034,2018-12-25,132.20,Success
PAY000209,CUST00022,POL00034,2019-01-24,132.20,Success
PAY000210,CUST00022,POL00034,2019-02-23,132.20,Success
PAY000211,CUST00022,POL00034,2019-03-25,132.20,Success
PAY000212,CUST00023,POL00035,2023-09-26,1930.56,Success
PAY000213,CUST00023,POL00036,2023-03-04,418.70,Success
PAY000214,CUST00023,POL00036,2023-04-03,418.70,Success
PAY000215,CUST00023,POL00036,2023-05-03,418.70,Success
PAY000216,CUST00023,POL00036,2023-06-02,418.70,Refunded
PAY000217,CUST00023,POL00036,2023-07-02,418.70,Refunded
PAY000218,CUST00023,POL00036,2023-08-01,418.70,Success
PAY000219,CUST00023,POL00036,2023-08-31,418.70,Success
PAY000220,CUST00023,POL00036,2023-09-30,418.70,Success
PAY000221,CUST00023,POL00036,2023-10-30,418.70,Success
PAY000222,CUST00023,POL00036,2023-11-29,418.70,Pending
PAY000223,CUST00023,POL00036,2023-12-29,418.70,Success
PAY000224,CUST00023,POL00036,2024-01-28,418.70,Success
PAY000225,CUST00023,POL00037,2023-03-09,1789.12,Success
PAY000226,CUST00024,POL00038,2022-12-02,119.08,Success
PAY000227,CUST00024,POL00038,2023-03-03,119.08,Success
PAY000228,CUST00024,POL00038,2023-06-02,119.08,Success
PAY000229,CUST00024,POL00038,2023-09-01,119.08,Success
PAY000230,CUST00024,POL00039,2019-03-01,160.39,Failed
PAY000231,CUST00024,POL00039,2019-03-31,160.39,Success
PAY000232,CUST00024,POL00039,2019-04-30,160.39,Success
PAY000233,CUST00024,POL00039,2019-05-30,160.39,Success
PAY000234,CUST00024,POL00039,2019-06-29,160.39,Success
PAY000235,CUST00024,POL00039,2019-07-29,160.39,Success
PAY000236,CUST00024,POL00039,2019-08-28,160.39,Success
PAY000237,CUST00024,POL00039,2019-09-27,160.39,Success
PAY000238,CUST00024,POL00039,2019-10-27,160.39,Success
PAY000239,CUST00024,POL00039,2019-11-26,160.39,Success
PAY000240,CUST00024,POL00039,2019-12-26,160.39,Success
PAY000241,CUST00024,POL00039,2020-01-25,160.39,Success
PAY000242,CUST00025,POL00040,2023-02-20,438.62,Success
PAY000243,CUST00025,POL00040,2023-05-22,438.62,Success
PAY000244,CUST00025,POL00040,2023-08-21,438.62,Success
PAY000245,CUST00025,POL00040,2023-11-20,438.62,Success
PAY000246,CUST00026,POL00041,2024-04-27,937.42,Success
PAY000247,CUST00026,POL00041,2024-10-26,937.42,Success
PAY000248,CUST00027,POL00042,2020-05-16,870.73,Success
PAY000249,CUST00027,POL00043,2023-08-15,125.60,Success
PAY000250,CUST00027,POL00043,2023-09-14,125.60,Success
PAY000251,CUST00027,POL00043,2023-10-14,125.60,Refunded
PAY000252,CUST00027,POL00043,2023-11-13,125.60,Success
PAY000253,CUST00027,POL00043,2023-12-13,125.60,Pending
PAY000254,CUST00027,POL00043,2024-01-12,125.60,Success
PAY000255,CUST00027,POL00043,2024-02-11,125.60,Pending
PAY000256,CUST00027,POL00043,2024-03-12,125.60,Success
PAY000257,CUST00027,POL00043,2024-04-11,125.60,Failed
PAY000258,CUST00027,POL00043,2024-05-11,125.60,Success
PAY000259,CUST00027,POL00043,2024-06-10,125.60,Success
PAY000260,CUST00027,POL00043,2024-07-10,125.60,Pending
PAY000261,CUST00027,POL00044,2020-04-25,167.54,Pending
PAY000262,CUST00027,POL00044,2020-07-25,167.54,Success
PAY000263,CUST00027,POL00044,2020-10-24,167.54,Success
PAY000264,CUST00027,POL00044,2021-01-23,167.54,Failed
PAY000265,CUST00028,POL00045,2022-01-29,837.22,Success
PAY000266,CUST00028,POL00046,2020-10-12,130.15,Success
PAY000267,CUST00028,POL00046,2021-04-12,130.15,Success
PAY000268,CUST00029,POL00047,2019-06-27,472.49,Success
PAY000269,CUST00029,POL00047,2019-12-26,472.49,Success
PAY000270,CUST00030,POL00048,2020-03-19,3932.78,Success
PAY000271,CUST00031,POL00049,2020-10-28,908.75,Success
PAY000272,CUST00031,POL00049,2021-01-27,908.75,Success
PAY000273,CUST00031,POL00049,2021-04-28,908.75,Success
PAY000274,CUST00031,POL00049,2021-07-28,908.75,Success
PAY000275,CUST00031,POL00050,2021-06-18,150.16,Success
PAY000276,CUST00031,POL00050,2021-09-17,150.16,Success
PAY000277,CUST00031,POL00050,2021-12-17,150.16,Failed
PAY000278,CUST00031,POL00050,2022-03-18,150.16,Success
PAY000279,CUST00032,POL00051,2019-03-22,251.01,Success
PAY000280,CUST00032,POL00051,2019-06-21,251.01,Success
PAY000281,CUST00032,POL00051,2019-09-20,251.01,Success
PAY000282,CUST00032,POL00051,2019-12-20,251.01,Success
PAY000283,CUST00032,POL00052,2019-12-05,81.43,Success
PAY000284,CUST00032,POL00052,2020-01-04,81.43,Refunded
PAY000285,CUST00032,POL00052,2020-02-03,81.43,Success
PAY000286,CUST00032,POL00052,2020-03-04,81.43,Success
PAY000287,CUST00032,POL00052,2020-04-03,81.43,Success
PAY000288,CUST00032,POL00052,2020-05-03,81.43,Refunded
PAY000289,CUST00032,POL00052,2020-06-02,81.43,Success
PAY000290,CUST00032,POL00052,2020-07-02,81.43,Success
PAY000291,CUST00032,POL00052,2020-08-01,81.43,Failed
PAY000292,CUST00032,POL00052,2020-08-31,81.43,Success
PAY000293,CUST00032,POL00052,2020-09-30,81.43,Success
PAY000294,CUST00032,POL00052,2020-10-30,81.43,Success
PAY000295,CUST00032,POL00053,2021-05-28,660.98,Success
PAY000296,CUST00033,POL00054,2023-02-15,2290.41,Success
PAY000297,CUST00034,POL00055,2022-12-08,474.57,Success
PAY000298,CUST00035,POL00056,2024-10-21,1707.18,Refunded
PAY000299,CUST00036,POL00057,2019-09-09,270.00,Success
PAY000300,CUST00036,POL00057,2019-12-09,270.00,Success
PAY000301,CUST00036,POL00057,2020-03-09,270.00,Success
PAY000302,CUST00036,POL00057,2020-06-08,270.00,Success
PAY000303,CUST00037,POL00058,2022-01-19,503.39,Success
PAY000304,CUST00037,POL00058,2022-07-20,503.39,Success
PAY000305,CUST00038,POL00059,2023-06-16,249.39,Success
PAY000306,CUST00038,POL00059,2023-07-16,249.39,Success
PAY000307,CUST00038,POL00059,2023-08-15,249.39,Success
PAY000308,CUST00038,POL00059,2023-09-14,249.39,Success
PAY000309,CUST00038,POL00059,2023-10-14,249.39,Failed
PAY000310,CUST00038,POL00059,2023-11-13,249.39,Success
PAY000311,CUST00038,POL00059,2023-12-13,249.39,Success
PAY000312,CUST00038,POL00059,2024-01-12,249.39,Success
PAY000313,CUST00038,POL00059,2024-02-11,249.39,Success
PAY000314,CUST00038,POL00059,2024-03-12,249.39,Success
PAY000315,CUST00038,POL00059,2024-04-11,249.39,Success
PAY000316,CUST00038,POL00059,2024-05-11,249.39,Success
PAY000317,CUST00038,POL00060,2021-09-29,97.32,Success
PAY000318,CUST00038,POL00060,2021-12-29,97.32,Success
PAY000319,CUST00038,POL00060,2022-03-30,97.32,Success
PAY000320,CUST00038,POL00060,2022-06-29,97.32,Refunded
PAY000321,CUST00039,POL00061,2023-03-23,696.51,Success
PAY000322,CUST00039,POL00061,2023-06-22,696.51,Success
PAY000323,CUST00039,POL00061,2023-09-21,696.51,Success
PAY000324,CUST00039,POL00061,2023-12-21,696.51,Success
PAY000325,CUST00039,POL00062,2022-07-03,289.47,Success
PAY000326,CUST00039,POL00062,2022-10-02,289.47,Success
PAY000327,CUST00039,POL00062,2023-01-01,289.47,Success
PAY000328,CUST00039,POL00062,2023-04-02,289.47,Success
PAY000329,CUST00040,POL00063,2021-12-23,40.45,Success
PAY000330,CUST00040,POL00063,2022-03-24,40.45,Success
PAY000331,CUST00040,POL00063,2022-06-23,40.45,Success
PAY000332,CUST00040,POL00063,2022-09-22,40.45,Refunded
PAY000333,CUST00041,POL00064,2025-05-19,991.89,Success
PAY000334,CUST00042,POL00065,2022-04-08,129.84,Success
PAY000335,CUST00042,POL00065,2022-05-08,129.84,Success
PAY000336,CUST00042,POL00065,2022-06-07,129.84,Success
PAY000337,CUST00042,POL00065,2022-07-07,129.84,Success
PAY000338,CUST00042,POL00065,2022-08-06,129.84,Refunded
PAY000339,CUST00042,POL00065,2022-09-05,129.84,Success
PAY000340,CUST00042,POL00065,2022-10-05,129.84,Success
PAY000341,CUST00042,POL00065,2022-11-04,129.84,Success
PAY000342,CUST00042,POL00065,2022-12-04,129.84,Success
PAY000343,CUST00042,POL00065,2023-01-03,129.84,Success
PAY000344,CUST00042,POL00065,2023-02-02,129.84,Success
PAY000345,CUST00042,POL00065,2023-03-04,129.84,Refunded
PAY000346,CUST00043,POL00066,2024-10-13,1482.18,Success
PAY000347,CUST00043,POL00066,2025-01-12,1482.18,Success
PAY000348,CUST00043,POL00066,2025-04-13,1482.18,Success
PAY000349,CUST00043,POL00066,2025-07-13,1482.18,Success
PAY000350,CUST00044,POL00067,2021-12-23,525.58,Refunded
PAY000351,CUST00044,POL00067,2022-03-24,525.58,Pending
PAY000352,CUST00044,POL00067,2022-06-23,525.58,Success
PAY000353,CUST00044,POL00067,2022-09-22,525.58,Success
PAY000354,CUST00045,POL00068,2018-07-05,320.40,Success
PAY000355,CUST00046,POL00069,2019-12-08,243.06,Failed
PAY000356,CUST00046,POL00069,2020-01-07,243.06,Success
PAY000357,CUST00046,POL00069,2020-02-06,243.06,Success
PAY000358,CUST00046,POL00069,2020-03-07,243.06,Success
PAY000359,CUST00046,POL00069,2020-04-06,243.06,Success
PAY000360,CUST00046,POL00069,2020-05-06,243.06,Success
PAY000361,CUST00046,POL00069,2020-06-05,243.06,Success
PAY000362,CUST00046,POL00069,2020-07-05,243.06,Success
PAY000363,CUST00046,POL00069,2020-08-04,243.06,Success
PAY000364,CUST00046,POL00069,2020-09-03,243.06,Success
PAY000365,CUST00046,POL00069,2020-10-03,243.06,Success
PAY000366,CUST00046,POL00069,2020-11-02,243.06,Success
PAY000367,CUST00046,POL00070,2020-12-22,2733.17,Success
PAY000368,CUST00046,POL00070,2021-06-22,2733.17,Success
PAY000369,CUST00047,POL00071,2021-11-29,565.82,Success
PAY000370,CUST00048,POL00072,2019-06-10,412.49,Success
PAY000371,CUST00048,POL00072,2019-09-09,412.49,Success
PAY000372,CUST00048,POL00072,2019-12-09,412.49,Success
PAY000373,CUST00048,POL00072,2020-03-09,412.49,Success
PAY000374,CUST00049,POL00073,2019-01-24,227.03,Success
PAY000375,CUST00049,POL00073,2019-04-25,227.03,Success
PAY000376,CUST00049,POL00073,2019-07-25,227.03,Success
PAY000377,CUST00049,POL00073,2019-10-24,227.03,Success
PAY000378,CUST00050,POL00074,2021-09-05,79.04,Pending
PAY000379,CUST00050,POL00074,2021-10-05,79.04,Success
PAY000380,CUST00050,POL00074,2021-11-04,79.04,Success
PAY000381,CUST00050,POL00074,2021-12-04,79.04,Success
PAY000382,CUST00050,POL00074,2022-01-03,79.04,Success
PAY000383,CUST00050,POL00074,2022-02-02,79.04,Success
PAY000384,CUST00050,POL00074,2022-03-04,79.04,Success
PAY000385,CUST00050,POL00074,2022-04-03,79.04,Success
PAY000386,CUST00050,POL00074,2022-05-03,79.04,Success
PAY000387,CUST00050,POL00074,2022-06-02,79.04,Success
PAY000388,CUST00050,POL00074,2022-07-02,79.04,Success
PAY000389,CUST00050,POL00074,2022-08-01,79.04,Pending
PAY000390,CUST00051,POL00075,2022-06-14,876.93,Success
PAY000391,CUST00051,POL00075,2022-12-13,876.93,Success
PAY000392,CUST00051,POL00076,2021-02-18,256.57,Refunded
PAY000393,CUST00051,POL00076,2021-08-19,256.57,Success
PAY000394,CUST00052,POL00077,2022-10-14,799.68,Success
PAY000395,CUST00053,POL00078,2020-01-18,228.13,Success
PAY000396,CUST00053,POL00078,2020-07-18,228.13,Failed
PAY000397,CUST00054,POL00079,2024-01-19,1648.65,Success
PAY000398,CUST00054,POL00080,2024-11-02,2409.92,Success
PAY000399,CUST00055,POL00081,2024-03-26,803.38,Success
PAY000400,CUST00055,POL00081,2024-09-24,803.38,Success
PAY000401,CUST00056,POL00082,2025-03-31,88.67,Success
PAY000402,CUST00056,POL00082,2025-04-30,88.67,Success
PAY000403,CUST00056,POL00082,2025-05-30,88.67,Pending
PAY000404,CUST00056,POL00082,2025-06-29,88.67,Success
PAY000405,CUST00056,POL00082,2025-07-29,88.67,Success
PAY000406,CUST00056,POL00082,2025-08-28,88.67,Success
PAY000407,CUST00056,POL00082,2025-09-27,88.67,Success
PAY000408,CUST00056,POL00082,2025-10-27,88.67,Success
PAY000409,CUST00056,POL00082,2025-11-26,88.67,Success
PAY000410,CUST00056,POL00082,2025-12-26,88.67,Success
PAY000411,CUST00056,POL00082,2026-01-25,88.67,Success
PAY000412,CUST00056,POL00082,2026-02-24,88.67,Success
PAY000413,CUST00057,POL00083,2021-09-03,726.66,Success
PAY000414,CUST00057,POL00083,2022-03-04,726.66,Success
PAY000415,CUST00058,POL00084,2022-04-12,132.25,Success
PAY000416,CUST00058,POL00084,2022-05-12,132.25,Success
PAY000417,CUST00058,POL00084,2022-06-11,132.25,Success
PAY000418,CUST00058,POL00084,2022-07-11,132.25,Success
PAY000419,CUST00058,POL00084,2022-08-10,132.25,Failed
PAY000420,CUST00058,POL00084,2022-09-09,132.25,Success
PAY000421,CUST00058,POL00084,2022-10-09,132.25,Success
PAY000422,CUST00058,POL00084,2022-11-08,132.25,Success
PAY000423,CUST00058,POL00084,2022-12-08,132.25,Success
PAY000424,CUST00058,POL00084,2023-01-07,132.25,Failed
PAY000425,CUST00058,POL00084,2023-02-06,132.25,Success
PAY000426,CUST00058,POL00084,2023-03-08,132.25,Success
PAY000427,CUST00058,POL00085,2024-09-19,86.15,Success
PAY000428,CUST00058,POL00085,2024-12-19,86.15,Success
PAY000429,CUST00058,POL00085,2025-03-20,86.15,Success
PAY000430,CUST00058,POL00085,2025-06-19,86.15,Success
PAY000431,CUST00058,POL00086,2025-03-07,82.66,Success
PAY000432,CUST00058,POL00086,2025-04-06,82.66,Pending
PAY000433,CUST00058,POL00086,2025-05-06,82.66,Success
PAY000434,CUST00058,POL00086,2025-06-05,82.66,Success
PAY000435,CUST00058,POL00086,2025-07-05,82.66,Success
PAY000436,CUST00058,POL00086,2025-08-04,82.66,Success
PAY000437,CUST00058,POL00086,2025-09-03,82.66,Success
PAY000438,CUST00058,POL00086,2025-10-03,82.66,Success
PAY000439,CUST00058,POL00086,2025-11-02,82.66,Success
PAY000440,CUST00058,POL00086,2025-12-02,82.66,Success
PAY000441,CUST00058,POL00086,2026-01-01,82.66,Success
PAY000442,CUST00058,POL00086,2026-01-31,82.66,Success
PAY000443,CUST00059,POL00087,2023-10-27,4284.85,Success
PAY000444,CUST00059,POL00088,2022-06-01,385.24,Success
PAY000445,CUST00059,POL00089,2024-05-11,258.69,Success
PAY000446,CUST00059,POL00089,2024-11-09,258.69,Success
PAY000447,CUST00060,POL00090,2018-07-15,1252.37,Failed
PAY000448,CUST00060,POL00090,2018-10-14,1252.37,Success
PAY000449,CUST00060,POL00090,2019-01-13,1252.37,Failed
PAY000450,CUST00060,POL00090,2019-04-14,1252.37,Refunded
PAY000451,CUST00061,POL00091,2021-12-11,1368.82,Pending
PAY000452,CUST00061,POL00092,2020-04-08,260.35,Failed
PAY000453,CUST00061,POL00092,2020-07-08,260.35,Success
PAY000454,CUST00061,POL00092,2020-10-07,260.35,Success
PAY000455,CUST00061,POL00092,2021-01-06,260.35,Success
PAY000456,CUST00062,POL00093,2022-06-19,124.80,Success
PAY000457,CUST00062,POL00093,2022-09-18,124.80,Pending
PAY000458,CUST00062,POL00093,2022-12-18,124.80,Success
PAY000459,CUST00062,POL00093,2023-03-19,124.80,Success
PAY000460,CUST00062,POL00094,2019-03-01,1464.89,Success
PAY000461,CUST00062,POL00094,2019-08-30,1464.89,Success
PAY000462,CUST00063,POL00095,2022-12-09,656.15,Success
PAY000463,CUST00063,POL00095,2023-06-09,656.15,Refunded
PAY000464,CUST00064,POL00096,2022-05-05,316.60,Success
PAY000465,CUST00065,POL00097,2023-09-10,70.96,Success
PAY000466,CUST00065,POL00097,2023-10-10,70.96,Success
PAY000467,CUST00065,POL00097,2023-11-09,70.96,Success
PAY000468,CUST00065,POL00097,2023-12-09,70.96,Pending
PAY000469,CUST00065,POL00097,2024-01-08,70.96,Success
PAY000470,CUST00065,POL00097,2024-02-07,70.96,Success
PAY000471,CUST00065,POL00097,2024-03-08,70.96,Success
PAY000472,CUST00065,POL00097,2024-04-07,70.96,Success
PAY000473,CUST00065,POL00097,2024-05-07,70.96,Success
PAY000474,CUST00065,POL00097,2024-06-06,70.96,Success
PAY000475,CUST00065,POL00097,2024-07-06,70.96,Success
PAY000476,CUST00065,POL00097,2024-08-05,70.96,Success
PAY000477,CUST00065,POL00098,2023-03-01,79.97,Success
PAY000478,CUST00065,POL00098,2023-08-30,79.97,Success
PAY000479,CUST00065,POL00099,2021-12-22,529.63,Success
PAY000480,CUST00065,POL00099,2022-03-23,529.63,Success
PAY000481,CUST00065,POL00099,2022-06-22,529.63,Success
PAY000482,CUST00065,POL00099,2022-09-21,529.63,Success
PAY000483,CUST00066,POL00100,2021-09-15,198.48,Success
PAY000484,CUST00066,POL00100,2021-10-15,198.48,Refunded
PAY000485,CUST00066,POL00100,2021-11-14,198.48,Success
PAY000486,CUST00066,POL00100,2021-12-14,198.48,Success
PAY000487,CUST00066,POL00100,2022-01-13,198.48,Success
PAY000488,CUST00066,POL00100,2022-02-12,198.48,Success
PAY000489,CUST00066,POL00100,2022-03-14,198.48,Success
PAY000490,CUST00066,POL00100,2022-04-13,198.48,Success
PAY000491,CUST00066,POL00100,2022-05-13,198.48,Success
PAY000492,CUST00066,POL00100,2022-06-12,198.48,Success
PAY000493,CUST00066,POL00100,2022-07-12,198.48,Success
PAY000494,CUST00066,POL00100,2022-08-11,198.48,Success
PAY000495,CUST00067,POL00101,2024-11-19,1353.59,Success
PAY000496,CUST00068,POL00102,2024-06-09,1316.72,Success
PAY000497,CUST00068,POL00102,2024-09-08,1316.72,Success
PAY000498,CUST00068,POL00102,2024-12-08,1316.72,Success
PAY000499,CUST00068,POL00102,2025-03-09,1316.72,Success
PAY000500,CUST00069,POL00103,2025-04-05,363.13,Success
PAY000501,CUST00069,POL00103,2025-07-05,363.13,Success
PAY000502,CUST00069,POL00103,2025-10-04,363.13,Success
PAY000503,CUST00069,POL00103,2026-01-03,363.13,Success
PAY000504,CUST00070,POL00104,2021-06-08,127.76,Success
PAY000505,CUST00070,POL00104,2021-07-08,127.76,Success
PAY000506,CUST00070,POL00104,2021-08-07,127.76,Success
PAY000507,CUST00070,POL00104,2021-09-06,127.76,Failed
PAY000508,CUST00070,POL00104,2021-10-06,127.76,Success
PAY000509,CUST00070,POL00104,2021-11-05,127.76,Success
PAY000510,CUST00070,POL00104,2021-12-05,127.76,Success
PAY000511,CUST00070,POL00104,2022-01-04,127.76,Success
PAY000512,CUST00070,POL00104,2022-02-03,127.76,Success
PAY000513,CUST00070,POL00104,2022-03-05,127.76,Pending
PAY000514,CUST00070,POL00104,2022-04-04,127.76,Success
PAY000515,CUST00070,POL00104,2022-05-04,127.76,Success
PAY000516,CUST00071,POL00105,2024-06-09,186.27,Success
PAY000517,CUST00071,POL00105,2024-07-09,186.27,Success
PAY000518,CUST00071,POL00105,2024-08-08,186.27,Success
PAY000519,CUST00071,POL00105,2024-09-07,186.27,Success
PAY000520,CUST00071,POL00105,2024-10-07,186.27,Success
PAY000521,CUST00071,POL00105,2024-11-06,186.27,Refunded
PAY000522,CUST00071,POL00105,2024-12-06,186.27,Success
PAY000523,CUST00071,POL00105,2025-01-05,186.27,Success
PAY000524,CUST00071,POL00105,2025-02-04,186.27,Success
PAY000525,CUST00071,POL00105,2025-03-06,186.27,Success
PAY000526,CUST00071,POL00105,2025-04-05,186.27,Success
PAY000527,CUST00071,POL00105,2025-05-05,186.27,Success
PAY000528,CUST00072,POL00106,2019-03-18,334.12,Success
PAY000529,CUST00072,POL00106,2019-09-16,334.12,Success
PAY000530,CUST00072,POL00107,2023-01-09,145.54,Success
PAY000531,CUST00072,POL00107,2023-04-10,145.54,Success
PAY000532,CUST00072,POL00107,2023-07-10,145.54,Success
PAY000533,CUST00072,POL00107,2023-10-09,145.54,Success
PAY000534,CUST00073,POL00108,2023-10-31,194.69,Success
PAY000535,CUST00073,POL00108,2024-04-30,194.69,Success
PAY000536,CUST00073,POL00109,2025-01-09,1127.63,Refunded
PAY000537,CUST00074,POL00110,2020-02-10,476.41,Success
PAY000538,CUST00074,POL00110,2020-08-10,476.41,Success
PAY000539,CUST00075,POL00111,2023-09-14,117.89,Success
PAY000540,CUST00075,POL00111,2023-10-14,117.89,Success
PAY000541,CUST00075,POL00111,2023-11-13,117.89,Success
PAY000542,CUST00075,POL00111,2023-12-13,117.89,Success
PAY000543,CUST00075,POL00111,2024-01-12,117.89,Refunded
PAY000544,CUST00075,POL00111,2024-02-11,117.89,Success
PAY000545,CUST00075,POL00111,2024-03-12,117.89,Success
PAY000546,CUST00075,POL00111,2024-04-11,117.89,Success
PAY000547,CUST00075,POL00111,2024-05-11,117.89,Success
PAY000548,CUST00075,POL00111,2024-06-10,117.89,Pending
PAY000549,CUST00075,POL00111,2024-07-10,117.89,Success
PAY000550,CUST00075,POL00111,2024-08-09,117.89,Success
PAY000551,CUST00076,POL00112,2018-07-05,129.09,Refunded
PAY000552,CUST00076,POL00112,2019-01-03,129.09,Success
PAY000553,CUST00076,POL00113,2022-07-05,340.33,Success
PAY000554,CUST00076,POL00113,2023-01-03,340.33,Success
PAY000555,CUST00077,POL00114,2022-08-22,295.29,Success
PAY000556,CUST00077,POL00114,2022-09-21,295.29,Success
PAY000557,CUST00077,POL00114,2022-10-21,295.29,Failed
PAY000558,CUST00077,POL00114,2022-11-20,295.29,Success
PAY000559,CUST00077,POL00114,2022-12-20,295.29,Success
PAY000560,CUST00077,POL00114,2023-01-19,295.29,Success
PAY000561,CUST00077,POL00114,2023-02-18,295.29,Success
PAY000562,CUST00077,POL00114,2023-03-20,295.29,Failed
PAY000563,CUST00077,POL00114,2023-04-19,295.29,Refunded
PAY000564,CUST00077,POL00114,2023-05-19,295.29,Success
PAY000565,CUST00077,POL00114,2023-06-18,295.29,Success
PAY000566,CUST00077,POL00114,2023-07-18,295.29,Success
PAY000567,CUST00077,POL00115,2025-02-24,151.88,Success
PAY000568,CUST00077,POL00115,2025-05-26,151.88,Success
PAY000569,CUST00077,POL00115,2025-08-25,151.88,Pending
PAY000570,CUST00077,POL00115,2025-11-24,151.88,Success
PAY000571,CUST00077,POL00116,2021-03-12,2426.37,Success
PAY000572,CUST00078,POL00117,2022-05-09,275.25,Success
PAY000573,CUST00078,POL00117,2022-11-07,275.25,Success
PAY000574,CUST00079,POL00118,2024-05-18,597.73,Success
PAY000575,CUST00079,POL00118,2024-08-17,597.73,Success
PAY000576,CUST00079,POL00118,2024-11-16,597.73,Success
PAY000577,CUST00079,POL00118,2025-02-15,597.73,Success
PAY000578,CUST00079,POL00119,2020-01-24,83.72,Success
PAY000579,CUST00079,POL00119,2020-02-23,83.72,Success
PAY000580,CUST00079,POL00119,2020-03-24,83.72,Success
PAY000581,CUST00079,POL00119,2020-04-23,83.72,Success
PAY000582,CUST00079,POL00119,2020-05-23,83.72,Success
PAY000583,CUST00079,POL00119,2020-06-22,83.72,Success
PAY000584,CUST00079,POL00119,2020-07-22,83.72,Success
PAY000585,CUST00079,POL00119,2020-08-21,83.72,Success
PAY000586,CUST00079,POL00119,2020-09-20,83.72,Success
PAY000587,CUST00079,POL00119,2020-10-20,83.72,Failed
PAY000588,CUST00079,POL00119,2020-11-19,83.72,Success
PAY000589,CUST00079,POL00119,2020-12-19,83.72,Success
PAY000590,CUST00080,POL00120,2023-12-29,17.88,Success
PAY000591,CUST00080,POL00120,2024-01-28,17.88,Success
PAY000592,CUST00080,POL00120,2024-02-27,17.88,Success
PAY000593,CUST00080,POL00120,2024-03-28,17.88,Success
PAY000594,CUST00080,POL00120,2024-04-27,17.88,Success
PAY000595,CUST00080,POL00120,2024-05-27,17.88,Success
PAY000596,CUST00080,POL00120,2024-06-26,17.88,Success
PAY000597,CUST00080,POL00120,2024-07-26,17.88,Success
PAY000598,CUST00080,POL00120,2024-08-25,17.88,Success
PAY000599,CUST00080,POL00120,2024-09-24,17.88,Failed
PAY000600,CUST00080,POL00120,2024-10-24,17.88,Failed
PAY000601,CUST00080,POL00120,2024-11-23,17.88,Failed
PAY000602,CUST00081,POL00121,2025-01-17,388.71,Success
PAY000603,CUST00081,POL00121,2025-07-18,388.71,Failed
PAY000604,CUST00082,POL00122,2023-05-17,198.11,Failed
PAY000605,CUST00082,POL00122,2023-08-16,198.11,Success
PAY000606,CUST00082,POL00122,2023-11-15,198.11,Success
PAY000607,CUST00082,POL00122,2024-02-14,198.11,Success
PAY000608,CUST00082,POL00123,2021-05-13,1322.02,Success
PAY000609,CUST00082,POL00123,2021-08-12,1322.02,Success
PAY000610,CUST00082,POL00123,2021-11-11,1322.02,Success
PAY000611,CUST00082,POL00123,2022-02-10,1322.02,Success
PAY000612,CUST00083,POL00124,2023-03-14,311.97,Success
PAY000613,CUST00083,POL00124,2023-04-13,311.97,Success
PAY000614,CUST00083,POL00124,2023-05-13,311.97,Success
PAY000615,CUST00083,POL00124,2023-06-12,311.97,Success
PAY000616,CUST00083,POL00124,2023-07-12,311.97,Success
PAY000617,CUST00083,POL00124,2023-08-11,311.97,Success
PAY000618,CUST00083,POL00124,2023-09-10,311.97,Refunded
PAY000619,CUST00083,POL00124,2023-10-10,311.97,Success
PAY000620,CUST00083,POL00124,2023-11-09,311.97,Success
PAY000621,CUST00083,POL00124,2023-12-09,311.97,Success
PAY000622,CUST00083,POL00124,2024-01-08,311.97,Failed
PAY000623,CUST00083,POL00124,2024-02-07,311.97,Success
PAY000624,CUST00084,POL00125,2022-03-16,360.89,Success
PAY000625,CUST00084,POL00125,2022-04-15,360.89,Success
PAY000626,CUST00084,POL00125,2022-05-15,360.89,Success
PAY000627,CUST00084,POL00125,2022-06-14,360.89,Success
PAY000628,CUST00084,POL00125,2022-07-14,360.89,Success
PAY000629,CUST00084,POL00125,2022-08-13,360.89,Success
PAY000630,CUST00084,POL00125,2022-09-12,360.89,Success
PAY000631,CUST00084,POL00125,2022-10-12,360.89,Success
PAY000632,CUST00084,POL00125,2022-11-11,360.89,Pending
PAY000633,CUST00084,POL00125,2022-12-11,360.89,Success
PAY000634,CUST00084,POL00125,2023-01-10,360.89,Success
PAY000635,CUST00084,POL00125,2023-02-09,360.89,Success
PAY000636,CUST00085,POL00126,2023-10-21,3052.66,Success
PAY000637,CUST00086,POL00127,2021-07-20,1768.05,Success
PAY000638,CUST00086,POL00127,2022-01-18,1768.05,Success
PAY000639,CUST00087,POL00128,2021-09-19,80.33,Failed
PAY000640,CUST00087,POL00128,2021-10-19,80.33,Success
PAY000641,CUST00087,POL00128,2021-11-18,80.33,Success
PAY000642,CUST00087,POL00128,2021-12-18,80.33,Success
PAY000643,CUST00087,POL00128,2022-01-17,80.33,Success
PAY000644,CUST00087,POL00128,2022-02-16,80.33,Success
PAY000645,CUST00087,POL00128,2022-03-18,80.33,Success
PAY000646,CUST00087,POL00128,2022-04-17,80.33,Pending
PAY000647,CUST00087,POL00128,2022-05-17,80.33,Success
PAY000648,CUST00087,POL00128,2022-06-16,80.33,Pending
PAY000649,CUST00087,POL00128,2022-07-16,80.33,Success
PAY000650,CUST00087,POL00128,2022-08-15,80.33,Success
PAY000651,CUST00088,POL00129,2019-02-20,329.58,Success
PAY000652,CUST00088,POL00129,2019-08-21,329.58,Failed
PAY000653,CUST00088,POL00130,2020-10-18,52.76,Success
PAY000654,CUST00088,POL00130,2021-01-17,52.76,Refunded
PAY000655,CUST00088,POL00130,2021-04-18,52.76,Success
PAY000656,CUST00088,POL00130,2021-07-18,52.76,Success
PAY000657,CUST00089,POL00131,2018-03-23,137.23,Success
PAY000658,CUST00089,POL00131,2018-06-22,137.23,Success
PAY000659,CUST00089,POL00131,2018-09-21,137.23,Failed
PAY000660,CUST00089,POL00131,2018-12-21,137.23,Success
PAY000661,CUST00089,POL00132,2025-07-02,114.14,Success
PAY000662,CUST00089,POL00132,2025-08-01,114.14,Success
PAY000663,CUST00089,POL00132,2025-08-31,114.14,Failed
PAY000664,CUST00089,POL00132,2025-09-30,114.14,Success
PAY000665,CUST00089,POL00132,2025-10-30,114.14,Success
PAY000666,CUST00089,POL00132,2025-11-29,114.14,Pending
PAY000667,CUST00089,POL00132,2025-12-29,114.14,Success
PAY000668,CUST00089,POL00132,2026-01-28,114.14,Success
PAY000669,CUST00089,POL00132,2026-02-27,114.14,Success
PAY000670,CUST00089,POL00132,2026-03-29,114.14,Success
PAY000671,CUST00089,POL00132,2026-04-28,114.14,Success
PAY000672,CUST00089,POL00132,2026-05-28,114.14,Refunded
PAY000673,CUST00089,POL00133,2020-11-01,656.26,Success
PAY000674,CUST00089,POL00133,2021-05-02,656.26,Success
PAY000675,CUST00090,POL00134,2025-05-24,5647.42,Success
PAY000676,CUST00091,POL00135,2021-10-06,788.63,Success
PAY000677,CUST00091,POL00135,2022-01-05,788.63,Success
PAY000678,CUST00091,POL00135,2022-04-06,788.63,Success
PAY000679,CUST00091,POL00135,2022-07-06,788.63,Success
PAY000680,CUST00092,POL00136,2019-04-10,929.68,Success
PAY000681,CUST00092,POL00136,2019-10-09,929.68,Success
PAY000682,CUST00092,POL00137,2021-10-29,606.11,Success
PAY000683,CUST00092,POL00137,2022-01-28,606.11,Success
PAY000684,CUST00092,POL00137,2022-04-29,606.11,Success
PAY000685,CUST00092,POL00137,2022-07-29,606.11,Success
PAY000686,CUST00092,POL00138,2018-11-29,2499.82,Success
PAY000687,CUST00092,POL00138,2019-05-30,2499.82,Success
PAY000688,CUST00093,POL00139,2021-03-25,19.09,Success
PAY000689,CUST00093,POL00139,2021-04-24,19.09,Pending
PAY000690,CUST00093,POL00139,2021-05-24,19.09,Pending
PAY000691,CUST00093,POL00139,2021-06-23,19.09,Success
PAY000692,CUST00093,POL00139,2021-07-23,19.09,Success
PAY000693,CUST00093,POL00139,2021-08-22,19.09,Failed
PAY000694,CUST00093,POL00139,2021-09-21,19.09,Success
PAY000695,CUST00093,POL00139,2021-10-21,19.09,Refunded
PAY000696,CUST00093,POL00139,2021-11-20,19.09,Failed
PAY000697,CUST00093,POL00139,2021-12-20,19.09,Pending
PAY000698,CUST00093,POL00139,2022-01-19,19.09,Success
PAY000699,CUST00093,POL00139,2022-02-18,19.09,Success
PAY000700,CUST00093,POL00140,2018-11-07,114.28,Success
PAY000701,CUST00093,POL00140,2018-12-07,114.28,Pending
PAY000702,CUST00093,POL00140,2019-01-06,114.28,Success
PAY000703,CUST00093,POL00140,2019-02-05,114.28,Success
PAY000704,CUST00093,POL00140,2019-03-07,114.28,Success
PAY000705,CUST00093,POL00140,2019-04-06,114.28,Success
PAY000706,CUST00093,POL00140,2019-05-06,114.28,Success
PAY000707,CUST00093,POL00140,2019-06-05,114.28,Success
PAY000708,CUST00093,POL00140,2019-07-05,114.28,Success
PAY000709,CUST00093,POL00140,2019-08-04,114.28,Success
PAY000710,CUST00093,POL00140,2019-09-03,114.28,Success
PAY000711,CUST00093,POL00140,2019-10-03,114.28,Success
PAY000712,CUST00093,POL00141,2020-09-13,2550.96,Success
PAY000713,CUST00094,POL00142,2025-07-25,379.23,Success
PAY000714,CUST00094,POL00142,2025-08-24,379.23,Success
PAY000715,CUST00094,POL00142,2025-09-23,379.23,Success
PAY000716,CUST00094,POL00142,2025-10-23,379.23,Success
PAY000717,CUST00094,POL00142,2025-11-22,379.23,Success
PAY000718,CUST00094,POL00142,2025-12-22,379.23,Success
PAY000719,CUST00094,POL00142,2026-01-21,379.23,Success
PAY000720,CUST00094,POL00142,2026-02-20,379.23,Success
PAY000721,CUST00094,POL00142,2026-03-22,379.23,Success
PAY000722,CUST00094,POL00142,2026-04-21,379.23,Success
PAY000723,CUST00094,POL00142,2026-05-21,379.23,Success
PAY000724,CUST00094,POL00142,2026-06-20,379.23,Success
PAY000725,CUST00094,POL00143,2022-02-26,78.37,Refunded
PAY000726,CUST00094,POL00143,2022-03-28,78.37,Success
PAY000727,CUST00094,POL00143,2022-04-27,78.37,Pending
PAY000728,CUST00094,POL00143,2022-05-27,78.37,Success
PAY000729,CUST00094,POL00143,2022-06-26,78.37,Success
PAY000730,CUST00094,POL00143,2022-07-26,78.37,Success
PAY000731,CUST00094,POL00143,2022-08-25,78.37,Success
PAY000732,CUST00094,POL00143,2022-09-24,78.37,Success
PAY000733,CUST00094,POL00143,2022-10-24,78.37,Success
PAY000734,CUST00094,POL00143,2022-11-23,78.37,Success
PAY000735,CUST00094,POL00143,2022-12-23,78.37,Success
PAY000736,CUST00094,POL00143,2023-01-22,78.37,Success
PAY000737,CUST00095,POL00144,2023-01-27,329.38,Success
PAY000738,CUST00095,POL00144,2023-04-28,329.38,Success
PAY000739,CUST00095,POL00144,2023-07-28,329.38,Success
PAY000740,CUST00095,POL00144,2023-10-27,329.38,Success
PAY000741,CUST00095,POL00145,2025-06-03,362.53,Success
PAY000742,CUST00095,POL00146,2021-02-11,1028.19,Success
PAY000743,CUST00095,POL00146,2021-08-12,1028.19,Pending
PAY000744,CUST00096,POL00147,2023-10-26,399.81,Success
PAY000745,CUST00096,POL00147,2024-01-25,399.81,Failed
PAY000746,CUST00096,POL00147,2024-04-25,399.81,Success
PAY000747,CUST00096,POL00147,2024-07-25,399.81,Success
PAY000748,CUST00096,POL00148,2022-03-10,337.65,Success
PAY000749,CUST00097,POL00149,2021-09-18,1009.75,Success
PAY000750,CUST00097,POL00149,2022-03-19,1009.75,Success
PAY000751,CUST00097,POL00150,2021-07-07,97.04,Success
PAY000752,CUST00097,POL00150,2021-10-06,97.04,Success
PAY000753,CUST00097,POL00150,2022-01-05,97.04,Success
PAY000754,CUST00097,POL00150,2022-04-06,97.04,Success
PAY000755,CUST00097,POL00151,2020-03-02,868.50,Failed
PAY000756,CUST00097,POL00151,2020-06-01,868.50,Success
PAY000757,CUST00097,POL00151,2020-08-31,868.50,Success
PAY000758,CUST00097,POL00151,2020-11-30,868.50,Success
PAY000759,CUST00098,POL00152,2024-10-13,714.03,Success
PAY000760,CUST00099,POL00153,2021-05-06,383.81,Success
PAY000761,CUST00099,POL00153,2021-11-04,383.81,Success
PAY000762,CUST00100,POL00154,2019-03-18,1634.39,Success
PAY000763,CUST00101,POL00155,2025-01-19,1303.29,Success
PAY000764,CUST00101,POL00155,2025-04-20,1303.29,Success
PAY000765,CUST00101,POL00155,2025-07-20,1303.29,Success
PAY000766,CUST00101,POL00155,2025-10-19,1303.29,Success
PAY000767,CUST00101,POL00156,2019-06-25,128.75,Success
PAY000768,CUST00101,POL00156,2019-09-24,128.75,Success
PAY000769,CUST00101,POL00156,2019-12-24,128.75,Success
PAY000770,CUST00101,POL00156,2020-03-24,128.75,Success
PAY000771,CUST00102,POL00157,2018-09-12,15.85,Success
PAY000772,CUST00102,POL00157,2018-10-12,15.85,Success
PAY000773,CUST00102,POL00157,2018-11-11,15.85,Success
PAY000774,CUST00102,POL00157,2018-12-11,15.85,Success
PAY000775,CUST00102,POL00157,2019-01-10,15.85,Success
PAY000776,CUST00102,POL00157,2019-02-09,15.85,Success
PAY000777,CUST00102,POL00157,2019-03-11,15.85,Success
PAY000778,CUST00102,POL00157,2019-04-10,15.85,Success
PAY000779,CUST00102,POL00157,2019-05-10,15.85,Success
PAY000780,CUST00102,POL00157,2019-06-09,15.85,Success
PAY000781,CUST00102,POL00157,2019-07-09,15.85,Success
PAY000782,CUST00102,POL00157,2019-08-08,15.85,Success
PAY000783,CUST00103,POL00158,2025-03-18,630.83,Success
PAY000784,CUST00103,POL00158,2025-09-16,630.83,Success
PAY000785,CUST00103,POL00159,2021-04-01,60.02,Success
PAY000786,CUST00103,POL00159,2021-07-01,60.02,Failed
PAY000787,CUST00103,POL00159,2021-09-30,60.02,Failed
PAY000788,CUST00103,POL00159,2021-12-30,60.02,Success
PAY000789,CUST00104,POL00160,2020-05-21,233.04,Success
PAY000790,CUST00104,POL00160,2020-06-20,233.04,Success
PAY000791,CUST00104,POL00160,2020-07-20,233.04,Pending
PAY000792,CUST00104,POL00160,2020-08-19,233.04,Success
PAY000793,CUST00104,POL00160,2020-09-18,233.04,Success
PAY000794,CUST00104,POL00160,2020-10-18,233.04,Success
PAY000795,CUST00104,POL00160,2020-11-17,233.04,Success
PAY000796,CUST00104,POL00160,2020-12-17,233.04,Success
PAY000797,CUST00104,POL00160,2021-01-16,233.04,Success
PAY000798,CUST00104,POL00160,2021-02-15,233.04,Success
PAY000799,CUST00104,POL00160,2021-03-17,233.04,Success
PAY000800,CUST00104,POL00160,2021-04-16,233.04,Success
PAY000801,CUST00104,POL00161,2020-12-02,341.35,Success
PAY000802,CUST00104,POL00161,2021-01-01,341.35,Success
PAY000803,CUST00104,POL00161,2021-01-31,341.35,Success
PAY000804,CUST00104,POL00161,2021-03-02,341.35,Success
PAY000805,CUST00104,POL00161,2021-04-01,341.35,Success
PAY000806,CUST00104,POL00161,2021-05-01,341.35,Success
PAY000807,CUST00104,POL00161,2021-05-31,341.35,Success
PAY000808,CUST00104,POL00161,2021-06-30,341.35,Success
PAY000809,CUST00104,POL00161,2021-07-30,341.35,Success
PAY000810,CUST00104,POL00161,2021-08-29,341.35,Success
PAY000811,CUST00104,POL00161,2021-09-28,341.35,Success
PAY000812,CUST00104,POL00161,2021-10-28,341.35,Success
PAY000813,CUST00105,POL00162,2025-07-24,640.72,Success
PAY000814,CUST00105,POL00162,2025-10-23,640.72,Success
PAY000815,CUST00105,POL00162,2026-01-22,640.72,Success
PAY000816,CUST00105,POL00162,2026-04-23,640.72,Success
PAY000817,CUST00105,POL00163,2020-01-12,288.71,Success
PAY000818,CUST00105,POL00163,2020-04-12,288.71,Success
PAY000819,CUST00105,POL00163,2020-07-12,288.71,Success
PAY000820,CUST00105,POL00163,2020-10-11,288.71,Success
PAY000821,CUST00105,POL00164,2020-10-14,347.71,Success
PAY000822,CUST00105,POL00164,2020-11-13,347.71,Success
PAY000823,CUST00105,POL00164,2020-12-13,347.71,Success
PAY000824,CUST00105,POL00164,2021-01-12,347.71,Success
PAY000825,CUST00105,POL00164,2021-02-11,347.71,Pending
PAY000826,CUST00105,POL00164,2021-03-13,347.71,Success
PAY000827,CUST00105,POL00164,2021-04-12,347.71,Success
PAY000828,CUST00105,POL00164,2021-05-12,347.71,Success
PAY000829,CUST00105,POL00164,2021-06-11,347.71,Success
PAY000830,CUST00105,POL00164,2021-07-11,347.71,Pending
PAY000831,CUST00105,POL00164,2021-08-10,347.71,Success
PAY000832,CUST00105,POL00164,2021-09-09,347.71,Success
PAY000833,CUST00106,POL00165,2025-03-30,198.37,Pending
PAY000834,CUST00106,POL00165,2025-04-29,198.37,Success
PAY000835,CUST00106,POL00165,2025-05-29,198.37,Success
PAY000836,CUST00106,POL00165,2025-06-28,198.37,Success
PAY000837,CUST00106,POL00165,2025-07-28,198.37,Refunded
PAY000838,CUST00106,POL00165,2025-08-27,198.37,Success
PAY000839,CUST00106,POL00165,2025-09-26,198.37,Success
PAY000840,CUST00106,POL00165,2025-10-26,198.37,Success
PAY000841,CUST00106,POL00165,2025-11-25,198.37,Success
PAY000842,CUST00106,POL00165,2025-12-25,198.37,Success
PAY000843,CUST00106,POL00165,2026-01-24,198.37,Success
PAY000844,CUST00106,POL00165,2026-02-23,198.37,Success
PAY000845,CUST00107,POL00166,2018-05-05,72.52,Success
PAY000846,CUST00107,POL00166,2018-06-04,72.52,Success
PAY000847,CUST00107,POL00166,2018-07-04,72.52,Success
PAY000848,CUST00107,POL00166,2018-08-03,72.52,Success
PAY000849,CUST00107,POL00166,2018-09-02,72.52,Success
PAY000850,CUST00107,POL00166,2018-10-02,72.52,Failed
PAY000851,CUST00107,POL00166,2018-11-01,72.52,Success
PAY000852,CUST00107,POL00166,2018-12-01,72.52,Success
PAY000853,CUST00107,POL00166,2018-12-31,72.52,Success
PAY000854,CUST00107,POL00166,2019-01-30,72.52,Success
PAY000855,CUST00107,POL00166,2019-03-01,72.52,Success
PAY000856,CUST00107,POL00166,2019-03-31,72.52,Success
PAY000857,CUST00107,POL00167,2020-06-01,557.78,Success
PAY000858,CUST00107,POL00167,2020-11-30,557.78,Success
PAY000859,CUST00107,POL00168,2021-02-27,444.18,Failed
PAY000860,CUST00107,POL00168,2021-05-29,444.18,Success
PAY000861,CUST00107,POL00168,2021-08-28,444.18,Success
PAY000862,CUST00107,POL00168,2021-11-27,444.18,Success
PAY000863,CUST00108,POL00169,2018-07-13,288.99,Success
PAY000864,CUST00108,POL00169,2018-08-12,288.99,Success
PAY000865,CUST00108,POL00169,2018-09-11,288.99,Success
PAY000866,CUST00108,POL00169,2018-10-11,288.99,Success
PAY000867,CUST00108,POL00169,2018-11-10,288.99,Success
PAY000868,CUST00108,POL00169,2018-12-10,288.99,Success
PAY000869,CUST00108,POL00169,2019-01-09,288.99,Success
PAY000870,CUST00108,POL00169,2019-02-08,288.99,Failed
PAY000871,CUST00108,POL00169,2019-03-10,288.99,Success
PAY000872,CUST00108,POL00169,2019-04-09,288.99,Success
PAY000873,CUST00108,POL00169,2019-05-09,288.99,Success
PAY000874,CUST00108,POL00169,2019-06-08,288.99,Success
PAY000875,CUST00108,POL00170,2019-12-14,860.98,Failed
PAY000876,CUST00108,POL00170,2020-06-13,860.98,Success
PAY000877,CUST00109,POL00171,2023-03-27,55.12,Refunded
PAY000878,CUST00109,POL00171,2023-04-26,55.12,Success
PAY000879,CUST00109,POL00171,2023-05-26,55.12,Success
PAY000880,CUST00109,POL00171,2023-06-25,55.12,Success
PAY000881,CUST00109,POL00171,2023-07-25,55.12,Success
PAY000882,CUST00109,POL00171,2023-08-24,55.12,Success
PAY000883,CUST00109,POL00171,2023-09-23,55.12,Success
PAY000884,CUST00109,POL00171,2023-10-23,55.12,Failed
PAY000885,CUST00109,POL00171,2023-11-22,55.12,Pending
PAY000886,CUST00109,POL00171,2023-12-22,55.12,Success
PAY000887,CUST00109,POL00171,2024-01-21,55.12,Success
PAY000888,CUST00109,POL00171,2024-02-20,55.12,Success
PAY000889,CUST00109,POL00172,2024-06-07,260.27,Success
PAY000890,CUST00109,POL00172,2024-12-06,260.27,Pending
PAY000891,CUST00109,POL00173,2024-03-04,295.67,Success
PAY000892,CUST00109,POL00173,2024-04-03,295.67,Success
PAY000893,CUST00109,POL00173,2024-05-03,295.67,Success
PAY000894,CUST00109,POL00173,2024-06-02,295.67,Success
PAY000895,CUST00109,POL00173,2024-07-02,295.67,Success
PAY000896,CUST00109,POL00173,2024-08-01,295.67,Success
PAY000897,CUST00109,POL00173,2024-08-31,295.67,Success
PAY000898,CUST00109,POL00173,2024-09-30,295.67,Success
PAY000899,CUST00109,POL00173,2024-10-30,295.67,Failed
PAY000900,CUST00109,POL00173,2024-11-29,295.67,Success
PAY000901,CUST00109,POL00173,2024-12-29,295.67,Success
PAY000902,CUST00109,POL00173,2025-01-28,295.67,Success
PAY000903,CUST00110,POL00174,2019-03-12,5497.12,Success
PAY000904,CUST00111,POL00175,2020-05-07,720.93,Success
PAY000905,CUST00111,POL00175,2020-08-06,720.93,Success
PAY000906,CUST00111,POL00175,2020-11-05,720.93,Success
PAY000907,CUST00111,POL00175,2021-02-04,720.93,Success
PAY000908,CUST00111,POL00176,2022-01-04,249.97,Success
PAY000909,CUST00111,POL00176,2022-02-03,249.97,Success
PAY000910,CUST00111,POL00176,2022-03-05,249.97,Success
PAY000911,CUST00111,POL00176,2022-04-04,249.97,Refunded
PAY000912,CUST00111,POL00176,2022-05-04,249.97,Success
PAY000913,CUST00111,POL00176,2022-06-03,249.97,Success
PAY000914,CUST00111,POL00176,2022-07-03,249.97,Success
PAY000915,CUST00111,POL00176,2022-08-02,249.97,Success
PAY000916,CUST00111,POL00176,2022-09-01,249.97,Success
PAY000917,CUST00111,POL00176,2022-10-01,249.97,Success
PAY000918,CUST00111,POL00176,2022-10-31,249.97,Refunded
PAY000919,CUST00111,POL00176,2022-11-30,249.97,Pending
PAY000920,CUST00111,POL00177,2023-08-10,244.41,Success
PAY000921,CUST00111,POL00177,2024-02-08,244.41,Success
PAY000922,CUST00112,POL00178,2018-12-22,5187.02,Success
PAY000923,CUST00112,POL00179,2024-03-13,65.82,Failed
PAY000924,CUST00112,POL00179,2024-04-12,65.82,Success
PAY000925,CUST00112,POL00179,2024-05-12,65.82,Success
PAY000926,CUST00112,POL00179,2024-06-11,65.82,Success
PAY000927,CUST00112,POL00179,2024-07-11,65.82,Success
PAY000928,CUST00112,POL00179,2024-08-10,65.82,Success
PAY000929,CUST00112,POL00179,2024-09-09,65.82,Success
PAY000930,CUST00112,POL00179,2024-10-09,65.82,Success
PAY000931,CUST00112,POL00179,2024-11-08,65.82,Success
PAY000932,CUST00112,POL00179,2024-12-08,65.82,Success
PAY000933,CUST00112,POL00179,2025-01-07,65.82,Success
PAY000934,CUST00112,POL00179,2025-02-06,65.82,Success
PAY000935,CUST00112,POL00180,2022-05-09,716.92,Pending
PAY000936,CUST00113,POL00181,2020-03-26,1275.25,Success
PAY000937,CUST00114,POL00182,2019-04-21,342.08,Success
PAY000938,CUST00114,POL00182,2019-05-21,342.08,Refunded
PAY000939,CUST00114,POL00182,2019-06-20,342.08,Success
PAY000940,CUST00114,POL00182,2019-07-20,342.08,Success
PAY000941,CUST00114,POL00182,2019-08-19,342.08,Success
PAY000942,CUST00114,POL00182,2019-09-18,342.08,Success
PAY000943,CUST00114,POL00182,2019-10-18,342.08,Success
PAY000944,CUST00114,POL00182,2019-11-17,342.08,Success
PAY000945,CUST00114,POL00182,2019-12-17,342.08,Pending
PAY000946,CUST00114,POL00182,2020-01-16,342.08,Success
PAY000947,CUST00114,POL00182,2020-02-15,342.08,Success
PAY000948,CUST00114,POL00182,2020-03-16,342.08,Success
PAY000949,CUST00115,POL00183,2018-05-18,134.90,Success
PAY000950,CUST00115,POL00183,2018-06-17,134.90,Refunded
PAY000951,CUST00115,POL00183,2018-07-17,134.90,Success
PAY000952,CUST00115,POL00183,2018-08-16,134.90,Success
PAY000953,CUST00115,POL00183,2018-09-15,134.90,Success
PAY000954,CUST00115,POL00183,2018-10-15,134.90,Success
PAY000955,CUST00115,POL00183,2018-11-14,134.90,Success
PAY000956,CUST00115,POL00183,2018-12-14,134.90,Success
PAY000957,CUST00115,POL00183,2019-01-13,134.90,Refunded
PAY000958,CUST00115,POL00183,2019-02-12,134.90,Success
PAY000959,CUST00115,POL00183,2019-03-14,134.90,Success
PAY000960,CUST00115,POL00183,2019-04-13,134.90,Success
PAY000961,CUST00115,POL00184,2018-04-09,98.92,Success
PAY000962,CUST00115,POL00184,2018-07-09,98.92,Success
PAY000963,CUST00115,POL00184,2018-10-08,98.92,Success
PAY000964,CUST00115,POL00184,2019-01-07,98.92,Success
PAY000965,CUST00116,POL00185,2019-08-27,190.29,Success
PAY000966,CUST00116,POL00185,2019-09-26,190.29,Success
PAY000967,CUST00116,POL00185,2019-10-26,190.29,Success
PAY000968,CUST00116,POL00185,2019-11-25,190.29,Success
PAY000969,CUST00116,POL00185,2019-12-25,190.29,Success
PAY000970,CUST00116,POL00185,2020-01-24,190.29,Success
PAY000971,CUST00116,POL00185,2020-02-23,190.29,Success
PAY000972,CUST00116,POL00185,2020-03-24,190.29,Success
PAY000973,CUST00116,POL00185,2020-04-23,190.29,Success
PAY000974,CUST00116,POL00185,2020-05-23,190.29,Success
PAY000975,CUST00116,POL00185,2020-06-22,190.29,Success
PAY000976,CUST00116,POL00185,2020-07-22,190.29,Success
PAY000977,CUST00117,POL00186,2025-06-12,1927.28,Success
PAY000978,CUST00117,POL00186,2025-12-11,1927.28,Success
PAY000979,CUST00117,POL00187,2023-05-11,193.56,Failed
PAY000980,CUST00117,POL00187,2023-08-10,193.56,Success
PAY000981,CUST00117,POL00187,2023-11-09,193.56,Success
PAY000982,CUST00117,POL00187,2024-02-08,193.56,Success
PAY000983,CUST00117,POL00188,2021-08-05,37.48,Success
PAY000984,CUST00117,POL00188,2021-09-04,37.48,Failed
PAY000985,CUST00117,POL00188,2021-10-04,37.48,Success
PAY000986,CUST00117,POL00188,2021-11-03,37.48,Success
PAY000987,CUST00117,POL00188,2021-12-03,37.48,Pending
PAY000988,CUST00117,POL00188,2022-01-02,37.48,Success
PAY000989,CUST00117,POL00188,2022-02-01,37.48,Success
PAY000990,CUST00117,POL00188,2022-03-03,37.48,Failed
PAY000991,CUST00117,POL00188,2022-04-02,37.48,Success
PAY000992,CUST00117,POL00188,2022-05-02,37.48,Success
PAY000993,CUST00117,POL00188,2022-06-01,37.48,Success
PAY000994,CUST00117,POL00188,2022-07-01,37.48,Success
PAY000995,CUST00118,POL00189,2024-09-19,613.86,Success
PAY000996,CUST00118,POL00189,2024-12-19,613.86,Success
PAY000997,CUST00118,POL00189,2025-03-20,613.86,Pending
PAY000998,CUST00118,POL00189,2025-06-19,613.86,Success
PAY000999,CUST00118,POL00190,2023-03-18,576.82,Success
PAY001000,CUST00119,POL00191,2023-04-07,36.18,Success
PAY001001,CUST00119,POL00191,2023-05-07,36.18,Success
PAY001002,CUST00119,POL00191,2023-06-06,36.18,Pending
PAY001003,CUST00119,POL00191,2023-07-06,36.18,Success
PAY001004,CUST00119,POL00191,2023-08-05,36.18,Success
PAY001005,CUST00119,POL00191,2023-09-04,36.18,Success
PAY001006,CUST00119,POL00191,2023-10-04,36.18,Success
PAY001007,CUST00119,POL00191,2023-11-03,36.18,Success
PAY001008,CUST00119,POL00191,2023-12-03,36.18,Success
PAY001009,CUST00119,POL00191,2024-01-02,36.18,Success
PAY001010,CUST00119,POL00191,2024-02-01,36.18,Success
PAY001011,CUST00119,POL00191,2024-03-02,36.18,Success
PAY001012,CUST00119,POL00192,2021-08-20,718.22,Success
PAY001013,CUST00119,POL00192,2022-02-18,718.22,Failed
PAY001014,CUST00120,POL00193,2020-02-18,749.82,Success
PAY001015,CUST00121,POL00194,2022-03-16,3403.58,Success
PAY001016,CUST00122,POL00195,2023-07-21,2106.55,Success
PAY001017,CUST00123,POL00196,2020-01-12,210.26,Success
PAY001018,CUST00123,POL00196,2020-02-11,210.26,Success
PAY001019,CUST00123,POL00196,2020-03-12,210.26,Success
PAY001020,CUST00123,POL00196,2020-04-11,210.26,Success
PAY001021,CUST00123,POL00196,2020-05-11,210.26,Refunded
PAY001022,CUST00123,POL00196,2020-06-10,210.26,Success
PAY001023,CUST00123,POL00196,2020-07-10,210.26,Success
PAY001024,CUST00123,POL00196,2020-08-09,210.26,Pending
PAY001025,CUST00123,POL00196,2020-09-08,210.26,Success
PAY001026,CUST00123,POL00196,2020-10-08,210.26,Success
PAY001027,CUST00123,POL00196,2020-11-07,210.26,Success
PAY001028,CUST00123,POL00196,2020-12-07,210.26,Success
PAY001029,CUST00124,POL00197,2019-04-02,249.20,Failed
PAY001030,CUST00124,POL00198,2024-07-20,886.12,Success
PAY001031,CUST00124,POL00198,2025-01-18,886.12,Pending
PAY001032,CUST00124,POL00199,2019-05-26,2063.05,Success
PAY001033,CUST00124,POL00199,2019-11-24,2063.05,Success
PAY001034,CUST00125,POL00200,2020-08-09,160.15,Success
PAY001035,CUST00125,POL00200,2020-09-08,160.15,Success
PAY001036,CUST00125,POL00200,2020-10-08,160.15,Success
PAY001037,CUST00125,POL00200,2020-11-07,160.15,Success
PAY001038,CUST00125,POL00200,2020-12-07,160.15,Success
PAY001039,CUST00125,POL00200,2021-01-06,160.15,Failed
PAY001040,CUST00125,POL00200,2021-02-05,160.15,Success
PAY001041,CUST00125,POL00200,2021-03-07,160.15,Success
PAY001042,CUST00125,POL00200,2021-04-06,160.15,Success
PAY001043,CUST00125,POL00200,2021-05-06,160.15,Success
PAY001044,CUST00125,POL00200,2021-06-05,160.15,Refunded
PAY001045,CUST00125,POL00200,2021-07-05,160.15,Success
PAY001046,CUST00125,POL00201,2022-11-24,54.14,Refunded
PAY001047,CUST00125,POL00201,2022-12-24,54.14,Success
PAY001048,CUST00125,POL00201,2023-01-23,54.14,Success
PAY001049,CUST00125,POL00201,2023-02-22,54.14,Success
PAY001050,CUST00125,POL00201,2023-03-24,54.14,Pending
PAY001051,CUST00125,POL00201,2023-04-23,54.14,Success
PAY001052,CUST00125,POL00201,2023-05-23,54.14,Failed
PAY001053,CUST00125,POL00201,2023-06-22,54.14,Pending
PAY001054,CUST00125,POL00201,2023-07-22,54.14,Success
PAY001055,CUST00125,POL00201,2023-08-21,54.14,Success
PAY001056,CUST00125,POL00201,2023-09-20,54.14,Failed
PAY001057,CUST00125,POL00201,2023-10-20,54.14,Success
PAY001058,CUST00126,POL00202,2021-07-11,299.26,Success
PAY001059,CUST00126,POL00202,2021-10-10,299.26,Success
PAY001060,CUST00126,POL00202,2022-01-09,299.26,Success
PAY001061,CUST00126,POL00202,2022-04-10,299.26,Refunded
PAY001062,CUST00127,POL00203,2022-01-12,1617.93,Success
PAY001063,CUST00127,POL00203,2022-07-13,1617.93,Failed
PAY001064,CUST00127,POL00204,2024-07-26,2160.99,Success
PAY001065,CUST00128,POL00205,2023-01-30,228.18,Success
PAY001066,CUST00128,POL00205,2023-05-01,228.18,Success
PAY001067,CUST00128,POL00205,2023-07-31,228.18,Success
PAY001068,CUST00128,POL00205,2023-10-30,228.18,Success
PAY001069,CUST00129,POL00206,2024-02-23,2747.81,Success
PAY001070,CUST00129,POL00207,2023-03-10,317.99,Pending
PAY001071,CUST00129,POL00207,2023-09-08,317.99,Success
PAY001072,CUST00130,POL00208,2019-11-16,219.31,Success
PAY001073,CUST00130,POL00208,2019-12-16,219.31,Success
PAY001074,CUST00130,POL00208,2020-01-15,219.31,Success
PAY001075,CUST00130,POL00208,2020-02-14,219.31,Success
PAY001076,CUST00130,POL00208,2020-03-15,219.31,Success
PAY001077,CUST00130,POL00208,2020-04-14,219.31,Success
PAY001078,CUST00130,POL00208,2020-05-14,219.31,Success
PAY001079,CUST00130,POL00208,2020-06-13,219.31,Success
PAY001080,CUST00130,POL00208,2020-07-13,219.31,Success
PAY001081,CUST00130,POL00208,2020-08-12,219.31,Success
PAY001082,CUST00130,POL00208,2020-09-11,219.31,Success
PAY001083,CUST00130,POL00208,2020-10-11,219.31,Success
PAY001084,CUST00131,POL00209,2022-03-26,200.51,Success
PAY001085,CUST00131,POL00209,2022-09-24,200.51,Success
PAY001086,CUST00131,POL00210,2024-10-16,27.79,Success
PAY001087,CUST00131,POL00210,2024-11-15,27.79,Success
PAY001088,CUST00131,POL00210,2024-12-15,27.79,Success
PAY001089,CUST00131,POL00210,2025-01-14,27.79,Success
PAY001090,CUST00131,POL00210,2025-02-13,27.79,Success
PAY001091,CUST00131,POL00210,2025-03-15,27.79,Success
PAY001092,CUST00131,POL00210,2025-04-14,27.79,Success
PAY001093,CUST00131,POL00210,2025-05-14,27.79,Success
PAY001094,CUST00131,POL00210,2025-06-13,27.79,Success
PAY001095,CUST00131,POL00210,2025-07-13,27.79,Success
PAY001096,CUST00131,POL00210,2025-08-12,27.79,Success
PAY001097,CUST00131,POL00210,2025-09-11,27.79,Success
PAY001098,CUST00132,POL00211,2022-08-17,157.22,Success
PAY001099,CUST00133,POL00212,2020-09-28,105.49,Success
PAY001100,CUST00133,POL00212,2020-10-28,105.49,Success
PAY001101,CUST00133,POL00212,2020-11-27,105.49,Success
PAY001102,CUST00133,POL00212,2020-12-27,105.49,Success
PAY001103,CUST00133,POL00212,2021-01-26,105.49,Success
PAY001104,CUST00133,POL00212,2021-02-25,105.49,Success
PAY001105,CUST00133,POL00212,2021-03-27,105.49,Success
PAY001106,CUST00133,POL00212,2021-04-26,105.49,Success
PAY001107,CUST00133,POL00212,2021-05-26,105.49,Success
PAY001108,CUST00133,POL00212,2021-06-25,105.49,Success
PAY001109,CUST00133,POL00212,2021-07-25,105.49,Success
PAY001110,CUST00133,POL00212,2021-08-24,105.49,Success
PAY001111,CUST00133,POL00213,2025-03-06,1527.73,Success
PAY001112,CUST00133,POL00213,2025-09-04,1527.73,Success
PAY001113,CUST00134,POL00214,2021-09-19,1686.25,Refunded
PAY001114,CUST00134,POL00215,2021-09-30,1228.52,Success
PAY001115,CUST00134,POL00216,2024-05-08,1461.76,Success
PAY001116,CUST00134,POL00216,2024-11-06,1461.76,Success
PAY001117,CUST00135,POL00217,2020-06-21,3208.20,Success
PAY001118,CUST00136,POL00218,2023-05-31,233.03,Pending
PAY001119,CUST00136,POL00218,2023-06-30,233.03,Success
PAY001120,CUST00136,POL00218,2023-07-30,233.03,Success
PAY001121,CUST00136,POL00218,2023-08-29,233.03,Pending
PAY001122,CUST00136,POL00218,2023-09-28,233.03,Success
PAY001123,CUST00136,POL00218,2023-10-28,233.03,Refunded
PAY001124,CUST00136,POL00218,2023-11-27,233.03,Success
PAY001125,CUST00136,POL00218,2023-12-27,233.03,Failed
PAY001126,CUST00136,POL00218,2024-01-26,233.03,Success
PAY001127,CUST00136,POL00218,2024-02-25,233.03,Success
PAY001128,CUST00136,POL00218,2024-03-26,233.03,Failed
PAY001129,CUST00136,POL00218,2024-04-25,233.03,Success
PAY001130,CUST00136,POL00219,2020-11-23,1405.42,Success
PAY001131,CUST00136,POL00220,2020-10-01,23.77,Success
PAY001132,CUST00136,POL00220,2020-10-31,23.77,Success
PAY001133,CUST00136,POL00220,2020-11-30,23.77,Success
PAY001134,CUST00136,POL00220,2020-12-30,23.77,Refunded
PAY001135,CUST00136,POL00220,2021-01-29,23.77,Success
PAY001136,CUST00136,POL00220,2021-02-28,23.77,Failed
PAY001137,CUST00136,POL00220,2021-03-30,23.77,Success
PAY001138,CUST00136,POL00220,2021-04-29,23.77,Refunded
PAY001139,CUST00136,POL00220,2021-05-29,23.77,Success
PAY001140,CUST00136,POL00220,2021-06-28,23.77,Success
PAY001141,CUST00136,POL00220,2021-07-28,23.77,Refunded
PAY001142,CUST00136,POL00220,2021-08-27,23.77,Success
PAY001143,CUST00137,POL00221,2020-06-15,78.34,Refunded
PAY001144,CUST00137,POL00221,2020-09-14,78.34,Success
PAY001145,CUST00137,POL00221,2020-12-14,78.34,Success
PAY001146,CUST00137,POL00221,2021-03-15,78.34,Success
PAY001147,CUST00137,POL00222,2025-06-08,705.67,Success
PAY001148,CUST00137,POL00222,2025-09-07,705.67,Success
PAY001149,CUST00137,POL00222,2025-12-07,705.67,Refunded
PAY001150,CUST00137,POL00222,2026-03-08,705.67,Success
PAY001151,CUST00138,POL00223,2022-10-28,1964.12,Success
PAY001152,CUST00138,POL00224,2023-07-11,626.15,Success
PAY001153,CUST00138,POL00224,2023-10-10,626.15,Success
PAY001154,CUST00138,POL00224,2024-01-09,626.15,Failed
PAY001155,CUST00138,POL00224,2024-04-09,626.15,Success
PAY001156,CUST00138,POL00225,2022-01-03,149.59,Success
PAY001157,CUST00138,POL00225,2022-04-04,149.59,Success
PAY001158,CUST00138,POL00225,2022-07-04,149.59,Success
PAY001159,CUST00138,POL00225,2022-10-03,149.59,Success
PAY001160,CUST00139,POL00226,2020-12-30,1035.29,Success
PAY001161,CUST00139,POL00226,2021-03-31,1035.29,Success
PAY001162,CUST00139,POL00226,2021-06-30,1035.29,Success
PAY001163,CUST00139,POL00226,2021-09-29,1035.29,Success
PAY001164,CUST00139,POL00227,2020-07-05,457.66,Success
PAY001165,CUST00140,POL00228,2025-06-21,461.78,Failed
PAY001166,CUST00140,POL00228,2025-09-20,461.78,Pending
PAY001167,CUST00140,POL00228,2025-12-20,461.78,Success
PAY001168,CUST00140,POL00228,2026-03-21,461.78,Success
PAY001169,CUST00141,POL00229,2024-06-30,569.76,Success
PAY001170,CUST00142,POL00230,2021-11-14,1309.35,Failed
PAY001171,CUST00142,POL00230,2022-05-15,1309.35,Success
PAY001172,CUST00143,POL00231,2024-05-09,1597.92,Success
PAY001173,CUST00143,POL00231,2024-11-07,1597.92,Pending
PAY001174,CUST00143,POL00232,2020-04-08,844.69,Refunded
PAY001175,CUST00143,POL00232,2020-10-07,844.69,Success
PAY001176,CUST00144,POL00233,2021-01-25,19.88,Success
PAY001177,CUST00144,POL00233,2021-02-24,19.88,Success
PAY001178,CUST00144,POL00233,2021-03-26,19.88,Success
PAY001179,CUST00144,POL00233,2021-04-25,19.88,Success
PAY001180,CUST00144,POL00233,2021-05-25,19.88,Failed
PAY001181,CUST00144,POL00233,2021-06-24,19.88,Success
PAY001182,CUST00144,POL00233,2021-07-24,19.88,Success
PAY001183,CUST00144,POL00233,2021-08-23,19.88,Success
PAY001184,CUST00144,POL00233,2021-09-22,19.88,Success
PAY001185,CUST00144,POL00233,2021-10-22,19.88,Success
PAY001186,CUST00144,POL00233,2021-11-21,19.88,Success
PAY001187,CUST00144,POL00233,2021-12-21,19.88,Success
PAY001188,CUST00145,POL00234,2021-09-24,869.42,Success
PAY001189,CUST00145,POL00234,2021-12-24,869.42,Success
PAY001190,CUST00145,POL00234,2022-03-25,869.42,Success
PAY001191,CUST00145,POL00234,2022-06-24,869.42,Success
PAY001192,CUST00145,POL00235,2023-01-15,940.51,Success
PAY001193,CUST00145,POL00236,2022-06-15,725.18,Success
PAY001194,CUST00145,POL00236,2022-09-14,725.18,Success
PAY001195,CUST00145,POL00236,2022-12-14,725.18,Success
PAY001196,CUST00145,POL00236,2023-03-15,725.18,Success
PAY001197,CUST00146,POL00237,2025-06-09,500.85,Success
PAY001198,CUST00147,POL00238,2018-11-23,455.85,Failed
PAY001199,CUST00147,POL00238,2019-02-22,455.85,Success
PAY001200,CUST00147,POL00238,2019-05-24,455.85,Success
PAY001201,CUST00147,POL00238,2019-08-23,455.85,Success
PAY001202,CUST00148,POL00239,2021-03-28,549.05,Refunded
PAY001203,CUST00148,POL00239,2021-06-27,549.05,Success
PAY001204,CUST00148,POL00239,2021-09-26,549.05,Success
PAY001205,CUST00148,POL00239,2021-12-26,549.05,Failed
PAY001206,CUST00149,POL00240,2019-04-10,900.55,Success
PAY001207,CUST00149,POL00240,2019-10-09,900.55,Success
PAY001208,CUST00150,POL00241,2018-03-16,107.81,Success
PAY001209,CUST00150,POL00241,2018-09-14,107.81,Success
PAY001210,CUST00150,POL00242,2018-05-03,104.27,Success
PAY001211,CUST00150,POL00242,2018-06-02,104.27,Success
PAY001212,CUST00150,POL00242,2018-07-02,104.27,Success
PAY001213,CUST00150,POL00242,2018-08-01,104.27,Success
PAY001214,CUST00150,POL00242,2018-08-31,104.27,Success
PAY001215,CUST00150,POL00242,2018-09-30,104.27,Success
PAY001216,CUST00150,POL00242,2018-10-30,104.27,Success
PAY001217,CUST00150,POL00242,2018-11-29,104.27,Success
PAY001218,CUST00150,POL00242,2018-12-29,104.27,Success
PAY001219,CUST00150,POL00242,2019-01-28,104.27,Success
PAY001220,CUST00150,POL00242,2019-02-27,104.27,Success
PAY001221,CUST00150,POL00242,2019-03-29,104.27,Success
PAY001222,CUST00151,POL00243,2023-02-19,123.77,Success
PAY001223,CUST00151,POL00243,2023-03-21,123.77,Success
PAY001224,CUST00151,POL00243,2023-04-20,123.77,Success
PAY001225,CUST00151,POL00243,2023-05-20,123.77,Success
PAY001226,CUST00151,POL00243,2023-06-19,123.77,Failed
PAY001227,CUST00151,POL00243,2023-07-19,123.77,Success
PAY001228,CUST00151,POL00243,2023-08-18,123.77,Success
PAY001229,CUST00151,POL00243,2023-09-17,123.77,Success
PAY001230,CUST00151,POL00243,2023-10-17,123.77,Failed
PAY001231,CUST00151,POL00243,2023-11-16,123.77,Success
PAY001232,CUST00151,POL00243,2023-12-16,123.77,Success
PAY001233,CUST00151,POL00243,2024-01-15,123.77,Success
PAY001234,CUST00151,POL00244,2018-01-31,1013.58,Success
PAY001235,CUST00151,POL00244,2018-05-02,1013.58,Success
PAY001236,CUST00151,POL00244,2018-08-01,1013.58,Failed
PAY001237,CUST00151,POL00244,2018-10-31,1013.58,Success
PAY001238,CUST00151,POL00245,2025-01-03,420.64,Success
PAY001239,CUST00151,POL00245,2025-07-04,420.64,Success
PAY001240,CUST00152,POL00246,2021-10-24,735.08,Success
PAY001241,CUST00152,POL00246,2022-01-23,735.08,Success
PAY001242,CUST00152,POL00246,2022-04-24,735.08,Success
PAY001243,CUST00152,POL00246,2022-07-24,735.08,Failed
PAY001244,CUST00152,POL00247,2023-11-21,45.78,Success
PAY001245,CUST00152,POL00247,2023-12-21,45.78,Success
PAY001246,CUST00152,POL00247,2024-01-20,45.78,Success
PAY001247,CUST00152,POL00247,2024-02-19,45.78,Success
PAY001248,CUST00152,POL00247,2024-03-20,45.78,Success
PAY001249,CUST00152,POL00247,2024-04-19,45.78,Success
PAY001250,CUST00152,POL00247,2024-05-19,45.78,Success
PAY001251,CUST00152,POL00247,2024-06-18,45.78,Success
PAY001252,CUST00152,POL00247,2024-07-18,45.78,Success
PAY001253,CUST00152,POL00247,2024-08-17,45.78,Success
PAY001254,CUST00152,POL00247,2024-09-16,45.78,Success
PAY001255,CUST00152,POL00247,2024-10-16,45.78,Success
PAY001256,CUST00153,POL00248,2024-01-27,141.87,Success
PAY001257,CUST00153,POL00248,2024-07-27,141.87,Success
PAY001258,CUST00154,POL00249,2021-01-07,2378.33,Refunded
PAY001259,CUST00155,POL00250,2019-11-21,163.80,Success
PAY001260,CUST00155,POL00250,2019-12-21,163.80,Success
PAY001261,CUST00155,POL00250,2020-01-20,163.80,Success
PAY001262,CUST00155,POL00250,2020-02-19,163.80,Success
PAY001263,CUST00155,POL00250,2020-03-20,163.80,Success
PAY001264,CUST00155,POL00250,2020-04-19,163.80,Pending
PAY001265,CUST00155,POL00250,2020-05-19,163.80,Success
PAY001266,CUST00155,POL00250,2020-06-18,163.80,Refunded
PAY001267,CUST00155,POL00250,2020-07-18,163.80,Success
PAY001268,CUST00155,POL00250,2020-08-17,163.80,Success
PAY001269,CUST00155,POL00250,2020-09-16,163.80,Success
PAY001270,CUST00155,POL00250,2020-10-16,163.80,Failed
PAY001271,CUST00155,POL00251,2022-07-29,406.63,Pending
PAY001272,CUST00155,POL00251,2022-10-28,406.63,Success
PAY001273,CUST00155,POL00251,2023-01-27,406.63,Pending
PAY001274,CUST00155,POL00251,2023-04-28,406.63,Success
PAY001275,CUST00155,POL00252,2021-04-13,22.60,Success
PAY001276,CUST00155,POL00252,2021-05-13,22.60,Success
PAY001277,CUST00155,POL00252,2021-06-12,22.60,Success
PAY001278,CUST00155,POL00252,2021-07-12,22.60,Success
PAY001279,CUST00155,POL00252,2021-08-11,22.60,Success
PAY001280,CUST00155,POL00252,2021-09-10,22.60,Success
PAY001281,CUST00155,POL00252,2021-10-10,22.60,Success
PAY001282,CUST00155,POL00252,2021-11-09,22.60,Success
PAY001283,CUST00155,POL00252,2021-12-09,22.60,Success
PAY001284,CUST00155,POL00252,2022-01-08,22.60,Refunded
PAY001285,CUST00155,POL00252,2022-02-07,22.60,Success
PAY001286,CUST00155,POL00252,2022-03-09,22.60,Success
PAY001287,CUST00156,POL00253,2020-02-23,585.23,Success
PAY001288,CUST00157,POL00254,2021-02-06,1082.22,Success
PAY001289,CUST00157,POL00254,2021-08-07,1082.22,Success
PAY001290,CUST00158,POL00255,2022-04-01,354.02,Success
PAY001291,CUST00158,POL00255,2022-05-01,354.02,Success
PAY001292,CUST00158,POL00255,2022-05-31,354.02,Success
PAY001293,CUST00158,POL00255,2022-06-30,354.02,Success
PAY001294,CUST00158,POL00255,2022-07-30,354.02,Success
PAY001295,CUST00158,POL00255,2022-08-29,354.02,Success
PAY001296,CUST00158,POL00255,2022-09-28,354.02,Success
PAY001297,CUST00158,POL00255,2022-10-28,354.02,Success
PAY001298,CUST00158,POL00255,2022-11-27,354.02,Success
PAY001299,CUST00158,POL00255,2022-12-27,354.02,Success
PAY001300,CUST00158,POL00255,2023-01-26,354.02,Success
PAY001301,CUST00158,POL00255,2023-02-25,354.02,Success
PAY001302,CUST00159,POL00256,2018-01-13,187.97,Success
PAY001303,CUST00159,POL00256,2018-02-12,187.97,Success
PAY001304,CUST00159,POL00256,2018-03-14,187.97,Success
PAY001305,CUST00159,POL00256,2018-04-13,187.97,Refunded
PAY001306,CUST00159,POL00256,2018-05-13,187.97,Success
PAY001307,CUST00159,POL00256,2018-06-12,187.97,Success
PAY001308,CUST00159,POL00256,2018-07-12,187.97,Success
PAY001309,CUST00159,POL00256,2018-08-11,187.97,Success
PAY001310,CUST00159,POL00256,2018-09-10,187.97,Success
PAY001311,CUST00159,POL00256,2018-10-10,187.97,Success
PAY001312,CUST00159,POL00256,2018-11-09,187.97,Success
PAY001313,CUST00159,POL00256,2018-12-09,187.97,Success
PAY001314,CUST00160,POL00257,2018-09-25,44.89,Success
PAY001315,CUST00160,POL00257,2018-10-25,44.89,Success
PAY001316,CUST00160,POL00257,2018-11-24,44.89,Success
PAY001317,CUST00160,POL00257,2018-12-24,44.89,Success
PAY001318,CUST00160,POL00257,2019-01-23,44.89,Failed
PAY001319,CUST00160,POL00257,2019-02-22,44.89,Success
PAY001320,CUST00160,POL00257,2019-03-24,44.89,Pending
PAY001321,CUST00160,POL00257,2019-04-23,44.89,Success
PAY001322,CUST00160,POL00257,2019-05-23,44.89,Success
PAY001323,CUST00160,POL00257,2019-06-22,44.89,Success
PAY001324,CUST00160,POL00257,2019-07-22,44.89,Success
PAY001325,CUST00160,POL00257,2019-08-21,44.89,Success
PAY001326,CUST00161,POL00258,2020-06-15,4661.96,Success
PAY001327,CUST00161,POL00259,2024-05-12,37.57,Success
PAY001328,CUST00161,POL00259,2024-06-11,37.57,Success
PAY001329,CUST00161,POL00259,2024-07-11,37.57,Success
PAY001330,CUST00161,POL00259,2024-08-10,37.57,Success
PAY001331,CUST00161,POL00259,2024-09-09,37.57,Success
PAY001332,CUST00161,POL00259,2024-10-09,37.57,Success
PAY001333,CUST00161,POL00259,2024-11-08,37.57,Refunded
PAY001334,CUST00161,POL00259,2024-12-08,37.57,Success
PAY001335,CUST00161,POL00259,2025-01-07,37.57,Success
PAY001336,CUST00161,POL00259,2025-02-06,37.57,Success
PAY001337,CUST00161,POL00259,2025-03-08,37.57,Success
PAY001338,CUST00161,POL00259,2025-04-07,37.57,Success
PAY001339,CUST00162,POL00260,2021-09-02,354.78,Success
PAY001340,CUST00162,POL00260,2021-12-02,354.78,Success
PAY001341,CUST00162,POL00260,2022-03-03,354.78,Success
PAY001342,CUST00162,POL00260,2022-06-02,354.78,Success
PAY001343,CUST00162,POL00261,2024-09-30,117.94,Success
PAY001344,CUST00162,POL00261,2024-10-30,117.94,Success
PAY001345,CUST00162,POL00261,2024-11-29,117.94,Success
PAY001346,CUST00162,POL00261,2024-12-29,117.94,Success
PAY001347,CUST00162,POL00261,2025-01-28,117.94,Success
PAY001348,CUST00162,POL00261,2025-02-27,117.94,Success
PAY001349,CUST00162,POL00261,2025-03-29,117.94,Success
PAY001350,CUST00162,POL00261,2025-04-28,117.94,Success
PAY001351,CUST00162,POL00261,2025-05-28,117.94,Success
PAY001352,CUST00162,POL00261,2025-06-27,117.94,Success
PAY001353,CUST00162,POL00261,2025-07-27,117.94,Success
PAY001354,CUST00162,POL00261,2025-08-26,117.94,Success
PAY001355,CUST00163,POL00262,2024-05-03,408.18,Success
PAY001356,CUST00163,POL00262,2024-11-01,408.18,Success
PAY001357,CUST00163,POL00263,2020-06-13,596.09,Success
PAY001358,CUST00163,POL00264,2019-01-19,404.36,Success
PAY001359,CUST00163,POL00264,2019-02-18,404.36,Success
PAY001360,CUST00163,POL00264,2019-03-20,404.36,Success
PAY001361,CUST00163,POL00264,2019-04-19,404.36,Failed
PAY001362,CUST00163,POL00264,2019-05-19,404.36,Success
PAY001363,CUST00163,POL00264,2019-06-18,404.36,Success
PAY001364,CUST00163,POL00264,2019-07-18,404.36,Success
PAY001365,CUST00163,POL00264,2019-08-17,404.36,Pending
PAY001366,CUST00163,POL00264,2019-09-16,404.36,Success
PAY001367,CUST00163,POL00264,2019-10-16,404.36,Success
PAY001368,CUST00163,POL00264,2019-11-15,404.36,Success
PAY001369,CUST00163,POL00264,2019-12-15,404.36,Refunded
PAY001370,CUST00164,POL00265,2021-09-16,1998.91,Success
PAY001371,CUST00164,POL00266,2025-01-13,488.35,Refunded
PAY001372,CUST00164,POL00266,2025-04-14,488.35,Success
PAY001373,CUST00164,POL00266,2025-07-14,488.35,Success
PAY001374,CUST00164,POL00266,2025-10-13,488.35,Success
PAY001375,CUST00165,POL00267,2018-05-09,584.44,Success
PAY001376,CUST00165,POL00267,2018-08-08,584.44,Success
PAY001377,CUST00165,POL00267,2018-11-07,584.44,Success
PAY001378,CUST00165,POL00267,2019-02-06,584.44,Success
PAY001379,CUST00166,POL00268,2023-12-24,816.00,Success
PAY001380,CUST00166,POL00268,2024-06-23,816.00,Failed
PAY001381,CUST00167,POL00269,2023-01-30,29.34,Refunded
PAY001382,CUST00167,POL00269,2023-03-01,29.34,Failed
PAY001383,CUST00167,POL00269,2023-03-31,29.34,Success
PAY001384,CUST00167,POL00269,2023-04-30,29.34,Success
PAY001385,CUST00167,POL00269,2023-05-30,29.34,Pending
PAY001386,CUST00167,POL00269,2023-06-29,29.34,Success
PAY001387,CUST00167,POL00269,2023-07-29,29.34,Success
PAY001388,CUST00167,POL00269,2023-08-28,29.34,Success
PAY001389,CUST00167,POL00269,2023-09-27,29.34,Success
PAY001390,CUST00167,POL00269,2023-10-27,29.34,Success
PAY001391,CUST00167,POL00269,2023-11-26,29.34,Success
PAY001392,CUST00167,POL00269,2023-12-26,29.34,Success
PAY001393,CUST00167,POL00270,2018-03-24,369.50,Success
PAY001394,CUST00167,POL00270,2018-06-23,369.50,Success
PAY001395,CUST00167,POL00270,2018-09-22,369.50,Success
PAY001396,CUST00167,POL00270,2018-12-22,369.50,Success
PAY001397,CUST00168,POL00271,2022-06-05,171.92,Success
PAY001398,CUST00168,POL00271,2022-07-05,171.92,Success
PAY001399,CUST00168,POL00271,2022-08-04,171.92,Success
PAY001400,CUST00168,POL00271,2022-09-03,171.92,Success
PAY001401,CUST00168,POL00271,2022-10-03,171.92,Success
PAY001402,CUST00168,POL00271,2022-11-02,171.92,Success
PAY001403,CUST00168,POL00271,2022-12-02,171.92,Success
PAY001404,CUST00168,POL00271,2023-01-01,171.92,Refunded
PAY001405,CUST00168,POL00271,2023-01-31,171.92,Success
PAY001406,CUST00168,POL00271,2023-03-02,171.92,Success
PAY001407,CUST00168,POL00271,2023-04-01,171.92,Success
PAY001408,CUST00168,POL00271,2023-05-01,171.92,Success
PAY001409,CUST00169,POL00272,2023-11-21,284.19,Success
PAY001410,CUST00169,POL00272,2024-05-21,284.19,Success
PAY001411,CUST00169,POL00273,2019-08-29,847.24,Success
PAY001412,CUST00169,POL00273,2020-02-27,847.24,Success
PAY001413,CUST00170,POL00274,2018-05-05,81.71,Success
PAY001414,CUST00170,POL00274,2018-06-04,81.71,Success
PAY001415,CUST00170,POL00274,2018-07-04,81.71,Success
PAY001416,CUST00170,POL00274,2018-08-03,81.71,Success
PAY001417,CUST00170,POL00274,2018-09-02,81.71,Success
PAY001418,CUST00170,POL00274,2018-10-02,81.71,Success
PAY001419,CUST00170,POL00274,2018-11-01,81.71,Success
PAY001420,CUST00170,POL00274,2018-12-01,81.71,Success
PAY001421,CUST00170,POL00274,2018-12-31,81.71,Success
PAY001422,CUST00170,POL00274,2019-01-30,81.71,Success
PAY001423,CUST00170,POL00274,2019-03-01,81.71,Success
PAY001424,CUST00170,POL00274,2019-03-31,81.71,Success
PAY001425,CUST00171,POL00275,2019-09-06,140.22,Failed
PAY001426,CUST00171,POL00275,2020-03-06,140.22,Success
PAY001427,CUST00171,POL00276,2021-03-22,335.00,Success
PAY001428,CUST00171,POL00276,2021-06-21,335.00,Success
PAY001429,CUST00171,POL00276,2021-09-20,335.00,Failed
PAY001430,CUST00171,POL00276,2021-12-20,335.00,Success
PAY001431,CUST00172,POL00277,2020-10-03,510.81,Success
PAY001432,CUST00172,POL00277,2021-04-03,510.81,Success
PAY001433,CUST00172,POL00278,2021-08-10,526.87,Success
PAY001434,CUST00172,POL00278,2021-11-09,526.87,Success
PAY001435,CUST00172,POL00278,2022-02-08,526.87,Failed
PAY001436,CUST00172,POL00278,2022-05-10,526.87,Success
PAY001437,CUST00173,POL00279,2021-12-25,32.22,Success
PAY001438,CUST00173,POL00279,2022-01-24,32.22,Failed
PAY001439,CUST00173,POL00279,2022-02-23,32.22,Success
PAY001440,CUST00173,POL00279,2022-03-25,32.22,Success
PAY001441,CUST00173,POL00279,2022-04-24,32.22,Success
PAY001442,CUST00173,POL00279,2022-05-24,32.22,Pending
PAY001443,CUST00173,POL00279,2022-06-23,32.22,Success
PAY001444,CUST00173,POL00279,2022-07-23,32.22,Failed
PAY001445,CUST00173,POL00279,2022-08-22,32.22,Success
PAY001446,CUST00173,POL00279,2022-09-21,32.22,Success
PAY001447,CUST00173,POL00279,2022-10-21,32.22,Success
PAY001448,CUST00173,POL00279,2022-11-20,32.22,Success
PAY001449,CUST00173,POL00280,2023-12-06,2455.72,Success
PAY001450,CUST00173,POL00281,2020-03-05,862.51,Success
PAY001451,CUST00173,POL00281,2020-09-03,862.51,Success
PAY001452,CUST00174,POL00282,2021-05-03,1964.25,Success
PAY001453,CUST00174,POL00283,2018-06-17,241.87,Pending
PAY001454,CUST00174,POL00283,2018-07-17,241.87,Success
PAY001455,CUST00174,POL00283,2018-08-16,241.87,Failed
PAY001456,CUST00174,POL00283,2018-09-15,241.87,Success
PAY001457,CUST00174,POL00283,2018-10-15,241.87,Success
PAY001458,CUST00174,POL00283,2018-11-14,241.87,Success
PAY001459,CUST00174,POL00283,2018-12-14,241.87,Success
PAY001460,CUST00174,POL00283,2019-01-13,241.87,Success
PAY001461,CUST00174,POL00283,2019-02-12,241.87,Success
PAY001462,CUST00174,POL00283,2019-03-14,241.87,Pending
PAY001463,CUST00174,POL00283,2019-04-13,241.87,Success
PAY001464,CUST00174,POL00283,2019-05-13,241.87,Success
PAY001465,CUST00175,POL00284,2021-04-18,2787.44,Failed
PAY001466,CUST00176,POL00285,2020-09-15,922.50,Success
PAY001467,CUST00176,POL00285,2021-03-16,922.50,Success
PAY001468,CUST00176,POL00286,2025-03-02,182.30,Success
PAY001469,CUST00176,POL00286,2025-04-01,182.30,Failed
PAY001470,CUST00176,POL00286,2025-05-01,182.30,Success
PAY001471,CUST00176,POL00286,2025-05-31,182.30,Success
PAY001472,CUST00176,POL00286,2025-06-30,182.30,Success
PAY001473,CUST00176,POL00286,2025-07-30,182.30,Success
PAY001474,CUST00176,POL00286,2025-08-29,182.30,Success
PAY001475,CUST00176,POL00286,2025-09-28,182.30,Pending
PAY001476,CUST00176,POL00286,2025-10-28,182.30,Success
PAY001477,CUST00176,POL00286,2025-11-27,182.30,Success
PAY001478,CUST00176,POL00286,2025-12-27,182.30,Failed
PAY001479,CUST00176,POL00286,2026-01-26,182.30,Success
PAY001480,CUST00176,POL00287,2020-06-27,89.97,Success
PAY001481,CUST00176,POL00287,2020-09-26,89.97,Refunded
PAY001482,CUST00176,POL00287,2020-12-26,89.97,Success
PAY001483,CUST00176,POL00287,2021-03-27,89.97,Success
PAY001484,CUST00177,POL00288,2019-07-06,262.66,Success
PAY001485,CUST00177,POL00288,2019-08-05,262.66,Success
PAY001486,CUST00177,POL00288,2019-09-04,262.66,Success
PAY001487,CUST00177,POL00288,2019-10-04,262.66,Success
PAY001488,CUST00177,POL00288,2019-11-03,262.66,Success
PAY001489,CUST00177,POL00288,2019-12-03,262.66,Success
PAY001490,CUST00177,POL00288,2020-01-02,262.66,Success
PAY001491,CUST00177,POL00288,2020-02-01,262.66,Pending
PAY001492,CUST00177,POL00288,2020-03-02,262.66,Success
PAY001493,CUST00177,POL00288,2020-04-01,262.66,Success
PAY001494,CUST00177,POL00288,2020-05-01,262.66,Failed
PAY001495,CUST00177,POL00288,2020-05-31,262.66,Success
PAY001496,CUST00177,POL00289,2022-05-14,450.41,Success
PAY001497,CUST00177,POL00289,2022-08-13,450.41,Success
PAY001498,CUST00177,POL00289,2022-11-12,450.41,Success
PAY001499,CUST00177,POL00289,2023-02-11,450.41,Success
PAY001500,CUST00178,POL00290,2019-04-04,197.75,Success
PAY001501,CUST00178,POL00290,2019-05-04,197.75,Failed
PAY001502,CUST00178,POL00290,2019-06-03,197.75,Pending
PAY001503,CUST00178,POL00290,2019-07-03,197.75,Success
PAY001504,CUST00178,POL00290,2019-08-02,197.75,Success
PAY001505,CUST00178,POL00290,2019-09-01,197.75,Success
PAY001506,CUST00178,POL00290,2019-10-01,197.75,Refunded
PAY001507,CUST00178,POL00290,2019-10-31,197.75,Success
PAY001508,CUST00178,POL00290,2019-11-30,197.75,Success
PAY001509,CUST00178,POL00290,2019-12-30,197.75,Success
PAY001510,CUST00178,POL00290,2020-01-29,197.75,Success
PAY001511,CUST00178,POL00290,2020-02-28,197.75,Success
PAY001512,CUST00179,POL00291,2024-12-18,454.35,Success
PAY001513,CUST00179,POL00291,2025-01-17,454.35,Success
PAY001514,CUST00179,POL00291,2025-02-16,454.35,Success
PAY001515,CUST00179,POL00291,2025-03-18,454.35,Success
PAY001516,CUST00179,POL00291,2025-04-17,454.35,Success
PAY001517,CUST00179,POL00291,2025-05-17,454.35,Success
PAY001518,CUST00179,POL00291,2025-06-16,454.35,Success
PAY001519,CUST00179,POL00291,2025-07-16,454.35,Pending
PAY001520,CUST00179,POL00291,2025-08-15,454.35,Success
PAY001521,CUST00179,POL00291,2025-09-14,454.35,Success
PAY001522,CUST00179,POL00291,2025-10-14,454.35,Success
PAY001523,CUST00179,POL00291,2025-11-13,454.35,Success
PAY001524,CUST00179,POL00292,2021-04-12,816.43,Success
PAY001525,CUST00180,POL00293,2023-01-23,1603.85,Success
PAY001526,CUST00181,POL00294,2023-07-10,484.07,Success
PAY001527,CUST00181,POL00294,2023-10-09,484.07,Success
PAY001528,CUST00181,POL00294,2024-01-08,484.07,Success
PAY001529,CUST00181,POL00294,2024-04-08,484.07,Success
PAY001530,CUST00181,POL00295,2018-08-15,1467.17,Success
PAY001531,CUST00182,POL00296,2021-12-28,151.81,Success
PAY001532,CUST00182,POL00296,2022-01-27,151.81,Success
PAY001533,CUST00182,POL00296,2022-02-26,151.81,Success
PAY001534,CUST00182,POL00296,2022-03-28,151.81,Success
PAY001535,CUST00182,POL00296,2022-04-27,151.81,Refunded
PAY001536,CUST00182,POL00296,2022-05-27,151.81,Success
PAY001537,CUST00182,POL00296,2022-06-26,151.81,Success
PAY001538,CUST00182,POL00296,2022-07-26,151.81,Success
PAY001539,CUST00182,POL00296,2022-08-25,151.81,Success
PAY001540,CUST00182,POL00296,2022-09-24,151.81,Refunded
PAY001541,CUST00182,POL00296,2022-10-24,151.81,Failed
PAY001542,CUST00182,POL00296,2022-11-23,151.81,Success
PAY001543,CUST00182,POL00297,2020-12-16,208.16,Success
PAY001544,CUST00182,POL00297,2021-03-17,208.16,Success
PAY001545,CUST00182,POL00297,2021-06-16,208.16,Success
PAY001546,CUST00182,POL00297,2021-09-15,208.16,Success
PAY001547,CUST00182,POL00298,2024-03-03,475.74,Success
PAY001548,CUST00183,POL00299,2024-07-07,597.91,Success
PAY001549,CUST00184,POL00300,2025-05-14,227.08,Success
PAY001550,CUST00184,POL00300,2025-11-12,227.08,Success
PAY001551,CUST00184,POL00301,2024-06-30,978.41,Success
PAY001552,CUST00184,POL00301,2024-09-29,978.41,Success
PAY001553,CUST00184,POL00301,2024-12-29,978.41,Pending
PAY001554,CUST00184,POL00301,2025-03-30,978.41,Success
PAY001555,CUST00185,POL00302,2021-04-20,1797.28,Success
PAY001556,CUST00185,POL00303,2022-09-07,1017.40,Failed
PAY001557,CUST00185,POL00304,2023-11-01,69.53,Success
PAY001558,CUST00185,POL00304,2024-01-31,69.53,Refunded
PAY001559,CUST00185,POL00304,2024-05-01,69.53,Success
PAY001560,CUST00185,POL00304,2024-07-31,69.53,Refunded
PAY001561,CUST00186,POL00305,2018-05-03,2431.45,Success
PAY001562,CUST00186,POL00305,2018-11-01,2431.45,Failed
PAY001563,CUST00186,POL00306,2025-01-25,128.00,Success
PAY001564,CUST00186,POL00306,2025-02-24,128.00,Success
PAY001565,CUST00186,POL00306,2025-03-26,128.00,Success
PAY001566,CUST00186,POL00306,2025-04-25,128.00,Success
PAY001567,CUST00186,POL00306,2025-05-25,128.00,Success
PAY001568,CUST00186,POL00306,2025-06-24,128.00,Success
PAY001569,CUST00186,POL00306,2025-07-24,128.00,Success
PAY001570,CUST00186,POL00306,2025-08-23,128.00,Success
PAY001571,CUST00186,POL00306,2025-09-22,128.00,Success
PAY001572,CUST00186,POL00306,2025-10-22,128.00,Pending
PAY001573,CUST00186,POL00306,2025-11-21,128.00,Refunded
PAY001574,CUST00186,POL00306,2025-12-21,128.00,Success
PAY001575,CUST00187,POL00307,2020-12-29,114.55,Success
PAY001576,CUST00187,POL00307,2021-01-28,114.55,Success
PAY001577,CUST00187,POL00307,2021-02-27,114.55,Success
PAY001578,CUST00187,POL00307,2021-03-29,114.55,Success
PAY001579,CUST00187,POL00307,2021-04-28,114.55,Success
PAY001580,CUST00187,POL00307,2021-05-28,114.55,Success
PAY001581,CUST00187,POL00307,2021-06-27,114.55,Success
PAY001582,CUST00187,POL00307,2021-07-27,114.55,Success
PAY001583,CUST00187,POL00307,2021-08-26,114.55,Success
PAY001584,CUST00187,POL00307,2021-09-25,114.55,Success
PAY001585,CUST00187,POL00307,2021-10-25,114.55,Success
PAY001586,CUST00187,POL00307,2021-11-24,114.55,Pending
PAY001587,CUST00187,POL00308,2018-01-27,187.29,Success
PAY001588,CUST00187,POL00308,2018-02-26,187.29,Success
PAY001589,CUST00187,POL00308,2018-03-28,187.29,Success
PAY001590,CUST00187,POL00308,2018-04-27,187.29,Success
PAY001591,CUST00187,POL00308,2018-05-27,187.29,Success
PAY001592,CUST00187,POL00308,2018-06-26,187.29,Success
PAY001593,CUST00187,POL00308,2018-07-26,187.29,Success
PAY001594,CUST00187,POL00308,2018-08-25,187.29,Success
PAY001595,CUST00187,POL00308,2018-09-24,187.29,Success
PAY001596,CUST00187,POL00308,2018-10-24,187.29,Success
PAY001597,CUST00187,POL00308,2018-11-23,187.29,Success
PAY001598,CUST00187,POL00308,2018-12-23,187.29,Success
PAY001599,CUST00187,POL00309,2021-10-03,22.97,Success
PAY001600,CUST00187,POL00309,2021-11-02,22.97,Failed
PAY001601,CUST00187,POL00309,2021-12-02,22.97,Pending
PAY001602,CUST00187,POL00309,2022-01-01,22.97,Pending
PAY001603,CUST00187,POL00309,2022-01-31,22.97,Success
PAY001604,CUST00187,POL00309,2022-03-02,22.97,Success
PAY001605,CUST00187,POL00309,2022-04-01,22.97,Success
PAY001606,CUST00187,POL00309,2022-05-01,22.97,Success
PAY001607,CUST00187,POL00309,2022-05-31,22.97,Success
PAY001608,CUST00187,POL00309,2022-06-30,22.97,Pending
PAY001609,CUST00187,POL00309,2022-07-30,22.97,Refunded
PAY001610,CUST00187,POL00309,2022-08-29,22.97,Success
PAY001611,CUST00188,POL00310,2022-12-21,271.55,Refunded
PAY001612,CUST00188,POL00311,2019-07-27,396.99,Success
PAY001613,CUST00188,POL00311,2019-10-26,396.99,Success
PAY001614,CUST00188,POL00311,2020-01-25,396.99,Success
PAY001615,CUST00188,POL00311,2020-04-25,396.99,Pending
PAY001616,CUST00188,POL00312,2018-07-15,111.74,Success
PAY001617,CUST00188,POL00312,2018-10-14,111.74,Success
PAY001618,CUST00188,POL00312,2019-01-13,111.74,Success
PAY001619,CUST00188,POL00312,2019-04-14,111.74,Success
PAY001620,CUST00189,POL00313,2021-07-10,84.25,Success
PAY001621,CUST00189,POL00313,2021-08-09,84.25,Success
PAY001622,CUST00189,POL00313,2021-09-08,84.25,Success
PAY001623,CUST00189,POL00313,2021-10-08,84.25,Success
PAY001624,CUST00189,POL00313,2021-11-07,84.25,Success
PAY001625,CUST00189,POL00313,2021-12-07,84.25,Success
PAY001626,CUST00189,POL00313,2022-01-06,84.25,Success
PAY001627,CUST00189,POL00313,2022-02-05,84.25,Success
PAY001628,CUST00189,POL00313,2022-03-07,84.25,Success
PAY001629,CUST00189,POL00313,2022-04-06,84.25,Success
PAY001630,CUST00189,POL00313,2022-05-06,84.25,Success
PAY001631,CUST00189,POL00313,2022-06-05,84.25,Success
PAY001632,CUST00190,POL00314,2019-11-01,295.39,Success
PAY001633,CUST00190,POL00314,2020-05-01,295.39,Success
PAY001634,CUST00191,POL00315,2021-04-30,24.61,Success
PAY001635,CUST00191,POL00315,2021-05-30,24.61,Success
PAY001636,CUST00191,POL00315,2021-06-29,24.61,Success
PAY001637,CUST00191,POL00315,2021-07-29,24.61,Success
PAY001638,CUST00191,POL00315,2021-08-28,24.61,Success
PAY001639,CUST00191,POL00315,2021-09-27,24.61,Success
PAY001640,CUST00191,POL00315,2021-10-27,24.61,Success
PAY001641,CUST00191,POL00315,2021-11-26,24.61,Pending
PAY001642,CUST00191,POL00315,2021-12-26,24.61,Success
PAY001643,CUST00191,POL00315,2022-01-25,24.61,Success
PAY001644,CUST00191,POL00315,2022-02-24,24.61,Success
PAY001645,CUST00191,POL00315,2022-03-26,24.61,Success
PAY001646,CUST00192,POL00316,2020-10-21,156.84,Success
PAY001647,CUST00192,POL00316,2020-11-20,156.84,Success
PAY001648,CUST00192,POL00316,2020-12-20,156.84,Success
PAY001649,CUST00192,POL00316,2021-01-19,156.84,Success
PAY001650,CUST00192,POL00316,2021-02-18,156.84,Success
PAY001651,CUST00192,POL00316,2021-03-20,156.84,Success
PAY001652,CUST00192,POL00316,2021-04-19,156.84,Success
PAY001653,CUST00192,POL00316,2021-05-19,156.84,Success
PAY001654,CUST00192,POL00316,2021-06-18,156.84,Success
PAY001655,CUST00192,POL00316,2021-07-18,156.84,Success
PAY001656,CUST00192,POL00316,2021-08-17,156.84,Refunded
PAY001657,CUST00192,POL00316,2021-09-16,156.84,Success
PAY001658,CUST00192,POL00317,2023-07-07,613.32,Success
PAY001659,CUST00192,POL00317,2023-10-06,613.32,Success
PAY001660,CUST00192,POL00317,2024-01-05,613.32,Success
PAY001661,CUST00192,POL00317,2024-04-05,613.32,Success
PAY001662,CUST00192,POL00318,2022-11-29,882.09,Success
PAY001663,CUST00192,POL00318,2023-05-30,882.09,Success
PAY001664,CUST00193,POL00319,2023-07-12,470.84,Success
PAY001665,CUST00193,POL00319,2023-08-11,470.84,Failed
PAY001666,CUST00193,POL00319,2023-09-10,470.84,Success
PAY001667,CUST00193,POL00319,2023-10-10,470.84,Pending
PAY001668,CUST00193,POL00319,2023-11-09,470.84,Success
PAY001669,CUST00193,POL00319,2023-12-09,470.84,Pending
PAY001670,CUST00193,POL00319,2024-01-08,470.84,Success
PAY001671,CUST00193,POL00319,2024-02-07,470.84,Success
PAY001672,CUST00193,POL00319,2024-03-08,470.84,Success
PAY001673,CUST00193,POL00319,2024-04-07,470.84,Refunded
PAY001674,CUST00193,POL00319,2024-05-07,470.84,Success
PAY001675,CUST00193,POL00319,2024-06-06,470.84,Success
PAY001676,CUST00193,POL00320,2019-08-24,1057.16,Success
PAY001677,CUST00194,POL00321,2024-01-18,173.89,Success
PAY001678,CUST00194,POL00321,2024-02-17,173.89,Success
PAY001679,CUST00194,POL00321,2024-03-18,173.89,Success
PAY001680,CUST00194,POL00321,2024-04-17,173.89,Pending
PAY001681,CUST00194,POL00321,2024-05-17,173.89,Success
PAY001682,CUST00194,POL00321,2024-06-16,173.89,Success
PAY001683,CUST00194,POL00321,2024-07-16,173.89,Success
PAY001684,CUST00194,POL00321,2024-08-15,173.89,Success
PAY001685,CUST00194,POL00321,2024-09-14,173.89,Success
PAY001686,CUST00194,POL00321,2024-10-14,173.89,Failed
PAY001687,CUST00194,POL00321,2024-11-13,173.89,Success
PAY001688,CUST00194,POL00321,2024-12-13,173.89,Pending
PAY001689,CUST00194,POL00322,2023-02-14,1475.37,Success
PAY001690,CUST00195,POL00323,2020-07-30,1876.85,Success
PAY001691,CUST00195,POL00324,2018-09-28,227.60,Success
PAY001692,CUST00195,POL00324,2018-12-28,227.60,Refunded
PAY001693,CUST00195,POL00324,2019-03-29,227.60,Refunded
PAY001694,CUST00195,POL00324,2019-06-28,227.60,Success
PAY001695,CUST00195,POL00325,2022-07-04,80.90,Success
PAY001696,CUST00195,POL00325,2023-01-02,80.90,Failed
PAY001697,CUST00196,POL00326,2024-01-29,1793.35,Success
PAY001698,CUST00196,POL00326,2024-07-29,1793.35,Success
PAY001699,CUST00196,POL00327,2025-03-19,215.67,Success
PAY001700,CUST00196,POL00327,2025-09-17,215.67,Success
PAY001701,CUST00196,POL00328,2022-05-18,1396.50,Success
PAY001702,CUST00197,POL00329,2022-05-30,141.19,Success
PAY001703,CUST00197,POL00329,2022-11-28,141.19,Success
PAY001704,CUST00198,POL00330,2020-03-07,2817.05,Success
PAY001705,CUST00199,POL00331,2022-05-13,198.45,Success
PAY001706,CUST00199,POL00331,2022-06-12,198.45,Success
PAY001707,CUST00199,POL00331,2022-07-12,198.45,Success
PAY001708,CUST00199,POL00331,2022-08-11,198.45,Refunded
PAY001709,CUST00199,POL00331,2022-09-10,198.45,Failed
PAY001710,CUST00199,POL00331,2022-10-10,198.45,Success
PAY001711,CUST00199,POL00331,2022-11-09,198.45,Failed
PAY001712,CUST00199,POL00331,2022-12-09,198.45,Success
PAY001713,CUST00199,POL00331,2023-01-08,198.45,Success
PAY001714,CUST00199,POL00331,2023-02-07,198.45,Success
PAY001715,CUST00199,POL00331,2023-03-09,198.45,Success
PAY001716,CUST00199,POL00331,2023-04-08,198.45,Success
PAY001717,CUST00200,POL00332,2022-02-21,5790.04,Failed
PAY001718,CUST00201,POL00333,2021-06-09,555.25,Success
PAY001719,CUST00201,POL00333,2021-09-08,555.25,Refunded
PAY001720,CUST00201,POL00333,2021-12-08,555.25,Success
PAY001721,CUST00201,POL00333,2022-03-09,555.25,Failed
PAY001722,CUST00202,POL00334,2018-12-19,507.77,Success
PAY001723,CUST00202,POL00334,2019-06-19,507.77,Success
PAY001724,CUST00202,POL00335,2023-05-04,143.82,Success
PAY001725,CUST00202,POL00335,2023-08-03,143.82,Success
PAY001726,CUST00202,POL00335,2023-11-02,143.82,Success
PAY001727,CUST00202,POL00335,2024-02-01,143.82,Success
PAY001728,CUST00203,POL00336,2021-12-20,101.83,Success
PAY001729,CUST00203,POL00336,2022-01-19,101.83,Success
PAY001730,CUST00203,POL00336,2022-02-18,101.83,Failed
PAY001731,CUST00203,POL00336,2022-03-20,101.83,Success
PAY001732,CUST00203,POL00336,2022-04-19,101.83,Success
PAY001733,CUST00203,POL00336,2022-05-19,101.83,Success
PAY001734,CUST00203,POL00336,2022-06-18,101.83,Success
PAY001735,CUST00203,POL00336,2022-07-18,101.83,Success
PAY001736,CUST00203,POL00336,2022-08-17,101.83,Failed
PAY001737,CUST00203,POL00336,2022-09-16,101.83,Success
PAY001738,CUST00203,POL00336,2022-10-16,101.83,Success
PAY001739,CUST00203,POL00336,2022-11-15,101.83,Success
PAY001740,CUST00203,POL00337,2019-06-16,18.61,Success
PAY001741,CUST00203,POL00337,2019-07-16,18.61,Pending
PAY001742,CUST00203,POL00337,2019-08-15,18.61,Success
PAY001743,CUST00203,POL00337,2019-09-14,18.61,Pending
PAY001744,CUST00203,POL00337,2019-10-14,18.61,Success
PAY001745,CUST00203,POL00337,2019-11-13,18.61,Success
PAY001746,CUST00203,POL00337,2019-12-13,18.61,Success
PAY001747,CUST00203,POL00337,2020-01-12,18.61,Refunded
PAY001748,CUST00203,POL00337,2020-02-11,18.61,Success
PAY001749,CUST00203,POL00337,2020-03-12,18.61,Success
PAY001750,CUST00203,POL00337,2020-04-11,18.61,Success
PAY001751,CUST00203,POL00337,2020-05-11,18.61,Success
PAY001752,CUST00204,POL00338,2023-09-06,18.79,Success
PAY001753,CUST00204,POL00338,2023-10-06,18.79,Success
PAY001754,CUST00204,POL00338,2023-11-05,18.79,Success
PAY001755,CUST00204,POL00338,2023-12-05,18.79,Success
PAY001756,CUST00204,POL00338,2024-01-04,18.79,Pending
PAY001757,CUST00204,POL00338,2024-02-03,18.79,Success
PAY001758,CUST00204,POL00338,2024-03-04,18.79,Success
PAY001759,CUST00204,POL00338,2024-04-03,18.79,Success
PAY001760,CUST00204,POL00338,2024-05-03,18.79,Success
PAY001761,CUST00204,POL00338,2024-06-02,18.79,Success
PAY001762,CUST00204,POL00338,2024-07-02,18.79,Pending
PAY001763,CUST00204,POL00338,2024-08-01,18.79,Success
PAY001764,CUST00205,POL00339,2022-09-25,19.17,Success
PAY001765,CUST00205,POL00339,2022-10-25,19.17,Success
PAY001766,CUST00205,POL00339,2022-11-24,19.17,Success
PAY001767,CUST00205,POL00339,2022-12-24,19.17,Success
PAY001768,CUST00205,POL00339,2023-01-23,19.17,Success
PAY001769,CUST00205,POL00339,2023-02-22,19.17,Success
PAY001770,CUST00205,POL00339,2023-03-24,19.17,Success
PAY001771,CUST00205,POL00339,2023-04-23,19.17,Success
PAY001772,CUST00205,POL00339,2023-05-23,19.17,Success
PAY001773,CUST00205,POL00339,2023-06-22,19.17,Failed
PAY001774,CUST00205,POL00339,2023-07-22,19.17,Success
PAY001775,CUST00205,POL00339,2023-08-21,19.17,Success
PAY001776,CUST00206,POL00340,2018-01-26,2523.89,Success
PAY001777,CUST00207,POL00341,2020-05-03,120.66,Success
PAY001778,CUST00207,POL00341,2020-06-02,120.66,Success
PAY001779,CUST00207,POL00341,2020-07-02,120.66,Refunded
PAY001780,CUST00207,POL00341,2020-08-01,120.66,Pending
PAY001781,CUST00207,POL00341,2020-08-31,120.66,Success
PAY001782,CUST00207,POL00341,2020-09-30,120.66,Success
PAY001783,CUST00207,POL00341,2020-10-30,120.66,Success
PAY001784,CUST00207,POL00341,2020-11-29,120.66,Success
PAY001785,CUST00207,POL00341,2020-12-29,120.66,Success
PAY001786,CUST00207,POL00341,2021-01-28,120.66,Success
PAY001787,CUST00207,POL00341,2021-02-27,120.66,Failed
PAY001788,CUST00207,POL00341,2021-03-29,120.66,Success
PAY001789,CUST00207,POL00342,2022-04-30,126.33,Success
PAY001790,CUST00207,POL00342,2022-05-30,126.33,Success
PAY001791,CUST00207,POL00342,2022-06-29,126.33,Success
PAY001792,CUST00207,POL00342,2022-07-29,126.33,Success
PAY001793,CUST00207,POL00342,2022-08-28,126.33,Success
PAY001794,CUST00207,POL00342,2022-09-27,126.33,Pending
PAY001795,CUST00207,POL00342,2022-10-27,126.33,Success
PAY001796,CUST00207,POL00342,2022-11-26,126.33,Success
PAY001797,CUST00207,POL00342,2022-12-26,126.33,Success
PAY001798,CUST00207,POL00342,2023-01-25,126.33,Success
PAY001799,CUST00207,POL00342,2023-02-24,126.33,Success
PAY001800,CUST00207,POL00342,2023-03-26,126.33,Success
PAY001801,CUST00208,POL00343,2019-06-16,961.37,Failed
PAY001802,CUST00208,POL00343,2019-12-15,961.37,Success
PAY001803,CUST00209,POL00344,2020-02-19,1027.89,Success
PAY001804,CUST00209,POL00344,2020-08-19,1027.89,Success
PAY001805,CUST00210,POL00345,2024-03-14,939.01,Success
PAY001806,CUST00210,POL00345,2024-09-12,939.01,Success
PAY001807,CUST00211,POL00346,2019-07-10,190.61,Success
PAY001808,CUST00211,POL00347,2019-02-23,1880.24,Success
PAY001809,CUST00211,POL00348,2024-05-01,724.01,Success
PAY001810,CUST00211,POL00348,2024-07-31,724.01,Success
PAY001811,CUST00211,POL00348,2024-10-30,724.01,Success
PAY001812,CUST00211,POL00348,2025-01-29,724.01,Success
PAY001813,CUST00212,POL00349,2025-03-07,820.20,Success
PAY001814,CUST00212,POL00350,2021-06-15,576.09,Success
PAY001815,CUST00212,POL00350,2021-12-14,576.09,Success
PAY001816,CUST00213,POL00351,2024-11-08,1332.74,Success
PAY001817,CUST00213,POL00351,2025-02-07,1332.74,Pending
PAY001818,CUST00213,POL00351,2025-05-09,1332.74,Success
PAY001819,CUST00213,POL00351,2025-08-08,1332.74,Success
PAY001820,CUST00214,POL00352,2023-08-01,144.51,Success
PAY001821,CUST00214,POL00352,2023-10-31,144.51,Success
PAY001822,CUST00214,POL00352,2024-01-30,144.51,Success
PAY001823,CUST00214,POL00352,2024-04-30,144.51,Success
PAY001824,CUST00215,POL00353,2022-06-15,560.86,Success
PAY001825,CUST00215,POL00353,2022-09-14,560.86,Success
PAY001826,CUST00215,POL00353,2022-12-14,560.86,Refunded
PAY001827,CUST00215,POL00353,2023-03-15,560.86,Pending
PAY001828,CUST00216,POL00354,2022-03-05,97.36,Failed
PAY001829,CUST00216,POL00354,2022-04-04,97.36,Success
PAY001830,CUST00216,POL00354,2022-05-04,97.36,Pending
PAY001831,CUST00216,POL00354,2022-06-03,97.36,Success
PAY001832,CUST00216,POL00354,2022-07-03,97.36,Success
PAY001833,CUST00216,POL00354,2022-08-02,97.36,Success
PAY001834,CUST00216,POL00354,2022-09-01,97.36,Success
PAY001835,CUST00216,POL00354,2022-10-01,97.36,Success
PAY001836,CUST00216,POL00354,2022-10-31,97.36,Success
PAY001837,CUST00216,POL00354,2022-11-30,97.36,Success
PAY001838,CUST00216,POL00354,2022-12-30,97.36,Success
PAY001839,CUST00216,POL00354,2023-01-29,97.36,Success
PAY001840,CUST00217,POL00355,2025-03-28,1725.51,Success
PAY001841,CUST00218,POL00356,2025-03-18,706.12,Success
PAY001842,CUST00218,POL00356,2025-06-17,706.12,Success
PAY001843,CUST00218,POL00356,2025-09-16,706.12,Success
PAY001844,CUST00218,POL00356,2025-12-16,706.12,Success
PAY001845,CUST00219,POL00357,2023-04-10,194.69,Success
PAY001846,CUST00219,POL00357,2023-07-10,194.69,Success
PAY001847,CUST00219,POL00357,2023-10-09,194.69,Failed
PAY001848,CUST00219,POL00357,2024-01-08,194.69,Success
PAY001849,CUST00219,POL00358,2023-03-01,342.34,Success
PAY001850,CUST00219,POL00358,2023-03-31,342.34,Success
PAY001851,CUST00219,POL00358,2023-04-30,342.34,Success
PAY001852,CUST00219,POL00358,2023-05-30,342.34,Success
PAY001853,CUST00219,POL00358,2023-06-29,342.34,Pending
PAY001854,CUST00219,POL00358,2023-07-29,342.34,Failed
PAY001855,CUST00219,POL00358,2023-08-28,342.34,Success
PAY001856,CUST00219,POL00358,2023-09-27,342.34,Success
PAY001857,CUST00219,POL00358,2023-10-27,342.34,Success
PAY001858,CUST00219,POL00358,2023-11-26,342.34,Success
PAY001859,CUST00219,POL00358,2023-12-26,342.34,Success
PAY001860,CUST00219,POL00358,2024-01-25,342.34,Pending
PAY001861,CUST00220,POL00359,2021-11-05,2095.14,Success
PAY001862,CUST00220,POL00359,2022-05-06,2095.14,Success
PAY001863,CUST00220,POL00360,2023-02-09,70.73,Success
PAY001864,CUST00220,POL00360,2023-03-11,70.73,Success
PAY001865,CUST00220,POL00360,2023-04-10,70.73,Success
PAY001866,CUST00220,POL00360,2023-05-10,70.73,Success
PAY001867,CUST00220,POL00360,2023-06-09,70.73,Pending
PAY001868,CUST00220,POL00360,2023-07-09,70.73,Success
PAY001869,CUST00220,POL00360,2023-08-08,70.73,Success
PAY001870,CUST00220,POL00360,2023-09-07,70.73,Success
PAY001871,CUST00220,POL00360,2023-10-07,70.73,Success
PAY001872,CUST00220,POL00360,2023-11-06,70.73,Success
PAY001873,CUST00220,POL00360,2023-12-06,70.73,Success
PAY001874,CUST00220,POL00360,2024-01-05,70.73,Success
PAY001875,CUST00221,POL00361,2019-07-06,337.65,Success
PAY001876,CUST00222,POL00362,2025-06-24,736.58,Success
PAY001877,CUST00222,POL00362,2025-12-23,736.58,Success
PAY001878,CUST00222,POL00363,2021-08-30,668.34,Success
PAY001879,CUST00222,POL00363,2022-02-28,668.34,Refunded
PAY001880,CUST00223,POL00364,2024-11-20,227.86,Success
PAY001881,CUST00223,POL00364,2025-02-19,227.86,Success
PAY001882,CUST00223,POL00364,2025-05-21,227.86,Success
PAY001883,CUST00223,POL00364,2025-08-20,227.86,Failed
PAY001884,CUST00224,POL00365,2023-12-16,1100.46,Success
PAY001885,CUST00224,POL00365,2024-06-15,1100.46,Success
PAY001886,CUST00225,POL00366,2024-04-30,1511.44,Success
PAY001887,CUST00225,POL00367,2023-05-19,14.16,Success
PAY001888,CUST00225,POL00367,2023-06-18,14.16,Success
PAY001889,CUST00225,POL00367,2023-07-18,14.16,Success
PAY001890,CUST00225,POL00367,2023-08-17,14.16,Success
PAY001891,CUST00225,POL00367,2023-09-16,14.16,Success
PAY001892,CUST00225,POL00367,2023-10-16,14.16,Success
PAY001893,CUST00225,POL00367,2023-11-15,14.16,Success
PAY001894,CUST00225,POL00367,2023-12-15,14.16,Success
PAY001895,CUST00225,POL00367,2024-01-14,14.16,Success
PAY001896,CUST00225,POL00367,2024-02-13,14.16,Success
PAY001897,CUST00225,POL00367,2024-03-14,14.16,Success
PAY001898,CUST00225,POL00367,2024-04-13,14.16,Failed
PAY001899,CUST00226,POL00368,2019-02-16,988.50,Success
PAY001900,CUST00226,POL00368,2019-08-17,988.50,Success
PAY001901,CUST00226,POL00369,2018-05-05,2290.33,Success
PAY001902,CUST00227,POL00370,2021-05-14,462.24,Success
PAY001903,CUST00227,POL00370,2021-08-13,462.24,Success
PAY001904,CUST00227,POL00370,2021-11-12,462.24,Success
PAY001905,CUST00227,POL00370,2022-02-11,462.24,Success
PAY001906,CUST00227,POL00371,2020-11-05,225.99,Success
PAY001907,CUST00227,POL00371,2021-05-06,225.99,Success
PAY001908,CUST00227,POL00372,2020-11-07,824.17,Success
PAY001909,CUST00227,POL00372,2021-05-08,824.17,Success
PAY001910,CUST00228,POL00373,2021-06-26,1528.31,Success
PAY001911,CUST00229,POL00374,2018-10-06,75.68,Success
PAY001912,CUST00229,POL00374,2019-04-06,75.68,Success
PAY001913,CUST00230,POL00375,2025-04-02,49.61,Success
PAY001914,CUST00230,POL00375,2025-05-02,49.61,Success
PAY001915,CUST00230,POL00375,2025-06-01,49.61,Success
PAY001916,CUST00230,POL00375,2025-07-01,49.61,Success
PAY001917,CUST00230,POL00375,2025-07-31,49.61,Success
PAY001918,CUST00230,POL00375,2025-08-30,49.61,Refunded
PAY001919,CUST00230,POL00375,2025-09-29,49.61,Success
PAY001920,CUST00230,POL00375,2025-10-29,49.61,Success
PAY001921,CUST00230,POL00375,2025-11-28,49.61,Success
PAY001922,CUST00230,POL00375,2025-12-28,49.61,Success
PAY001923,CUST00230,POL00375,2026-01-27,49.61,Success
PAY001924,CUST00230,POL00375,2026-02-26,49.61,Success
PAY001925,CUST00230,POL00376,2022-04-15,1203.95,Success
PAY001926,CUST00231,POL00377,2022-11-25,1433.85,Success
PAY001927,CUST00232,POL00378,2025-05-28,5135.11,Success
PAY001928,CUST00233,POL00379,2024-02-14,976.02,Success
PAY001929,CUST00233,POL00379,2024-08-14,976.02,Success
PAY001930,CUST00233,POL00380,2018-04-02,326.64,Failed
PAY001931,CUST00233,POL00380,2018-07-02,326.64,Success
PAY001932,CUST00233,POL00380,2018-10-01,326.64,Pending
PAY001933,CUST00233,POL00380,2018-12-31,326.64,Refunded
PAY001934,CUST00234,POL00381,2023-01-23,669.75,Refunded
PAY001935,CUST00234,POL00381,2023-07-24,669.75,Success
PAY001936,CUST00235,POL00382,2023-04-23,59.63,Success
PAY001937,CUST00235,POL00382,2023-05-23,59.63,Success
PAY001938,CUST00235,POL00382,2023-06-22,59.63,Success
PAY001939,CUST00235,POL00382,2023-07-22,59.63,Success
PAY001940,CUST00235,POL00382,2023-08-21,59.63,Success
PAY001941,CUST00235,POL00382,2023-09-20,59.63,Success
PAY001942,CUST00235,POL00382,2023-10-20,59.63,Success
PAY001943,CUST00235,POL00382,2023-11-19,59.63,Success
PAY001944,CUST00235,POL00382,2023-12-19,59.63,Success
PAY001945,CUST00235,POL00382,2024-01-18,59.63,Success
PAY001946,CUST00235,POL00382,2024-02-17,59.63,Pending
PAY001947,CUST00235,POL00382,2024-03-18,59.63,Success
PAY001948,CUST00236,POL00383,2024-09-23,1319.39,Success
PAY001949,CUST00236,POL00384,2020-07-28,624.28,Success
PAY001950,CUST00236,POL00384,2020-10-27,624.28,Success
PAY001951,CUST00236,POL00384,2021-01-26,624.28,Failed
PAY001952,CUST00236,POL00384,2021-04-27,624.28,Success
PAY001953,CUST00237,POL00385,2021-09-27,42.68,Success
PAY001954,CUST00237,POL00385,2021-10-27,42.68,Success
PAY001955,CUST00237,POL00385,2021-11-26,42.68,Success
PAY001956,CUST00237,POL00385,2021-12-26,42.68,Success
PAY001957,CUST00237,POL00385,2022-01-25,42.68,Success
PAY001958,CUST00237,POL00385,2022-02-24,42.68,Success
PAY001959,CUST00237,POL00385,2022-03-26,42.68,Success
PAY001960,CUST00237,POL00385,2022-04-25,42.68,Success
PAY001961,CUST00237,POL00385,2022-05-25,42.68,Success
PAY001962,CUST00237,POL00385,2022-06-24,42.68,Success
PAY001963,CUST00237,POL00385,2022-07-24,42.68,Success
PAY001964,CUST00237,POL00385,2022-08-23,42.68,Success
PAY001965,CUST00237,POL00386,2025-03-05,1503.16,Success
PAY001966,CUST00238,POL00387,2019-08-07,5162.50,Success
PAY001967,CUST00239,POL00388,2024-11-20,595.77,Success
PAY001968,CUST00239,POL00389,2021-05-13,215.94,Success
PAY001969,CUST00239,POL00389,2021-06-12,215.94,Refunded
PAY001970,CUST00239,POL00389,2021-07-12,215.94,Failed
PAY001971,CUST00239,POL00389,2021-08-11,215.94,Success
PAY001972,CUST00239,POL00389,2021-09-10,215.94,Success
PAY001973,CUST00239,POL00389,2021-10-10,215.94,Success
PAY001974,CUST00239,POL00389,2021-11-09,215.94,Success
PAY001975,CUST00239,POL00389,2021-12-09,215.94,Success
PAY001976,CUST00239,POL00389,2022-01-08,215.94,Success
PAY001977,CUST00239,POL00389,2022-02-07,215.94,Success
PAY001978,CUST00239,POL00389,2022-03-09,215.94,Success
PAY001979,CUST00239,POL00389,2022-04-08,215.94,Success
PAY001980,CUST00240,POL00390,2020-05-23,141.29,Success
PAY001981,CUST00240,POL00390,2020-06-22,141.29,Success
PAY001982,CUST00240,POL00390,2020-07-22,141.29,Success
PAY001983,CUST00240,POL00390,2020-08-21,141.29,Success
PAY001984,CUST00240,POL00390,2020-09-20,141.29,Success
PAY001985,CUST00240,POL00390,2020-10-20,141.29,Success
PAY001986,CUST00240,POL00390,2020-11-19,141.29,Success
PAY001987,CUST00240,POL00390,2020-12-19,141.29,Success
PAY001988,CUST00240,POL00390,2021-01-18,141.29,Refunded
PAY001989,CUST00240,POL00390,2021-02-17,141.29,Success
PAY001990,CUST00240,POL00390,2021-03-19,141.29,Failed
PAY001991,CUST00240,POL00390,2021-04-18,141.29,Success
PAY001992,CUST00240,POL00391,2019-11-10,1268.20,Success
PAY001993,CUST00241,POL00392,2023-04-10,306.31,Success
PAY001994,CUST00241,POL00392,2023-05-10,306.31,Failed
PAY001995,CUST00241,POL00392,2023-06-09,306.31,Success
PAY001996,CUST00241,POL00392,2023-07-09,306.31,Success
PAY001997,CUST00241,POL00392,2023-08-08,306.31,Success
PAY001998,CUST00241,POL00392,2023-09-07,306.31,Success
PAY001999,CUST00241,POL00392,2023-10-07,306.31,Success
PAY002000,CUST00241,POL00392,2023-11-06,306.31,Success
PAY002001,CUST00241,POL00392,2023-12-06,306.31,Success
PAY002002,CUST00241,POL00392,2024-01-05,306.31,Pending
PAY002003,CUST00241,POL00392,2024-02-04,306.31,Success
PAY002004,CUST00241,POL00392,2024-03-05,306.31,Pending
PAY002005,CUST00241,POL00393,2018-01-12,615.55,Success
PAY002006,CUST00241,POL00393,2018-07-13,615.55,Success
PAY002007,CUST00242,POL00394,2024-11-30,459.38,Success
PAY002008,CUST00242,POL00394,2025-03-01,459.38,Success
PAY002009,CUST00242,POL00394,2025-05-31,459.38,Failed
PAY002010,CUST00242,POL00394,2025-08-30,459.38,Success
PAY002011,CUST00242,POL00395,2021-09-02,718.32,Success
PAY002012,CUST00242,POL00395,2022-03-03,718.32,Success
PAY002013,CUST00243,POL00396,2018-07-02,391.28,Failed
PAY002014,CUST00243,POL00396,2018-08-01,391.28,Success
PAY002015,CUST00243,POL00396,2018-08-31,391.28,Success
PAY002016,CUST00243,POL00396,2018-09-30,391.28,Success
PAY002017,CUST00243,POL00396,2018-10-30,391.28,Refunded
PAY002018,CUST00243,POL00396,2018-11-29,391.28,Success
PAY002019,CUST00243,POL00396,2018-12-29,391.28,Success
PAY002020,CUST00243,POL00396,2019-01-28,391.28,Success
PAY002021,CUST00243,POL00396,2019-02-27,391.28,Success
PAY002022,CUST00243,POL00396,2019-03-29,391.28,Success
PAY002023,CUST00243,POL00396,2019-04-28,391.28,Pending
PAY002024,CUST00243,POL00396,2019-05-28,391.28,Success
PAY002025,CUST00244,POL00397,2024-06-30,509.70,Success
PAY002026,CUST00244,POL00397,2024-09-29,509.70,Failed
PAY002027,CUST00244,POL00397,2024-12-29,509.70,Failed
PAY002028,CUST00244,POL00397,2025-03-30,509.70,Success
PAY002029,CUST00244,POL00398,2018-07-12,171.41,Success
PAY002030,CUST00244,POL00398,2018-08-11,171.41,Success
PAY002031,CUST00244,POL00398,2018-09-10,171.41,Success
PAY002032,CUST00244,POL00398,2018-10-10,171.41,Success
PAY002033,CUST00244,POL00398,2018-11-09,171.41,Success
PAY002034,CUST00244,POL00398,2018-12-09,171.41,Success
PAY002035,CUST00244,POL00398,2019-01-08,171.41,Success
PAY002036,CUST00244,POL00398,2019-02-07,171.41,Success
PAY002037,CUST00244,POL00398,2019-03-09,171.41,Success
PAY002038,CUST00244,POL00398,2019-04-08,171.41,Success
PAY002039,CUST00244,POL00398,2019-05-08,171.41,Success
PAY002040,CUST00244,POL00398,2019-06-07,171.41,Success
PAY002041,CUST00244,POL00399,2019-10-25,992.44,Pending
PAY002042,CUST00245,POL00400,2019-06-20,1486.87,Success
PAY002043,CUST00245,POL00401,2021-09-30,747.41,Success
PAY002044,CUST00245,POL00401,2022-03-31,747.41,Success
PAY002045,CUST00245,POL00402,2022-10-20,212.99,Success
PAY002046,CUST00245,POL00402,2023-04-20,212.99,Success
PAY002047,CUST00246,POL00403,2023-10-19,198.76,Success
PAY002048,CUST00246,POL00404,2018-11-21,90.70,Success
PAY002049,CUST00246,POL00404,2018-12-21,90.70,Success
PAY002050,CUST00246,POL00404,2019-01-20,90.70,Success
PAY002051,CUST00246,POL00404,2019-02-19,90.70,Failed
PAY002052,CUST00246,POL00404,2019-03-21,90.70,Success
PAY002053,CUST00246,POL00404,2019-04-20,90.70,Success
PAY002054,CUST00246,POL00404,2019-05-20,90.70,Success
PAY002055,CUST00246,POL00404,2019-06-19,90.70,Success
PAY002056,CUST00246,POL00404,2019-07-19,90.70,Failed
PAY002057,CUST00246,POL00404,2019-08-18,90.70,Success
PAY002058,CUST00246,POL00404,2019-09-17,90.70,Success
PAY002059,CUST00246,POL00404,2019-10-17,90.70,Failed
PAY002060,CUST00246,POL00405,2025-02-28,121.39,Pending
PAY002061,CUST00246,POL00405,2025-03-30,121.39,Success
PAY002062,CUST00246,POL00405,2025-04-29,121.39,Success
PAY002063,CUST00246,POL00405,2025-05-29,121.39,Success
PAY002064,CUST00246,POL00405,2025-06-28,121.39,Success
PAY002065,CUST00246,POL00405,2025-07-28,121.39,Success
PAY002066,CUST00246,POL00405,2025-08-27,121.39,Success
PAY002067,CUST00246,POL00405,2025-09-26,121.39,Success
PAY002068,CUST00246,POL00405,2025-10-26,121.39,Success
PAY002069,CUST00246,POL00405,2025-11-25,121.39,Success
PAY002070,CUST00246,POL00405,2025-12-25,121.39,Success
PAY002071,CUST00246,POL00405,2026-01-24,121.39,Success
PAY002072,CUST00247,POL00406,2018-07-16,67.28,Success
PAY002073,CUST00247,POL00406,2018-10-15,67.28,Success
PAY002074,CUST00247,POL00406,2019-01-14,67.28,Failed
PAY002075,CUST00247,POL00406,2019-04-15,67.28,Success
PAY002076,CUST00248,POL00407,2018-05-09,77.29,Success
PAY002077,CUST00248,POL00407,2018-06-08,77.29,Success
PAY002078,CUST00248,POL00407,2018-07-08,77.29,Success
PAY002079,CUST00248,POL00407,2018-08-07,77.29,Success
PAY002080,CUST00248,POL00407,2018-09-06,77.29,Success
PAY002081,CUST00248,POL00407,2018-10-06,77.29,Success
PAY002082,CUST00248,POL00407,2018-11-05,77.29,Success
PAY002083,CUST00248,POL00407,2018-12-05,77.29,Refunded
PAY002084,CUST00248,POL00407,2019-01-04,77.29,Success
PAY002085,CUST00248,POL00407,2019-02-03,77.29,Success
PAY002086,CUST00248,POL00407,2019-03-05,77.29,Success
PAY002087,CUST00248,POL00407,2019-04-04,77.29,Success
PAY002088,CUST00248,POL00408,2023-01-07,114.25,Success
PAY002089,CUST00248,POL00408,2023-04-08,114.25,Failed
PAY002090,CUST00248,POL00408,2023-07-08,114.25,Success
PAY002091,CUST00248,POL00408,2023-10-07,114.25,Success
PAY002092,CUST00248,POL00409,2020-09-21,780.56,Success
PAY002093,CUST00248,POL00409,2021-03-22,780.56,Success
PAY002094,CUST00249,POL00410,2018-09-06,74.51,Success
PAY002095,CUST00249,POL00410,2018-12-06,74.51,Success
PAY002096,CUST00249,POL00410,2019-03-07,74.51,Success
PAY002097,CUST00249,POL00410,2019-06-06,74.51,Success
PAY002098,CUST00250,POL00411,2024-12-31,95.90,Pending
PAY002099,CUST00250,POL00411,2025-01-30,95.90,Success
PAY002100,CUST00250,POL00411,2025-03-01,95.90,Success
PAY002101,CUST00250,POL00411,2025-03-31,95.90,Refunded
PAY002102,CUST00250,POL00411,2025-04-30,95.90,Success
PAY002103,CUST00250,POL00411,2025-05-30,95.90,Success
PAY002104,CUST00250,POL00411,2025-06-29,95.90,Success
PAY002105,CUST00250,POL00411,2025-07-29,95.90,Refunded
PAY002106,CUST00250,POL00411,2025-08-28,95.90,Success
PAY002107,CUST00250,POL00411,2025-09-27,95.90,Success
PAY002108,CUST00250,POL00411,2025-10-27,95.90,Success
PAY002109,CUST00250,POL00411,2025-11-26,95.90,Success
PAY002110,CUST00250,POL00412,2023-09-01,308.74,Success
PAY002111,CUST00250,POL00412,2023-12-01,308.74,Success
PAY002112,CUST00250,POL00412,2024-03-01,308.74,Success
PAY002113,CUST00250,POL00412,2024-05-31,308.74,Success
PAY002114,CUST00251,POL00413,2023-05-01,2025.41,Success
PAY002115,CUST00251,POL00414,2024-01-08,1064.31,Success
PAY002116,CUST00251,POL00414,2024-07-08,1064.31,Failed
PAY002117,CUST00252,POL00415,2021-06-07,43.99,Failed
PAY002118,CUST00252,POL00415,2021-07-07,43.99,Refunded
PAY002119,CUST00252,POL00415,2021-08-06,43.99,Success
PAY002120,CUST00252,POL00415,2021-09-05,43.99,Success
PAY002121,CUST00252,POL00415,2021-10-05,43.99,Success
PAY002122,CUST00252,POL00415,2021-11-04,43.99,Success
PAY002123,CUST00252,POL00415,2021-12-04,43.99,Success
PAY002124,CUST00252,POL00415,2022-01-03,43.99,Success
PAY002125,CUST00252,POL00415,2022-02-02,43.99,Success
PAY002126,CUST00252,POL00415,2022-03-04,43.99,Success
PAY002127,CUST00252,POL00415,2022-04-03,43.99,Success
PAY002128,CUST00252,POL00415,2022-05-03,43.99,Success
PAY002129,CUST00252,POL00416,2024-01-23,839.42,Success
PAY002130,CUST00252,POL00416,2024-07-23,839.42,Success
PAY002131,CUST00253,POL00417,2023-08-10,296.26,Success
PAY002132,CUST00253,POL00417,2024-02-08,296.26,Success
PAY002133,CUST00254,POL00418,2018-03-03,67.84,Success
PAY002134,CUST00254,POL00418,2018-04-02,67.84,Success
PAY002135,CUST00254,POL00418,2018-05-02,67.84,Success
PAY002136,CUST00254,POL00418,2018-06-01,67.84,Success
PAY002137,CUST00254,POL00418,2018-07-01,67.84,Failed
PAY002138,CUST00254,POL00418,2018-07-31,67.84,Success
PAY002139,CUST00254,POL00418,2018-08-30,67.84,Success
PAY002140,CUST00254,POL00418,2018-09-29,67.84,Success
PAY002141,CUST00254,POL00418,2018-10-29,67.84,Success
PAY002142,CUST00254,POL00418,2018-11-28,67.84,Success
PAY002143,CUST00254,POL00418,2018-12-28,67.84,Success
PAY002144,CUST00254,POL00418,2019-01-27,67.84,Success
PAY002145,CUST00255,POL00419,2019-05-14,3041.84,Success
PAY002146,CUST00255,POL00420,2018-12-15,243.99,Pending
PAY002147,CUST00255,POL00420,2019-06-15,243.99,Success
PAY002148,CUST00256,POL00421,2018-01-15,430.00,Success
PAY002149,CUST00256,POL00421,2018-04-16,430.00,Success
PAY002150,CUST00256,POL00421,2018-07-16,430.00,Success
PAY002151,CUST00256,POL00421,2018-10-15,430.00,Success
PAY002152,CUST00256,POL00422,2018-11-02,225.40,Failed
PAY002153,CUST00256,POL00422,2019-05-03,225.40,Success
PAY002154,CUST00257,POL00423,2020-07-09,201.43,Success
PAY002155,CUST00257,POL00423,2021-01-07,201.43,Success
PAY002156,CUST00258,POL00424,2022-09-16,964.75,Failed
PAY002157,CUST00258,POL00424,2023-03-17,964.75,Success
PAY002158,CUST00258,POL00425,2024-03-25,1494.01,Success
PAY002159,CUST00258,POL00425,2024-06-24,1494.01,Pending
PAY002160,CUST00258,POL00425,2024-09-23,1494.01,Success
PAY002161,CUST00258,POL00425,2024-12-23,1494.01,Success
PAY002162,CUST00259,POL00426,2024-05-21,1007.12,Success
PAY002163,CUST00259,POL00426,2024-11-19,1007.12,Success
PAY002164,CUST00260,POL00427,2018-03-02,481.98,Success
PAY002165,CUST00260,POL00427,2018-06-01,481.98,Success
PAY002166,CUST00260,POL00427,2018-08-31,481.98,Success
PAY002167,CUST00260,POL00427,2018-11-30,481.98,Success
PAY002168,CUST00260,POL00428,2019-04-28,4790.18,Success
PAY002169,CUST00261,POL00429,2024-10-28,281.26,Success
PAY002170,CUST00261,POL00429,2025-01-27,281.26,Success
PAY002171,CUST00261,POL00429,2025-04-28,281.26,Failed
PAY002172,CUST00261,POL00429,2025-07-28,281.26,Success
PAY002173,CUST00262,POL00430,2019-03-08,684.72,Pending
PAY002174,CUST00262,POL00430,2019-09-06,684.72,Success
PAY002175,CUST00262,POL00431,2018-01-01,283.20,Pending
PAY002176,CUST00262,POL00431,2018-07-02,283.20,Success
PAY002177,CUST00262,POL00432,2023-04-10,652.79,Success
PAY002178,CUST00262,POL00432,2023-10-09,652.79,Success
PAY002179,CUST00263,POL00433,2023-01-28,114.87,Success
PAY002180,CUST00263,POL00433,2023-04-29,114.87,Success
PAY002181,CUST00263,POL00433,2023-07-29,114.87,Success
PAY002182,CUST00263,POL00433,2023-10-28,114.87,Success
PAY002183,CUST00264,POL00434,2019-04-21,89.10,Success
PAY002184,CUST00264,POL00434,2019-05-21,89.10,Pending
PAY002185,CUST00264,POL00434,2019-06-20,89.10,Refunded
PAY002186,CUST00264,POL00434,2019-07-20,89.10,Success
PAY002187,CUST00264,POL00434,2019-08-19,89.10,Success
PAY002188,CUST00264,POL00434,2019-09-18,89.10,Success
PAY002189,CUST00264,POL00434,2019-10-18,89.10,Success
PAY002190,CUST00264,POL00434,2019-11-17,89.10,Success
PAY002191,CUST00264,POL00434,2019-12-17,89.10,Success
PAY002192,CUST00264,POL00434,2020-01-16,89.10,Success
PAY002193,CUST00264,POL00434,2020-02-15,89.10,Failed
PAY002194,CUST00264,POL00434,2020-03-16,89.10,Success
PAY002195,CUST00264,POL00435,2022-01-25,105.64,Success
PAY002196,CUST00264,POL00435,2022-07-26,105.64,Success
PAY002197,CUST00265,POL00436,2023-08-28,151.11,Success
PAY002198,CUST00265,POL00436,2023-09-27,151.11,Success
PAY002199,CUST00265,POL00436,2023-10-27,151.11,Success
PAY002200,CUST00265,POL00436,2023-11-26,151.11,Success
PAY002201,CUST00265,POL00436,2023-12-26,151.11,Success
PAY002202,CUST00265,POL00436,2024-01-25,151.11,Success
PAY002203,CUST00265,POL00436,2024-02-24,151.11,Success
PAY002204,CUST00265,POL00436,2024-03-25,151.11,Success
PAY002205,CUST00265,POL00436,2024-04-24,151.11,Success
PAY002206,CUST00265,POL00436,2024-05-24,151.11,Success
PAY002207,CUST00265,POL00436,2024-06-23,151.11,Success
PAY002208,CUST00265,POL00436,2024-07-23,151.11,Failed
PAY002209,CUST00266,POL00437,2024-09-03,433.33,Failed
PAY002210,CUST00266,POL00437,2024-12-03,433.33,Success
PAY002211,CUST00266,POL00437,2025-03-04,433.33,Pending
PAY002212,CUST00266,POL00437,2025-06-03,433.33,Success
PAY002213,CUST00267,POL00438,2018-05-26,80.75,Success
PAY002214,CUST00267,POL00438,2018-06-25,80.75,Success
PAY002215,CUST00267,POL00438,2018-07-25,80.75,Success
PAY002216,CUST00267,POL00438,2018-08-24,80.75,Pending
PAY002217,CUST00267,POL00438,2018-09-23,80.75,Success
PAY002218,CUST00267,POL00438,2018-10-23,80.75,Success
PAY002219,CUST00267,POL00438,2018-11-22,80.75,Success
PAY002220,CUST00267,POL00438,2018-12-22,80.75,Success
PAY002221,CUST00267,POL00438,2019-01-21,80.75,Success
PAY002222,CUST00267,POL00438,2019-02-20,80.75,Success
PAY002223,CUST00267,POL00438,2019-03-22,80.75,Success
PAY002224,CUST00267,POL00438,2019-04-21,80.75,Success
PAY002225,CUST00267,POL00439,2022-01-14,860.86,Success
PAY002226,CUST00268,POL00440,2024-02-23,31.38,Success
PAY002227,CUST00268,POL00440,2024-03-24,31.38,Success
PAY002228,CUST00268,POL00440,2024-04-23,31.38,Pending
PAY002229,CUST00268,POL00440,2024-05-23,31.38,Refunded
PAY002230,CUST00268,POL00440,2024-06-22,31.38,Success
PAY002231,CUST00268,POL00440,2024-07-22,31.38,Success
PAY002232,CUST00268,POL00440,2024-08-21,31.38,Success
PAY002233,CUST00268,POL00440,2024-09-20,31.38,Success
PAY002234,CUST00268,POL00440,2024-10-20,31.38,Success
PAY002235,CUST00268,POL00440,2024-11-19,31.38,Failed
PAY002236,CUST00268,POL00440,2024-12-19,31.38,Success
PAY002237,CUST00268,POL00440,2025-01-18,31.38,Success
PAY002238,CUST00269,POL00441,2019-07-19,320.04,Success
PAY002239,CUST00269,POL00441,2019-10-18,320.04,Success
PAY002240,CUST00269,POL00441,2020-01-17,320.04,Success
PAY002241,CUST00269,POL00441,2020-04-17,320.04,Success
PAY002242,CUST00269,POL00442,2020-04-23,316.34,Success
PAY002243,CUST00269,POL00442,2020-05-23,316.34,Success
PAY002244,CUST00269,POL00442,2020-06-22,316.34,Success
PAY002245,CUST00269,POL00442,2020-07-22,316.34,Success
PAY002246,CUST00269,POL00442,2020-08-21,316.34,Success
PAY002247,CUST00269,POL00442,2020-09-20,316.34,Success
PAY002248,CUST00269,POL00442,2020-10-20,316.34,Success
PAY002249,CUST00269,POL00442,2020-11-19,316.34,Success
PAY002250,CUST00269,POL00442,2020-12-19,316.34,Success
PAY002251,CUST00269,POL00442,2021-01-18,316.34,Success
PAY002252,CUST00269,POL00442,2021-02-17,316.34,Success
PAY002253,CUST00269,POL00442,2021-03-19,316.34,Failed
PAY002254,CUST00270,POL00443,2018-12-08,151.50,Success
PAY002255,CUST00270,POL00443,2019-01-07,151.50,Success
PAY002256,CUST00270,POL00443,2019-02-06,151.50,Success
PAY002257,CUST00270,POL00443,2019-03-08,151.50,Success
PAY002258,CUST00270,POL00443,2019-04-07,151.50,Pending
PAY002259,CUST00270,POL00443,2019-05-07,151.50,Success
PAY002260,CUST00270,POL00443,2019-06-06,151.50,Success
PAY002261,CUST00270,POL00443,2019-07-06,151.50,Success
PAY002262,CUST00270,POL00443,2019-08-05,151.50,Success
PAY002263,CUST00270,POL00443,2019-09-04,151.50,Success
PAY002264,CUST00270,POL00443,2019-10-04,151.50,Failed
PAY002265,CUST00270,POL00443,2019-11-03,151.50,Success
PAY002266,CUST00270,POL00444,2019-12-27,128.41,Success
PAY002267,CUST00270,POL00444,2020-01-26,128.41,Success
PAY002268,CUST00270,POL00444,2020-02-25,128.41,Success
PAY002269,CUST00270,POL00444,2020-03-26,128.41,Success
PAY002270,CUST00270,POL00444,2020-04-25,128.41,Success
PAY002271,CUST00270,POL00444,2020-05-25,128.41,Success
PAY002272,CUST00270,POL00444,2020-06-24,128.41,Success
PAY002273,CUST00270,POL00444,2020-07-24,128.41,Success
PAY002274,CUST00270,POL00444,2020-08-23,128.41,Success
PAY002275,CUST00270,POL00444,2020-09-22,128.41,Failed
PAY002276,CUST00270,POL00444,2020-10-22,128.41,Success
PAY002277,CUST00270,POL00444,2020-11-21,128.41,Success
PAY002278,CUST00271,POL00445,2021-07-09,1454.38,Success
PAY002279,CUST00271,POL00445,2022-01-07,1454.38,Success
PAY002280,CUST00271,POL00446,2021-11-22,676.77,Success
PAY002281,CUST00271,POL00446,2022-05-23,676.77,Success
PAY002282,CUST00272,POL00447,2025-03-22,1062.15,Refunded
PAY002283,CUST00272,POL00447,2025-09-20,1062.15,Success
PAY002284,CUST00272,POL00448,2024-06-29,28.56,Success
PAY002285,CUST00272,POL00448,2024-07-29,28.56,Pending
PAY002286,CUST00272,POL00448,2024-08-28,28.56,Refunded
PAY002287,CUST00272,POL00448,2024-09-27,28.56,Success
PAY002288,CUST00272,POL00448,2024-10-27,28.56,Success
PAY002289,CUST00272,POL00448,2024-11-26,28.56,Success
PAY002290,CUST00272,POL00448,2024-12-26,28.56,Success
PAY002291,CUST00272,POL00448,2025-01-25,28.56,Success
PAY002292,CUST00272,POL00448,2025-02-24,28.56,Success
PAY002293,CUST00272,POL00448,2025-03-26,28.56,Refunded
PAY002294,CUST00272,POL00448,2025-04-25,28.56,Success
PAY002295,CUST00272,POL00448,2025-05-25,28.56,Success
PAY002296,CUST00273,POL00449,2024-11-30,121.83,Success
PAY002297,CUST00273,POL00449,2024-12-30,121.83,Success
PAY002298,CUST00273,POL00449,2025-01-29,121.83,Success
PAY002299,CUST00273,POL00449,2025-02-28,121.83,Success
PAY002300,CUST00273,POL00449,2025-03-30,121.83,Success
PAY002301,CUST00273,POL00449,2025-04-29,121.83,Success
PAY002302,CUST00273,POL00449,2025-05-29,121.83,Failed
PAY002303,CUST00273,POL00449,2025-06-28,121.83,Success
PAY002304,CUST00273,POL00449,2025-07-28,121.83,Success
PAY002305,CUST00273,POL00449,2025-08-27,121.83,Success
PAY002306,CUST00273,POL00449,2025-09-26,121.83,Success
PAY002307,CUST00273,POL00449,2025-10-26,121.83,Success
PAY002308,CUST00273,POL00450,2024-05-21,1556.62,Pending
PAY002309,CUST00273,POL00451,2020-09-16,2735.43,Success
PAY002310,CUST00273,POL00451,2021-03-17,2735.43,Success
PAY002311,CUST00274,POL00452,2023-07-04,693.71,Success
PAY002312,CUST00274,POL00452,2023-10-03,693.71,Success
PAY002313,CUST00274,POL00452,2024-01-02,693.71,Success
PAY002314,CUST00274,POL00452,2024-04-02,693.71,Success
PAY002315,CUST00275,POL00453,2023-02-25,499.27,Success
PAY002316,CUST00275,POL00453,2023-05-27,499.27,Success
PAY002317,CUST00275,POL00453,2023-08-26,499.27,Success
PAY002318,CUST00275,POL00453,2023-11-25,499.27,Success
PAY002319,CUST00275,POL00454,2018-05-11,102.32,Success
PAY002320,CUST00275,POL00454,2018-06-10,102.32,Success
PAY002321,CUST00275,POL00454,2018-07-10,102.32,Success
PAY002322,CUST00275,POL00454,2018-08-09,102.32,Success
PAY002323,CUST00275,POL00454,2018-09-08,102.32,Pending
PAY002324,CUST00275,POL00454,2018-10-08,102.32,Success
PAY002325,CUST00275,POL00454,2018-11-07,102.32,Success
PAY002326,CUST00275,POL00454,2018-12-07,102.32,Success
PAY002327,CUST00275,POL00454,2019-01-06,102.32,Success
PAY002328,CUST00275,POL00454,2019-02-05,102.32,Success
PAY002329,CUST00275,POL00454,2019-03-07,102.32,Success
PAY002330,CUST00275,POL00454,2019-04-06,102.32,Success
PAY002331,CUST00275,POL00455,2019-09-13,279.55,Success
PAY002332,CUST00275,POL00455,2020-03-13,279.55,Success
PAY002333,CUST00276,POL00456,2024-05-05,225.37,Success
PAY002334,CUST00276,POL00457,2019-08-03,1708.66,Failed
PAY002335,CUST00276,POL00457,2020-02-01,1708.66,Success
PAY002336,CUST00276,POL00458,2019-10-26,480.44,Pending
PAY002337,CUST00276,POL00458,2020-01-25,480.44,Success
PAY002338,CUST00276,POL00458,2020-04-25,480.44,Success
PAY002339,CUST00276,POL00458,2020-07-25,480.44,Success
PAY002340,CUST00277,POL00459,2018-01-18,122.58,Success
PAY002341,CUST00277,POL00459,2018-07-19,122.58,Success
PAY002342,CUST00277,POL00460,2023-04-11,117.78,Success
PAY002343,CUST00277,POL00460,2023-05-11,117.78,Success
PAY002344,CUST00277,POL00460,2023-06-10,117.78,Success
PAY002345,CUST00277,POL00460,2023-07-10,117.78,Success
PAY002346,CUST00277,POL00460,2023-08-09,117.78,Success
PAY002347,CUST00277,POL00460,2023-09-08,117.78,Success
PAY002348,CUST00277,POL00460,2023-10-08,117.78,Success
PAY002349,CUST00277,POL00460,2023-11-07,117.78,Success
PAY002350,CUST00277,POL00460,2023-12-07,117.78,Success
PAY002351,CUST00277,POL00460,2024-01-06,117.78,Success
PAY002352,CUST00277,POL00460,2024-02-05,117.78,Success
PAY002353,CUST00277,POL00460,2024-03-06,117.78,Failed
PAY002354,CUST00278,POL00461,2022-03-18,255.84,Success
PAY002355,CUST00278,POL00461,2022-09-16,255.84,Success
PAY002356,CUST00279,POL00462,2019-10-28,943.99,Failed
PAY002357,CUST00279,POL00462,2020-01-27,943.99,Success
PAY002358,CUST00279,POL00462,2020-04-27,943.99,Success
PAY002359,CUST00279,POL00462,2020-07-27,943.99,Success
PAY002360,CUST00280,POL00463,2025-05-06,548.14,Success
PAY002361,CUST00280,POL00463,2025-08-05,548.14,Success
PAY002362,CUST00280,POL00463,2025-11-04,548.14,Success
PAY002363,CUST00280,POL00463,2026-02-03,548.14,Success
PAY002364,CUST00281,POL00464,2018-05-28,2161.62,Success
PAY002365,CUST00281,POL00465,2022-03-08,1232.21,Success
PAY002366,CUST00281,POL00465,2022-09-06,1232.21,Success
PAY002367,CUST00282,POL00466,2023-02-15,1383.71,Success
PAY002368,CUST00282,POL00466,2023-08-16,1383.71,Success
PAY002369,CUST00282,POL00467,2018-10-31,1433.87,Success
PAY002370,CUST00282,POL00467,2019-01-30,1433.87,Success
PAY002371,CUST00282,POL00467,2019-05-01,1433.87,Success
PAY002372,CUST00282,POL00467,2019-07-31,1433.87,Success
PAY002373,CUST00283,POL00468,2024-12-14,478.55,Success
PAY002374,CUST00283,POL00469,2022-09-07,307.23,Success
PAY002375,CUST00283,POL00469,2022-12-07,307.23,Success
PAY002376,CUST00283,POL00469,2023-03-08,307.23,Refunded
PAY002377,CUST00283,POL00469,2023-06-07,307.23,Success
PAY002378,CUST00284,POL00470,2021-05-15,1227.66,Failed
PAY002379,CUST00284,POL00470,2021-11-13,1227.66,Success
PAY002380,CUST00285,POL00471,2019-11-23,679.24,Success
PAY002381,CUST00285,POL00471,2020-02-22,679.24,Success
PAY002382,CUST00285,POL00471,2020-05-23,679.24,Success
PAY002383,CUST00285,POL00471,2020-08-22,679.24,Success
PAY002384,CUST00286,POL00472,2019-02-20,600.23,Success
PAY002385,CUST00286,POL00472,2019-05-22,600.23,Success
PAY002386,CUST00286,POL00472,2019-08-21,600.23,Failed
PAY002387,CUST00286,POL00472,2019-11-20,600.23,Success
PAY002388,CUST00286,POL00473,2020-09-10,1153.46,Success
PAY002389,CUST00286,POL00473,2021-03-11,1153.46,Success
PAY002390,CUST00287,POL00474,2020-02-04,594.63,Success
PAY002391,CUST00287,POL00474,2020-05-05,594.63,Success
PAY002392,CUST00287,POL00474,2020-08-04,594.63,Success
PAY002393,CUST00287,POL00474,2020-11-03,594.63,Success
PAY002394,CUST00288,POL00475,2018-04-25,1234.04,Success
PAY002395,CUST00288,POL00475,2018-07-25,1234.04,Success
PAY002396,CUST00288,POL00475,2018-10-24,1234.04,Success
PAY002397,CUST00288,POL00475,2019-01-23,1234.04,Success
PAY002398,CUST00288,POL00476,2021-01-03,362.48,Success
PAY002399,CUST00289,POL00477,2021-02-22,355.95,Success
PAY002400,CUST00289,POL00477,2021-05-24,355.95,Success
PAY002401,CUST00289,POL00477,2021-08-23,355.95,Success
PAY002402,CUST00289,POL00477,2021-11-22,355.95,Success
PAY002403,CUST00290,POL00478,2024-09-06,776.49,Success
PAY002404,CUST00290,POL00478,2024-12-06,776.49,Success
PAY002405,CUST00290,POL00478,2025-03-07,776.49,Success
PAY002406,CUST00290,POL00478,2025-06-06,776.49,Success
PAY002407,CUST00291,POL00479,2019-05-02,225.23,Success
PAY002408,CUST00291,POL00479,2019-10-31,225.23,Success
PAY002409,CUST00292,POL00480,2021-06-19,1546.46,Failed
PAY002410,CUST00293,POL00481,2021-12-30,95.78,Success
PAY002411,CUST00293,POL00481,2022-06-30,95.78,Refunded
PAY002412,CUST00294,POL00482,2020-12-29,496.32,Failed
PAY002413,CUST00294,POL00482,2021-03-30,496.32,Success
PAY002414,CUST00294,POL00482,2021-06-29,496.32,Success
PAY002415,CUST00294,POL00482,2021-09-28,496.32,Success
PAY002416,CUST00294,POL00483,2020-06-30,27.75,Success
PAY002417,CUST00294,POL00483,2020-07-30,27.75,Refunded
PAY002418,CUST00294,POL00483,2020-08-29,27.75,Success
PAY002419,CUST00294,POL00483,2020-09-28,27.75,Success
PAY002420,CUST00294,POL00483,2020-10-28,27.75,Success
PAY002421,CUST00294,POL00483,2020-11-27,27.75,Success
PAY002422,CUST00294,POL00483,2020-12-27,27.75,Success
PAY002423,CUST00294,POL00483,2021-01-26,27.75,Success
PAY002424,CUST00294,POL00483,2021-02-25,27.75,Success
PAY002425,CUST00294,POL00483,2021-03-27,27.75,Success
PAY002426,CUST00294,POL00483,2021-04-26,27.75,Pending
PAY002427,CUST00294,POL00483,2021-05-26,27.75,Success
PAY002428,CUST00294,POL00484,2025-01-21,212.73,Success
PAY002429,CUST00294,POL00484,2025-02-20,212.73,Success
PAY002430,CUST00294,POL00484,2025-03-22,212.73,Success
PAY002431,CUST00294,POL00484,2025-04-21,212.73,Success
PAY002432,CUST00294,POL00484,2025-05-21,212.73,Success
PAY002433,CUST00294,POL00484,2025-06-20,212.73,Success
PAY002434,CUST00294,POL00484,2025-07-20,212.73,Success
PAY002435,CUST00294,POL00484,2025-08-19,212.73,Success
PAY002436,CUST00294,POL00484,2025-09-18,212.73,Failed
PAY002437,CUST00294,POL00484,2025-10-18,212.73,Success
PAY002438,CUST00294,POL00484,2025-11-17,212.73,Success
PAY002439,CUST00294,POL00484,2025-12-17,212.73,Failed
PAY002440,CUST00295,POL00485,2021-06-20,1095.08,Success
PAY002441,CUST00295,POL00485,2021-12-19,1095.08,Success
PAY002442,CUST00295,POL00486,2023-12-08,80.03,Success
PAY002443,CUST00295,POL00486,2024-03-08,80.03,Success
PAY002444,CUST00295,POL00486,2024-06-07,80.03,Success
PAY002445,CUST00295,POL00486,2024-09-06,80.03,Success
PAY002446,CUST00295,POL00487,2025-03-26,1436.10,Success
PAY002447,CUST00296,POL00488,2025-03-06,173.19,Success
PAY002448,CUST00296,POL00488,2025-04-05,173.19,Success
PAY002449,CUST00296,POL00488,2025-05-05,173.19,Success
PAY002450,CUST00296,POL00488,2025-06-04,173.19,Success
PAY002451,CUST00296,POL00488,2025-07-04,173.19,Success
PAY002452,CUST00296,POL00488,2025-08-03,173.19,Success
PAY002453,CUST00296,POL00488,2025-09-02,173.19,Success
PAY002454,CUST00296,POL00488,2025-10-02,173.19,Success
PAY002455,CUST00296,POL00488,2025-11-01,173.19,Success
PAY002456,CUST00296,POL00488,2025-12-01,173.19,Success
PAY002457,CUST00296,POL00488,2025-12-31,173.19,Success
PAY002458,CUST00296,POL00488,2026-01-30,173.19,Success
PAY002459,CUST00297,POL00489,2020-07-17,908.73,Success
PAY002460,CUST00297,POL00489,2021-01-15,908.73,Success
PAY002461,CUST00298,POL00490,2019-10-11,16.24,Success
PAY002462,CUST00298,POL00490,2019-11-10,16.24,Refunded
PAY002463,CUST00298,POL00490,2019-12-10,16.24,Success
PAY002464,CUST00298,POL00490,2020-01-09,16.24,Success
PAY002465,CUST00298,POL00490,2020-02-08,16.24,Failed
PAY002466,CUST00298,POL00490,2020-03-09,16.24,Success
PAY002467,CUST00298,POL00490,2020-04-08,16.24,Success
PAY002468,CUST00298,POL00490,2020-05-08,16.24,Success
PAY002469,CUST00298,POL00490,2020-06-07,16.24,Success
PAY002470,CUST00298,POL00490,2020-07-07,16.24,Success
PAY002471,CUST00298,POL00490,2020-08-06,16.24,Success
PAY002472,CUST00298,POL00490,2020-09-05,16.24,Success
PAY002473,CUST00299,POL00491,2023-07-13,1214.45,Success
PAY002474,CUST00299,POL00491,2024-01-11,1214.45,Success
PAY002475,CUST00299,POL00492,2019-09-18,2114.11,Pending
PAY002476,CUST00300,POL00493,2021-12-19,86.61,Success
PAY002477,CUST00300,POL00493,2022-01-18,86.61,Failed
PAY002478,CUST00300,POL00493,2022-02-17,86.61,Success
PAY002479,CUST00300,POL00493,2022-03-19,86.61,Success
PAY002480,CUST00300,POL00493,2022-04-18,86.61,Success
PAY002481,CUST00300,POL00493,2022-05-18,86.61,Success
PAY002482,CUST00300,POL00493,2022-06-17,86.61,Success
PAY002483,CUST00300,POL00493,2022-07-17,86.61,Success
PAY002484,CUST00300,POL00493,2022-08-16,86.61,Success
PAY002485,CUST00300,POL00493,2022-09-15,86.61,Success
PAY002486,CUST00300,POL00493,2022-10-15,86.61,Success
PAY002487,CUST00300,POL00493,2022-11-14,86.61,Success
PAY002488,CUST00300,POL00494,2020-09-29,42.24,Success
PAY002489,CUST00300,POL00494,2020-10-29,42.24,Failed
PAY002490,CUST00300,POL00494,2020-11-28,42.24,Success
PAY002491,CUST00300,POL00494,2020-12-28,42.24,Success
PAY002492,CUST00300,POL00494,2021-01-27,42.24,Success
PAY002493,CUST00300,POL00494,2021-02-26,42.24,Success
PAY002494,CUST00300,POL00494,2021-03-28,42.24,Pending
PAY002495,CUST00300,POL00494,2021-04-27,42.24,Refunded
PAY002496,CUST00300,POL00494,2021-05-27,42.24,Success
PAY002497,CUST00300,POL00494,2021-06-26,42.24,Failed
PAY002498,CUST00300,POL00494,2021-07-26,42.24,Success
PAY002499,CUST00300,POL00494,2021-08-25,42.24,Success
PAY002500,CUST00301,POL00495,2025-04-29,81.93,Success
PAY002501,CUST00301,POL00495,2025-05-29,81.93,Success
PAY002502,CUST00301,POL00495,2025-06-28,81.93,Success
PAY002503,CUST00301,POL00495,2025-07-28,81.93,Success
PAY002504,CUST00301,POL00495,2025-08-27,81.93,Success
PAY002505,CUST00301,POL00495,2025-09-26,81.93,Success
PAY002506,CUST00301,POL00495,2025-10-26,81.93,Success
PAY002507,CUST00301,POL00495,2025-11-25,81.93,Success
PAY002508,CUST00301,POL00495,2025-12-25,81.93,Success
PAY002509,CUST00301,POL00495,2026-01-24,81.93,Success
PAY002510,CUST00301,POL00495,2026-02-23,81.93,Success
PAY002511,CUST00301,POL00495,2026-03-25,81.93,Success
PAY002512,CUST00302,POL00496,2022-05-01,1347.52,Refunded
PAY002513,CUST00303,POL00497,2024-05-08,248.48,Success
PAY002514,CUST00303,POL00497,2024-08-07,248.48,Success
PAY002515,CUST00303,POL00497,2024-11-06,248.48,Success
PAY002516,CUST00303,POL00497,2025-02-05,248.48,Success
PAY002517,CUST00304,POL00498,2019-07-16,856.52,Success
PAY002518,CUST00305,POL00499,2023-03-11,1445.87,Success
PAY002519,CUST00305,POL00499,2023-06-10,1445.87,Success
PAY002520,CUST00305,POL00499,2023-09-09,1445.87,Success
PAY002521,CUST00305,POL00499,2023-12-09,1445.87,Success
PAY002522,CUST00305,POL00500,2020-01-30,25.22,Success
PAY002523,CUST00305,POL00500,2020-02-29,25.22,Success
PAY002524,CUST00305,POL00500,2020-03-30,25.22,Failed
PAY002525,CUST00305,POL00500,2020-04-29,25.22,Success
PAY002526,CUST00305,POL00500,2020-05-29,25.22,Success
PAY002527,CUST00305,POL00500,2020-06-28,25.22,Success
PAY002528,CUST00305,POL00500,2020-07-28,25.22,Success
PAY002529,CUST00305,POL00500,2020-08-27,25.22,Success
PAY002530,CUST00305,POL00500,2020-09-26,25.22,Success
PAY002531,CUST00305,POL00500,2020-10-26,25.22,Success
PAY002532,CUST00305,POL00500,2020-11-25,25.22,Success
PAY002533,CUST00305,POL00500,2020-12-25,25.22,Success
PAY002534,CUST00306,POL00501,2020-04-11,2111.92,Success
PAY002535,CUST00306,POL00502,2019-10-12,87.94,Success
PAY002536,CUST00306,POL00502,2020-01-11,87.94,Success
PAY002537,CUST00306,POL00502,2020-04-11,87.94,Success
PAY002538,CUST00306,POL00502,2020-07-11,87.94,Success
PAY002539,CUST00307,POL00503,2022-09-20,111.23,Success
PAY002540,CUST00307,POL00503,2022-10-20,111.23,Success
PAY002541,CUST00307,POL00503,2022-11-19,111.23,Success
PAY002542,CUST00307,POL00503,2022-12-19,111.23,Success
PAY002543,CUST00307,POL00503,2023-01-18,111.23,Success
PAY002544,CUST00307,POL00503,2023-02-17,111.23,Success
PAY002545,CUST00307,POL00503,2023-03-19,111.23,Success
PAY002546,CUST00307,POL00503,2023-04-18,111.23,Success
PAY002547,CUST00307,POL00503,2023-05-18,111.23,Success
PAY002548,CUST00307,POL00503,2023-06-17,111.23,Success
PAY002549,CUST00307,POL00503,2023-07-17,111.23,Success
PAY002550,CUST00307,POL00503,2023-08-16,111.23,Success
PAY002551,CUST00308,POL00504,2022-10-14,350.72,Success
PAY002552,CUST00309,POL00505,2022-12-13,1859.30,Success
PAY002553,CUST00310,POL00506,2023-12-07,1109.31,Success
PAY002554,CUST00310,POL00506,2024-06-06,1109.31,Success
PAY002555,CUST00311,POL00507,2022-08-23,1958.18,Failed
PAY002556,CUST00311,POL00508,2019-05-12,131.30,Success
PAY002557,CUST00311,POL00508,2019-08-11,131.30,Success
PAY002558,CUST00311,POL00508,2019-11-10,131.30,Success
PAY002559,CUST00311,POL00508,2020-02-09,131.30,Success
PAY002560,CUST00312,POL00509,2023-11-24,177.10,Success
PAY002561,CUST00312,POL00509,2024-02-23,177.10,Success
PAY002562,CUST00312,POL00509,2024-05-24,177.10,Success
PAY002563,CUST00312,POL00509,2024-08-23,177.10,Success
PAY002564,CUST00313,POL00510,2020-10-17,52.02,Success
PAY002565,CUST00313,POL00510,2021-01-16,52.02,Success
PAY002566,CUST00313,POL00510,2021-04-17,52.02,Failed
PAY002567,CUST00313,POL00510,2021-07-17,52.02,Success
PAY002568,CUST00313,POL00511,2023-10-26,168.80,Success
PAY002569,CUST00313,POL00511,2023-11-25,168.80,Success
PAY002570,CUST00313,POL00511,2023-12-25,168.80,Success
PAY002571,CUST00313,POL00511,2024-01-24,168.80,Failed
PAY002572,CUST00313,POL00511,2024-02-23,168.80,Success
PAY002573,CUST00313,POL00511,2024-03-24,168.80,Success
PAY002574,CUST00313,POL00511,2024-04-23,168.80,Success
PAY002575,CUST00313,POL00511,2024-05-23,168.80,Success
PAY002576,CUST00313,POL00511,2024-06-22,168.80,Success
PAY002577,CUST00313,POL00511,2024-07-22,168.80,Success
PAY002578,CUST00313,POL00511,2024-08-21,168.80,Success
PAY002579,CUST00313,POL00511,2024-09-20,168.80,Failed
PAY002580,CUST00313,POL00512,2022-11-08,1086.70,Success
PAY002581,CUST00314,POL00513,2023-12-06,260.56,Pending
PAY002582,CUST00314,POL00513,2024-03-06,260.56,Failed
PAY002583,CUST00314,POL00513,2024-06-05,260.56,Success
PAY002584,CUST00314,POL00513,2024-09-04,260.56,Success
PAY002585,CUST00314,POL00514,2018-10-09,378.31,Success
PAY002586,CUST00314,POL00514,2018-11-08,378.31,Success
PAY002587,CUST00314,POL00514,2018-12-08,378.31,Success
PAY002588,CUST00314,POL00514,2019-01-07,378.31,Refunded
PAY002589,CUST00314,POL00514,2019-02-06,378.31,Success
PAY002590,CUST00314,POL00514,2019-03-08,378.31,Success
PAY002591,CUST00314,POL00514,2019-04-07,378.31,Success
PAY002592,CUST00314,POL00514,2019-05-07,378.31,Success
PAY002593,CUST00314,POL00514,2019-06-06,378.31,Success
PAY002594,CUST00314,POL00514,2019-07-06,378.31,Success
PAY002595,CUST00314,POL00514,2019-08-05,378.31,Success
PAY002596,CUST00314,POL00514,2019-09-04,378.31,Success
PAY002597,CUST00314,POL00515,2020-01-22,489.08,Success
PAY002598,CUST00314,POL00515,2020-07-22,489.08,Success
PAY002599,CUST00315,POL00516,2024-07-01,1550.99,Success
PAY002600,CUST00315,POL00516,2024-12-30,1550.99,Success
PAY002601,CUST00316,POL00517,2024-07-14,30.77,Success
PAY002602,CUST00316,POL00517,2024-08-13,30.77,Failed
PAY002603,CUST00316,POL00517,2024-09-12,30.77,Success
PAY002604,CUST00316,POL00517,2024-10-12,30.77,Success
PAY002605,CUST00316,POL00517,2024-11-11,30.77,Success
PAY002606,CUST00316,POL00517,2024-12-11,30.77,Success
PAY002607,CUST00316,POL00517,2025-01-10,30.77,Success
PAY002608,CUST00316,POL00517,2025-02-09,30.77,Success
PAY002609,CUST00316,POL00517,2025-03-11,30.77,Success
PAY002610,CUST00316,POL00517,2025-04-10,30.77,Success
PAY002611,CUST00316,POL00517,2025-05-10,30.77,Success
PAY002612,CUST00316,POL00517,2025-06-09,30.77,Failed
PAY002613,CUST00316,POL00518,2018-08-28,534.09,Success
PAY002614,CUST00316,POL00518,2018-11-27,534.09,Success
PAY002615,CUST00316,POL00518,2019-02-26,534.09,Success
PAY002616,CUST00316,POL00518,2019-05-28,534.09,Success
PAY002617,CUST00316,POL00519,2019-10-16,924.38,Success
PAY002618,CUST00316,POL00519,2020-04-15,924.38,Success
PAY002619,CUST00317,POL00520,2020-11-04,762.53,Success
PAY002620,CUST00318,POL00521,2018-08-21,211.66,Success
PAY002621,CUST00318,POL00521,2019-02-19,211.66,Failed
PAY002622,CUST00318,POL00522,2021-01-14,474.11,Success
PAY002623,CUST00318,POL00522,2021-04-15,474.11,Success
PAY002624,CUST00318,POL00522,2021-07-15,474.11,Refunded
PAY002625,CUST00318,POL00522,2021-10-14,474.11,Success
PAY002626,CUST00319,POL00523,2021-04-13,740.38,Success
PAY002627,CUST00320,POL00524,2020-12-02,444.91,Success
PAY002628,CUST00320,POL00524,2021-01-01,444.91,Success
PAY002629,CUST00320,POL00524,2021-01-31,444.91,Success
PAY002630,CUST00320,POL00524,2021-03-02,444.91,Success
PAY002631,CUST00320,POL00524,2021-04-01,444.91,Success
PAY002632,CUST00320,POL00524,2021-05-01,444.91,Success
PAY002633,CUST00320,POL00524,2021-05-31,444.91,Success
PAY002634,CUST00320,POL00524,2021-06-30,444.91,Success
PAY002635,CUST00320,POL00524,2021-07-30,444.91,Success
PAY002636,CUST00320,POL00524,2021-08-29,444.91,Success
PAY002637,CUST00320,POL00524,2021-09-28,444.91,Success
PAY002638,CUST00320,POL00524,2021-10-28,444.91,Success
PAY002639,CUST00320,POL00525,2025-08-07,2218.86,Success
PAY002640,CUST00321,POL00526,2023-09-09,419.96,Success
PAY002641,CUST00321,POL00526,2023-12-09,419.96,Success
PAY002642,CUST00321,POL00526,2024-03-09,419.96,Success
PAY002643,CUST00321,POL00526,2024-06-08,419.96,Success
PAY002644,CUST00322,POL00527,2021-11-20,1148.67,Success
PAY002645,CUST00322,POL00528,2025-01-21,120.50,Success
PAY002646,CUST00322,POL00528,2025-02-20,120.50,Success
PAY002647,CUST00322,POL00528,2025-03-22,120.50,Success
PAY002648,CUST00322,POL00528,2025-04-21,120.50,Success
PAY002649,CUST00322,POL00528,2025-05-21,120.50,Failed
PAY002650,CUST00322,POL00528,2025-06-20,120.50,Success
PAY002651,CUST00322,POL00528,2025-07-20,120.50,Success
PAY002652,CUST00322,POL00528,2025-08-19,120.50,Success
PAY002653,CUST00322,POL00528,2025-09-18,120.50,Success
PAY002654,CUST00322,POL00528,2025-10-18,120.50,Success
PAY002655,CUST00322,POL00528,2025-11-17,120.50,Success
PAY002656,CUST00322,POL00528,2025-12-17,120.50,Failed
PAY002657,CUST00322,POL00529,2019-12-20,973.28,Success
PAY002658,CUST00322,POL00529,2020-06-19,973.28,Success
PAY002659,CUST00323,POL00530,2020-02-27,371.77,Success
PAY002660,CUST00323,POL00530,2020-05-28,371.77,Success
PAY002661,CUST00323,POL00530,2020-08-27,371.77,Pending
PAY002662,CUST00323,POL00530,2020-11-26,371.77,Success
PAY002663,CUST00323,POL00531,2023-09-15,1299.89,Success
PAY002664,CUST00324,POL00532,2020-11-20,1035.98,Success
PAY002665,CUST00324,POL00533,2021-07-30,1604.07,Success
PAY002666,CUST00324,POL00533,2022-01-28,1604.07,Pending
PAY002667,CUST00324,POL00534,2019-10-08,142.00,Success
PAY002668,CUST00324,POL00534,2020-01-07,142.00,Failed
PAY002669,CUST00324,POL00534,2020-04-07,142.00,Success
PAY002670,CUST00324,POL00534,2020-07-07,142.00,Success
PAY002671,CUST00325,POL00535,2023-03-13,1013.67,Success
PAY002672,CUST00326,POL00536,2020-03-07,371.07,Success
PAY002673,CUST00326,POL00536,2020-06-06,371.07,Success
PAY002674,CUST00326,POL00536,2020-09-05,371.07,Success
PAY002675,CUST00326,POL00536,2020-12-05,371.07,Success
PAY002676,CUST00326,POL00537,2019-12-26,142.46,Success
PAY002677,CUST00326,POL00537,2020-03-26,142.46,Success
PAY002678,CUST00326,POL00537,2020-06-25,142.46,Success
PAY002679,CUST00326,POL00537,2020-09-24,142.46,Success
PAY002680,CUST00327,POL00538,2018-02-04,3870.11,Success
PAY002681,CUST00327,POL00539,2019-12-29,697.61,Success
PAY002682,CUST00327,POL00539,2020-06-28,697.61,Success
PAY002683,CUST00328,POL00540,2022-11-19,136.49,Success
PAY002684,CUST00328,POL00540,2023-02-18,136.49,Success
PAY002685,CUST00328,POL00540,2023-05-20,136.49,Success
PAY002686,CUST00328,POL00540,2023-08-19,136.49,Success
PAY002687,CUST00328,POL00541,2019-10-31,71.27,Success
PAY002688,CUST00328,POL00541,2019-11-30,71.27,Success
PAY002689,CUST00328,POL00541,2019-12-30,71.27,Success
PAY002690,CUST00328,POL00541,2020-01-29,71.27,Success
PAY002691,CUST00328,POL00541,2020-02-28,71.27,Success
PAY002692,CUST00328,POL00541,2020-03-29,71.27,Success
PAY002693,CUST00328,POL00541,2020-04-28,71.27,Success
PAY002694,CUST00328,POL00541,2020-05-28,71.27,Failed
PAY002695,CUST00328,POL00541,2020-06-27,71.27,Success
PAY002696,CUST00328,POL00541,2020-07-27,71.27,Refunded
PAY002697,CUST00328,POL00541,2020-08-26,71.27,Success
PAY002698,CUST00328,POL00541,2020-09-25,71.27,Success
PAY002699,CUST00328,POL00542,2024-11-24,106.46,Success
PAY002700,CUST00328,POL00542,2025-02-23,106.46,Success
PAY002701,CUST00328,POL00542,2025-05-25,106.46,Success
PAY002702,CUST00328,POL00542,2025-08-24,106.46,Success
PAY002703,CUST00329,POL00543,2022-11-05,197.50,Pending
PAY002704,CUST00329,POL00543,2022-12-05,197.50,Success
PAY002705,CUST00329,POL00543,2023-01-04,197.50,Failed
PAY002706,CUST00329,POL00543,2023-02-03,197.50,Success
PAY002707,CUST00329,POL00543,2023-03-05,197.50,Failed
PAY002708,CUST00329,POL00543,2023-04-04,197.50,Success
PAY002709,CUST00329,POL00543,2023-05-04,197.50,Success
PAY002710,CUST00329,POL00543,2023-06-03,197.50,Success
PAY002711,CUST00329,POL00543,2023-07-03,197.50,Pending
PAY002712,CUST00329,POL00543,2023-08-02,197.50,Success
PAY002713,CUST00329,POL00543,2023-09-01,197.50,Success
PAY002714,CUST00329,POL00543,2023-10-01,197.50,Success
PAY002715,CUST00330,POL00544,2025-01-31,69.78,Failed
PAY002716,CUST00330,POL00544,2025-03-02,69.78,Success
PAY002717,CUST00330,POL00544,2025-04-01,69.78,Success
PAY002718,CUST00330,POL00544,2025-05-01,69.78,Success
PAY002719,CUST00330,POL00544,2025-05-31,69.78,Success
PAY002720,CUST00330,POL00544,2025-06-30,69.78,Success
PAY002721,CUST00330,POL00544,2025-07-30,69.78,Failed
PAY002722,CUST00330,POL00544,2025-08-29,69.78,Success
PAY002723,CUST00330,POL00544,2025-09-28,69.78,Refunded
PAY002724,CUST00330,POL00544,2025-10-28,69.78,Success
PAY002725,CUST00330,POL00544,2025-11-27,69.78,Success
PAY002726,CUST00330,POL00544,2025-12-27,69.78,Pending
PAY002727,CUST00331,POL00545,2024-11-09,177.91,Success
PAY002728,CUST00331,POL00545,2025-05-10,177.91,Success
PAY002729,CUST00332,POL00546,2020-04-14,435.75,Success
PAY002730,CUST00332,POL00547,2023-02-07,1721.57,Success
PAY002731,CUST00332,POL00548,2019-02-11,792.37,Refunded
PAY002732,CUST00333,POL00549,2023-07-13,389.34,Refunded
PAY002733,CUST00333,POL00549,2023-08-12,389.34,Failed
PAY002734,CUST00333,POL00549,2023-09-11,389.34,Refunded
PAY002735,CUST00333,POL00549,2023-10-11,389.34,Pending
PAY002736,CUST00333,POL00549,2023-11-10,389.34,Success
PAY002737,CUST00333,POL00549,2023-12-10,389.34,Success
PAY002738,CUST00333,POL00549,2024-01-09,389.34,Pending
PAY002739,CUST00333,POL00549,2024-02-08,389.34,Success
PAY002740,CUST00333,POL00549,2024-03-09,389.34,Success
PAY002741,CUST00333,POL00549,2024-04-08,389.34,Success
PAY002742,CUST00333,POL00549,2024-05-08,389.34,Success
PAY002743,CUST00333,POL00549,2024-06-07,389.34,Success
PAY002744,CUST00333,POL00550,2020-10-10,357.29,Pending
PAY002745,CUST00334,POL00551,2025-05-30,206.62,Success
PAY002746,CUST00334,POL00551,2025-06-29,206.62,Success
PAY002747,CUST00334,POL00551,2025-07-29,206.62,Success
PAY002748,CUST00334,POL00551,2025-08-28,206.62,Success
PAY002749,CUST00334,POL00551,2025-09-27,206.62,Success
PAY002750,CUST00334,POL00551,2025-10-27,206.62,Success
PAY002751,CUST00334,POL00551,2025-11-26,206.62,Failed
PAY002752,CUST00334,POL00551,2025-12-26,206.62,Success
PAY002753,CUST00334,POL00551,2026-01-25,206.62,Success
PAY002754,CUST00334,POL00551,2026-02-24,206.62,Success
PAY002755,CUST00334,POL00551,2026-03-26,206.62,Success
PAY002756,CUST00334,POL00551,2026-04-25,206.62,Success
PAY002757,CUST00334,POL00552,2021-12-20,31.52,Success
PAY002758,CUST00334,POL00552,2022-01-19,31.52,Success
PAY002759,CUST00334,POL00552,2022-02-18,31.52,Success
PAY002760,CUST00334,POL00552,2022-03-20,31.52,Success
PAY002761,CUST00334,POL00552,2022-04-19,31.52,Pending
PAY002762,CUST00334,POL00552,2022-05-19,31.52,Success
PAY002763,CUST00334,POL00552,2022-06-18,31.52,Success
PAY002764,CUST00334,POL00552,2022-07-18,31.52,Success
PAY002765,CUST00334,POL00552,2022-08-17,31.52,Success
PAY002766,CUST00334,POL00552,2022-09-16,31.52,Success
PAY002767,CUST00334,POL00552,2022-10-16,31.52,Success
PAY002768,CUST00334,POL00552,2022-11-15,31.52,Success
PAY002769,CUST00335,POL00553,2019-07-14,870.22,Success
PAY002770,CUST00335,POL00553,2019-10-13,870.22,Success
PAY002771,CUST00335,POL00553,2020-01-12,870.22,Success
PAY002772,CUST00335,POL00553,2020-04-12,870.22,Success
PAY002773,CUST00335,POL00554,2023-06-08,804.82,Refunded
PAY002774,CUST00335,POL00554,2023-12-07,804.82,Success
PAY002775,CUST00336,POL00555,2019-04-06,25.38,Success
PAY002776,CUST00336,POL00555,2019-05-06,25.38,Success
PAY002777,CUST00336,POL00555,2019-06-05,25.38,Success
PAY002778,CUST00336,POL00555,2019-07-05,25.38,Success
PAY002779,CUST00336,POL00555,2019-08-04,25.38,Failed
PAY002780,CUST00336,POL00555,2019-09-03,25.38,Success
PAY002781,CUST00336,POL00555,2019-10-03,25.38,Success
PAY002782,CUST00336,POL00555,2019-11-02,25.38,Success
PAY002783,CUST00336,POL00555,2019-12-02,25.38,Success
PAY002784,CUST00336,POL00555,2020-01-01,25.38,Success
PAY002785,CUST00336,POL00555,2020-01-31,25.38,Success
PAY002786,CUST00336,POL00555,2020-03-01,25.38,Success
PAY002787,CUST00336,POL00556,2023-12-27,2043.14,Success
PAY002788,CUST00337,POL00557,2023-02-22,107.98,Success
PAY002789,CUST00337,POL00557,2023-03-24,107.98,Success
PAY002790,CUST00337,POL00557,2023-04-23,107.98,Success
PAY002791,CUST00337,POL00557,2023-05-23,107.98,Success
PAY002792,CUST00337,POL00557,2023-06-22,107.98,Success
PAY002793,CUST00337,POL00557,2023-07-22,107.98,Success
PAY002794,CUST00337,POL00557,2023-08-21,107.98,Success
PAY002795,CUST00337,POL00557,2023-09-20,107.98,Success
PAY002796,CUST00337,POL00557,2023-10-20,107.98,Success
PAY002797,CUST00337,POL00557,2023-11-19,107.98,Success
PAY002798,CUST00337,POL00557,2023-12-19,107.98,Success
PAY002799,CUST00337,POL00557,2024-01-18,107.98,Success
PAY002800,CUST00338,POL00558,2018-06-18,104.44,Success
PAY002801,CUST00338,POL00558,2018-09-17,104.44,Success
PAY002802,CUST00338,POL00558,2018-12-17,104.44,Success
PAY002803,CUST00338,POL00558,2019-03-18,104.44,Success
PAY002804,CUST00338,POL00559,2020-08-26,726.08,Success
PAY002805,CUST00338,POL00559,2020-11-25,726.08,Success
PAY002806,CUST00338,POL00559,2021-02-24,726.08,Success
PAY002807,CUST00338,POL00559,2021-05-26,726.08,Success
PAY002808,CUST00338,POL00560,2024-09-09,2430.13,Success
PAY002809,CUST00339,POL00561,2018-08-01,4337.41,Success
PAY002810,CUST00339,POL00562,2022-03-06,21.95,Success
PAY002811,CUST00339,POL00562,2022-04-05,21.95,Success
PAY002812,CUST00339,POL00562,2022-05-05,21.95,Success
PAY002813,CUST00339,POL00562,2022-06-04,21.95,Success
PAY002814,CUST00339,POL00562,2022-07-04,21.95,Refunded
PAY002815,CUST00339,POL00562,2022-08-03,21.95,Success
PAY002816,CUST00339,POL00562,2022-09-02,21.95,Success
PAY002817,CUST00339,POL00562,2022-10-02,21.95,Pending
PAY002818,CUST00339,POL00562,2022-11-01,21.95,Success
PAY002819,CUST00339,POL00562,2022-12-01,21.95,Success
PAY002820,CUST00339,POL00562,2022-12-31,21.95,Pending
PAY002821,CUST00339,POL00562,2023-01-30,21.95,Success
PAY002822,CUST00339,POL00563,2022-06-30,565.62,Success
PAY002823,CUST00339,POL00563,2022-12-29,565.62,Success
PAY002824,CUST00340,POL00564,2019-05-27,1166.19,Success
PAY002825,CUST00340,POL00565,2021-08-26,43.40,Success
PAY002826,CUST00340,POL00565,2021-09-25,43.40,Success
PAY002827,CUST00340,POL00565,2021-10-25,43.40,Success
PAY002828,CUST00340,POL00565,2021-11-24,43.40,Pending
PAY002829,CUST00340,POL00565,2021-12-24,43.40,Success
PAY002830,CUST00340,POL00565,2022-01-23,43.40,Success
PAY002831,CUST00340,POL00565,2022-02-22,43.40,Failed
PAY002832,CUST00340,POL00565,2022-03-24,43.40,Success
PAY002833,CUST00340,POL00565,2022-04-23,43.40,Success
PAY002834,CUST00340,POL00565,2022-05-23,43.40,Success
PAY002835,CUST00340,POL00565,2022-06-22,43.40,Success
PAY002836,CUST00340,POL00565,2022-07-22,43.40,Success
PAY002837,CUST00341,POL00566,2019-11-12,198.20,Success
PAY002838,CUST00341,POL00566,2019-12-12,198.20,Success
PAY002839,CUST00341,POL00566,2020-01-11,198.20,Success
PAY002840,CUST00341,POL00566,2020-02-10,198.20,Success
PAY002841,CUST00341,POL00566,2020-03-11,198.20,Success
PAY002842,CUST00341,POL00566,2020-04-10,198.20,Success
PAY002843,CUST00341,POL00566,2020-05-10,198.20,Success
PAY002844,CUST00341,POL00566,2020-06-09,198.20,Success
PAY002845,CUST00341,POL00566,2020-07-09,198.20,Success
PAY002846,CUST00341,POL00566,2020-08-08,198.20,Success
PAY002847,CUST00341,POL00566,2020-09-07,198.20,Success
PAY002848,CUST00341,POL00566,2020-10-07,198.20,Success
PAY002849,CUST00341,POL00567,2025-02-07,645.19,Success
PAY002850,CUST00341,POL00567,2025-08-08,645.19,Success
PAY002851,CUST00342,POL00568,2019-07-28,73.13,Success
PAY002852,CUST00342,POL00568,2019-08-27,73.13,Success
PAY002853,CUST00342,POL00568,2019-09-26,73.13,Success
PAY002854,CUST00342,POL00568,2019-10-26,73.13,Success
PAY002855,CUST00342,POL00568,2019-11-25,73.13,Success
PAY002856,CUST00342,POL00568,2019-12-25,73.13,Success
PAY002857,CUST00342,POL00568,2020-01-24,73.13,Success
PAY002858,CUST00342,POL00568,2020-02-23,73.13,Success
PAY002859,CUST00342,POL00568,2020-03-24,73.13,Success
PAY002860,CUST00342,POL00568,2020-04-23,73.13,Success
PAY002861,CUST00342,POL00568,2020-05-23,73.13,Success
PAY002862,CUST00342,POL00568,2020-06-22,73.13,Pending
PAY002863,CUST00342,POL00569,2024-09-20,223.09,Success
PAY002864,CUST00342,POL00569,2024-12-20,223.09,Success
PAY002865,CUST00342,POL00569,2025-03-21,223.09,Success
PAY002866,CUST00342,POL00569,2025-06-20,223.09,Success
PAY002867,CUST00343,POL00570,2019-05-03,283.79,Success
PAY002868,CUST00343,POL00570,2019-06-02,283.79,Success
PAY002869,CUST00343,POL00570,2019-07-02,283.79,Success
PAY002870,CUST00343,POL00570,2019-08-01,283.79,Success
PAY002871,CUST00343,POL00570,2019-08-31,283.79,Success
PAY002872,CUST00343,POL00570,2019-09-30,283.79,Success
PAY002873,CUST00343,POL00570,2019-10-30,283.79,Failed
PAY002874,CUST00343,POL00570,2019-11-29,283.79,Success
PAY002875,CUST00343,POL00570,2019-12-29,283.79,Pending
PAY002876,CUST00343,POL00570,2020-01-28,283.79,Success
PAY002877,CUST00343,POL00570,2020-02-27,283.79,Success
PAY002878,CUST00343,POL00570,2020-03-28,283.79,Success
PAY002879,CUST00344,POL00571,2020-06-10,219.97,Success
PAY002880,CUST00344,POL00571,2020-12-09,219.97,Success
PAY002881,CUST00345,POL00572,2018-10-07,43.52,Success
PAY002882,CUST00345,POL00572,2018-11-06,43.52,Success
PAY002883,CUST00345,POL00572,2018-12-06,43.52,Success
PAY002884,CUST00345,POL00572,2019-01-05,43.52,Success
PAY002885,CUST00345,POL00572,2019-02-04,43.52,Success
PAY002886,CUST00345,POL00572,2019-03-06,43.52,Success
PAY002887,CUST00345,POL00572,2019-04-05,43.52,Success
PAY002888,CUST00345,POL00572,2019-05-05,43.52,Success
PAY002889,CUST00345,POL00572,2019-06-04,43.52,Success
PAY002890,CUST00345,POL00572,2019-07-04,43.52,Success
PAY002891,CUST00345,POL00572,2019-08-03,43.52,Success
PAY002892,CUST00345,POL00572,2019-09-02,43.52,Success
PAY002893,CUST00346,POL00573,2021-09-03,633.47,Success
PAY002894,CUST00346,POL00573,2021-12-03,633.47,Success
PAY002895,CUST00346,POL00573,2022-03-04,633.47,Success
PAY002896,CUST00346,POL00573,2022-06-03,633.47,Success
PAY002897,CUST00347,POL00574,2019-10-28,2689.88,Success
PAY002898,CUST00347,POL00575,2021-10-30,16.71,Success
PAY002899,CUST00347,POL00575,2021-11-29,16.71,Success
PAY002900,CUST00347,POL00575,2021-12-29,16.71,Success
PAY002901,CUST00347,POL00575,2022-01-28,16.71,Success
PAY002902,CUST00347,POL00575,2022-02-27,16.71,Success
PAY002903,CUST00347,POL00575,2022-03-29,16.71,Success
PAY002904,CUST00347,POL00575,2022-04-28,16.71,Success
PAY002905,CUST00347,POL00575,2022-05-28,16.71,Success
PAY002906,CUST00347,POL00575,2022-06-27,16.71,Success
PAY002907,CUST00347,POL00575,2022-07-27,16.71,Success
PAY002908,CUST00347,POL00575,2022-08-26,16.71,Success
PAY002909,CUST00347,POL00575,2022-09-25,16.71,Success
PAY002910,CUST00348,POL00576,2018-12-15,939.12,Success
PAY002911,CUST00348,POL00577,2025-07-07,999.40,Success
PAY002912,CUST00348,POL00577,2026-01-05,999.40,Success
PAY002913,CUST00348,POL00578,2023-10-25,958.33,Success
PAY002914,CUST00348,POL00578,2024-04-24,958.33,Failed
PAY002915,CUST00349,POL00579,2020-02-08,148.84,Pending
PAY002916,CUST00349,POL00579,2020-08-08,148.84,Success
PAY002917,CUST00350,POL00580,2023-07-27,384.73,Success
PAY002918,CUST00350,POL00580,2023-10-26,384.73,Success
PAY002919,CUST00350,POL00580,2024-01-25,384.73,Success
PAY002920,CUST00350,POL00580,2024-04-25,384.73,Success
PAY002921,CUST00350,POL00581,2018-12-02,3786.10,Success
PAY002922,CUST00351,POL00582,2022-12-29,141.52,Success
PAY002923,CUST00351,POL00582,2023-03-30,141.52,Success
PAY002924,CUST00351,POL00582,2023-06-29,141.52,Success
PAY002925,CUST00351,POL00582,2023-09-28,141.52,Success
PAY002926,CUST00351,POL00583,2023-08-29,602.73,Success
PAY002927,CUST00351,POL00583,2023-11-28,602.73,Success
PAY002928,CUST00351,POL00583,2024-02-27,602.73,Success
PAY002929,CUST00351,POL00583,2024-05-28,602.73,Success
PAY002930,CUST00351,POL00584,2020-09-14,543.68,Success
PAY002931,CUST00352,POL00585,2024-01-01,545.69,Success
PAY002932,CUST00352,POL00586,2023-12-15,50.64,Failed
PAY002933,CUST00352,POL00586,2024-01-14,50.64,Success
PAY002934,CUST00352,POL00586,2024-02-13,50.64,Success
PAY002935,CUST00352,POL00586,2024-03-14,50.64,Failed
PAY002936,CUST00352,POL00586,2024-04-13,50.64,Success
PAY002937,CUST00352,POL00586,2024-05-13,50.64,Success
PAY002938,CUST00352,POL00586,2024-06-12,50.64,Success
PAY002939,CUST00352,POL00586,2024-07-12,50.64,Success
PAY002940,CUST00352,POL00586,2024-08-11,50.64,Pending
PAY002941,CUST00352,POL00586,2024-09-10,50.64,Success
PAY002942,CUST00352,POL00586,2024-10-10,50.64,Success
PAY002943,CUST00352,POL00586,2024-11-09,50.64,Success
PAY002944,CUST00353,POL00587,2025-01-10,1380.19,Success
PAY002945,CUST00354,POL00588,2024-05-15,1247.83,Success
PAY002946,CUST00354,POL00588,2024-11-13,1247.83,Success
PAY002947,CUST00354,POL00589,2020-01-15,498.71,Refunded
PAY002948,CUST00354,POL00589,2020-02-14,498.71,Success
PAY002949,CUST00354,POL00589,2020-03-15,498.71,Pending
PAY002950,CUST00354,POL00589,2020-04-14,498.71,Success
PAY002951,CUST00354,POL00589,2020-05-14,498.71,Success
PAY002952,CUST00354,POL00589,2020-06-13,498.71,Success
PAY002953,CUST00354,POL00589,2020-07-13,498.71,Success
PAY002954,CUST00354,POL00589,2020-08-12,498.71,Success
PAY002955,CUST00354,POL00589,2020-09-11,498.71,Success
PAY002956,CUST00354,POL00589,2020-10-11,498.71,Success
PAY002957,CUST00354,POL00589,2020-11-10,498.71,Success
PAY002958,CUST00354,POL00589,2020-12-10,498.71,Success
PAY002959,CUST00355,POL00590,2018-11-10,1450.68,Success
PAY002960,CUST00355,POL00590,2019-02-09,1450.68,Success
PAY002961,CUST00355,POL00590,2019-05-11,1450.68,Success
PAY002962,CUST00355,POL00590,2019-08-10,1450.68,Success
PAY002963,CUST00356,POL00591,2019-05-25,151.34,Success
PAY002964,CUST00356,POL00591,2019-11-23,151.34,Success
PAY002965,CUST00357,POL00592,2025-08-02,131.15,Success
PAY002966,CUST00357,POL00592,2025-09-01,131.15,Success
PAY002967,CUST00357,POL00592,2025-10-01,131.15,Success
PAY002968,CUST00357,POL00592,2025-10-31,131.15,Success
PAY002969,CUST00357,POL00592,2025-11-30,131.15,Success
PAY002970,CUST00357,POL00592,2025-12-30,131.15,Success
PAY002971,CUST00357,POL00592,2026-01-29,131.15,Success
PAY002972,CUST00357,POL00592,2026-02-28,131.15,Success
PAY002973,CUST00357,POL00592,2026-03-30,131.15,Success
PAY002974,CUST00357,POL00592,2026-04-29,131.15,Success
PAY002975,CUST00357,POL00592,2026-05-29,131.15,Success
PAY002976,CUST00357,POL00592,2026-06-28,131.15,Success
PAY002977,CUST00358,POL00593,2024-05-22,94.78,Success
PAY002978,CUST00358,POL00593,2024-08-21,94.78,Refunded
PAY002979,CUST00358,POL00593,2024-11-20,94.78,Success
PAY002980,CUST00358,POL00593,2025-02-19,94.78,Pending
PAY002981,CUST00358,POL00594,2021-09-08,873.75,Success
PAY002982,CUST00358,POL00594,2022-03-09,873.75,Success
PAY002983,CUST00359,POL00595,2021-01-14,404.00,Success
PAY002984,CUST00359,POL00595,2021-02-13,404.00,Success
PAY002985,CUST00359,POL00595,2021-03-15,404.00,Refunded
PAY002986,CUST00359,POL00595,2021-04-14,404.00,Success
PAY002987,CUST00359,POL00595,2021-05-14,404.00,Success
PAY002988,CUST00359,POL00595,2021-06-13,404.00,Success
PAY002989,CUST00359,POL00595,2021-07-13,404.00,Success
PAY002990,CUST00359,POL00595,2021-08-12,404.00,Success
PAY002991,CUST00359,POL00595,2021-09-11,404.00,Success
PAY002992,CUST00359,POL00595,2021-10-11,404.00,Success
PAY002993,CUST00359,POL00595,2021-11-10,404.00,Success
PAY002994,CUST00359,POL00595,2021-12-10,404.00,Success
PAY002995,CUST00360,POL00596,2021-03-09,2590.56,Success
PAY002996,CUST00360,POL00597,2018-04-05,2490.06,Success
PAY002997,CUST00360,POL00597,2018-10-04,2490.06,Success
PAY002998,CUST00361,POL00598,2023-01-19,76.24,Failed
PAY002999,CUST00361,POL00598,2023-02-18,76.24,Success
PAY003000,CUST00361,POL00598,2023-03-20,76.24,Success
PAY003001,CUST00361,POL00598,2023-04-19,76.24,Success
PAY003002,CUST00361,POL00598,2023-05-19,76.24,Success
PAY003003,CUST00361,POL00598,2023-06-18,76.24,Success
PAY003004,CUST00361,POL00598,2023-07-18,76.24,Success
PAY003005,CUST00361,POL00598,2023-08-17,76.24,Success
PAY003006,CUST00361,POL00598,2023-09-16,76.24,Success
PAY003007,CUST00361,POL00598,2023-10-16,76.24,Success
PAY003008,CUST00361,POL00598,2023-11-15,76.24,Success
PAY003009,CUST00361,POL00598,2023-12-15,76.24,Failed
PAY003010,CUST00362,POL00599,2024-12-20,1342.96,Failed
PAY003011,CUST00362,POL00600,2022-05-16,163.17,Success
PAY003012,CUST00362,POL00600,2022-06-15,163.17,Success
PAY003013,CUST00362,POL00600,2022-07-15,163.17,Success
PAY003014,CUST00362,POL00600,2022-08-14,163.17,Failed
PAY003015,CUST00362,POL00600,2022-09-13,163.17,Success
PAY003016,CUST00362,POL00600,2022-10-13,163.17,Success
PAY003017,CUST00362,POL00600,2022-11-12,163.17,Success
PAY003018,CUST00362,POL00600,2022-12-12,163.17,Success
PAY003019,CUST00362,POL00600,2023-01-11,163.17,Success
PAY003020,CUST00362,POL00600,2023-02-10,163.17,Success
PAY003021,CUST00362,POL00600,2023-03-12,163.17,Failed
PAY003022,CUST00362,POL00600,2023-04-11,163.17,Success
PAY003023,CUST00362,POL00601,2025-03-29,4184.91,Success
PAY003024,CUST00363,POL00602,2018-08-18,2501.82,Success
PAY003025,CUST00363,POL00602,2019-02-16,2501.82,Success
PAY003026,CUST00363,POL00603,2018-05-08,870.96,Success
PAY003027,CUST00363,POL00603,2018-11-06,870.96,Success
PAY003028,CUST00364,POL00604,2018-05-22,206.12,Success
PAY003029,CUST00364,POL00604,2018-08-21,206.12,Pending
PAY003030,CUST00364,POL00604,2018-11-20,206.12,Success
PAY003031,CUST00364,POL00604,2019-02-19,206.12,Success
PAY003032,CUST00365,POL00605,2021-02-18,136.03,Success
PAY003033,CUST00365,POL00605,2021-05-20,136.03,Failed
PAY003034,CUST00365,POL00605,2021-08-19,136.03,Success
PAY003035,CUST00365,POL00605,2021-11-18,136.03,Success
PAY003036,CUST00365,POL00606,2019-08-16,19.39,Success
PAY003037,CUST00365,POL00606,2019-09-15,19.39,Success
PAY003038,CUST00365,POL00606,2019-10-15,19.39,Failed
PAY003039,CUST00365,POL00606,2019-11-14,19.39,Success
PAY003040,CUST00365,POL00606,2019-12-14,19.39,Success
PAY003041,CUST00365,POL00606,2020-01-13,19.39,Success
PAY003042,CUST00365,POL00606,2020-02-12,19.39,Success
PAY003043,CUST00365,POL00606,2020-03-13,19.39,Success
PAY003044,CUST00365,POL00606,2020-04-12,19.39,Success
PAY003045,CUST00365,POL00606,2020-05-12,19.39,Success
PAY003046,CUST00365,POL00606,2020-06-11,19.39,Success
PAY003047,CUST00365,POL00606,2020-07-11,19.39,Success
PAY003048,CUST00366,POL00607,2024-07-17,1287.95,Success
PAY003049,CUST00366,POL00607,2025-01-15,1287.95,Success
PAY003050,CUST00366,POL00608,2019-06-19,284.04,Success
PAY003051,CUST00366,POL00608,2019-09-18,284.04,Refunded
PAY003052,CUST00366,POL00608,2019-12-18,284.04,Failed
PAY003053,CUST00366,POL00608,2020-03-18,284.04,Success
PAY003054,CUST00367,POL00609,2018-06-01,1446.10,Success
PAY003055,CUST00367,POL00609,2018-08-31,1446.10,Success
PAY003056,CUST00367,POL00609,2018-11-30,1446.10,Success
PAY003057,CUST00367,POL00609,2019-03-01,1446.10,Success
PAY003058,CUST00368,POL00610,2024-01-04,31.76,Success
PAY003059,CUST00368,POL00610,2024-02-03,31.76,Success
PAY003060,CUST00368,POL00610,2024-03-04,31.76,Success
PAY003061,CUST00368,POL00610,2024-04-03,31.76,Refunded
PAY003062,CUST00368,POL00610,2024-05-03,31.76,Success
PAY003063,CUST00368,POL00610,2024-06-02,31.76,Success
PAY003064,CUST00368,POL00610,2024-07-02,31.76,Success
PAY003065,CUST00368,POL00610,2024-08-01,31.76,Success
PAY003066,CUST00368,POL00610,2024-08-31,31.76,Success
PAY003067,CUST00368,POL00610,2024-09-30,31.76,Success
PAY003068,CUST00368,POL00610,2024-10-30,31.76,Success
PAY003069,CUST00368,POL00610,2024-11-29,31.76,Success
PAY003070,CUST00369,POL00611,2018-04-07,1746.17,Refunded
PAY003071,CUST00370,POL00612,2024-05-28,541.92,Success
PAY003072,CUST00370,POL00612,2024-08-27,541.92,Success
PAY003073,CUST00370,POL00612,2024-11-26,541.92,Success
PAY003074,CUST00370,POL00612,2025-02-25,541.92,Success
PAY003075,CUST00371,POL00613,2018-06-10,2424.02,Success
PAY003076,CUST00371,POL00614,2023-07-07,5417.52,Success
PAY003077,CUST00372,POL00615,2019-04-01,1233.78,Pending
PAY003078,CUST00372,POL00615,2019-07-01,1233.78,Success
PAY003079,CUST00372,POL00615,2019-09-30,1233.78,Success
PAY003080,CUST00372,POL00615,2019-12-30,1233.78,Pending
PAY003081,CUST00372,POL00616,2022-04-24,2106.66,Success
PAY003082,CUST00372,POL00617,2024-12-05,956.36,Success
PAY003083,CUST00372,POL00617,2025-06-05,956.36,Success
PAY003084,CUST00373,POL00618,2018-04-05,467.17,Success
PAY003085,CUST00373,POL00618,2018-07-05,467.17,Success
PAY003086,CUST00373,POL00618,2018-10-04,467.17,Success
PAY003087,CUST00373,POL00618,2019-01-03,467.17,Success
PAY003088,CUST00374,POL00619,2024-10-10,1025.40,Success
PAY003089,CUST00374,POL00620,2018-10-08,383.11,Success
PAY003090,CUST00374,POL00620,2019-04-08,383.11,Success
PAY003091,CUST00374,POL00621,2022-07-15,22.51,Success
PAY003092,CUST00374,POL00621,2022-08-14,22.51,Success
PAY003093,CUST00374,POL00621,2022-09-13,22.51,Success
PAY003094,CUST00374,POL00621,2022-10-13,22.51,Failed
PAY003095,CUST00374,POL00621,2022-11-12,22.51,Success
PAY003096,CUST00374,POL00621,2022-12-12,22.51,Refunded
PAY003097,CUST00374,POL00621,2023-01-11,22.51,Success
PAY003098,CUST00374,POL00621,2023-02-10,22.51,Success
PAY003099,CUST00374,POL00621,2023-03-12,22.51,Success
PAY003100,CUST00374,POL00621,2023-04-11,22.51,Success
PAY003101,CUST00374,POL00621,2023-05-11,22.51,Success
PAY003102,CUST00374,POL00621,2023-06-10,22.51,Success
PAY003103,CUST00375,POL00622,2025-04-27,169.29,Success
PAY003104,CUST00375,POL00622,2025-05-27,169.29,Success
PAY003105,CUST00375,POL00622,2025-06-26,169.29,Success
PAY003106,CUST00375,POL00622,2025-07-26,169.29,Success
PAY003107,CUST00375,POL00622,2025-08-25,169.29,Success
PAY003108,CUST00375,POL00622,2025-09-24,169.29,Success
PAY003109,CUST00375,POL00622,2025-10-24,169.29,Success
PAY003110,CUST00375,POL00622,2025-11-23,169.29,Failed
PAY003111,CUST00375,POL00622,2025-12-23,169.29,Success
PAY003112,CUST00375,POL00622,2026-01-22,169.29,Success
PAY003113,CUST00375,POL00622,2026-02-21,169.29,Success
PAY003114,CUST00375,POL00622,2026-03-23,169.29,Success
PAY003115,CUST00376,POL00623,2023-03-31,365.11,Failed
PAY003116,CUST00376,POL00623,2023-06-30,365.11,Success
PAY003117,CUST00376,POL00623,2023-09-29,365.11,Success
PAY003118,CUST00376,POL00623,2023-12-29,365.11,Success
PAY003119,CUST00377,POL00624,2021-09-21,125.96,Success
PAY003120,CUST00377,POL00624,2021-12-21,125.96,Success
PAY003121,CUST00377,POL00624,2022-03-22,125.96,Success
PAY003122,CUST00377,POL00624,2022-06-21,125.96,Success
PAY003123,CUST00377,POL00625,2018-05-10,1014.94,Success
PAY003124,CUST00377,POL00626,2019-12-21,958.51,Success
PAY003125,CUST00377,POL00626,2020-06-20,958.51,Success
PAY003126,CUST00378,POL00627,2022-11-18,2792.27,Success
PAY003127,CUST00378,POL00627,2023-05-19,2792.27,Success
PAY003128,CUST00379,POL00628,2025-02-09,729.84,Success
PAY003129,CUST00379,POL00628,2025-05-11,729.84,Success
PAY003130,CUST00379,POL00628,2025-08-10,729.84,Success
PAY003131,CUST00379,POL00628,2025-11-09,729.84,Refunded
PAY003132,CUST00380,POL00629,2021-12-03,624.54,Success
PAY003133,CUST00380,POL00629,2022-03-04,624.54,Success
PAY003134,CUST00380,POL00629,2022-06-03,624.54,Success
PAY003135,CUST00380,POL00629,2022-09-02,624.54,Success
PAY003136,CUST00380,POL00630,2023-01-30,1316.77,Success
PAY003137,CUST00380,POL00630,2023-07-31,1316.77,Success
PAY003138,CUST00381,POL00631,2024-02-14,217.38,Success
PAY003139,CUST00381,POL00631,2024-03-15,217.38,Pending
PAY003140,CUST00381,POL00631,2024-04-14,217.38,Success
PAY003141,CUST00381,POL00631,2024-05-14,217.38,Success
PAY003142,CUST00381,POL00631,2024-06-13,217.38,Success
PAY003143,CUST00381,POL00631,2024-07-13,217.38,Success
PAY003144,CUST00381,POL00631,2024-08-12,217.38,Success
PAY003145,CUST00381,POL00631,2024-09-11,217.38,Success
PAY003146,CUST00381,POL00631,2024-10-11,217.38,Success
PAY003147,CUST00381,POL00631,2024-11-10,217.38,Success
PAY003148,CUST00381,POL00631,2024-12-10,217.38,Pending
PAY003149,CUST00381,POL00631,2025-01-09,217.38,Pending
PAY003150,CUST00381,POL00632,2019-03-22,103.25,Success
PAY003151,CUST00381,POL00632,2019-09-20,103.25,Success
PAY003152,CUST00382,POL00633,2019-03-29,482.21,Pending
PAY003153,CUST00382,POL00634,2021-02-06,811.06,Failed
PAY003154,CUST00383,POL00635,2020-07-12,1400.97,Success
PAY003155,CUST00384,POL00636,2021-11-23,155.82,Success
PAY003156,CUST00384,POL00636,2021-12-23,155.82,Success
PAY003157,CUST00384,POL00636,2022-01-22,155.82,Success
PAY003158,CUST00384,POL00636,2022-02-21,155.82,Success
PAY003159,CUST00384,POL00636,2022-03-23,155.82,Success
PAY003160,CUST00384,POL00636,2022-04-22,155.82,Success
PAY003161,CUST00384,POL00636,2022-05-22,155.82,Success
PAY003162,CUST00384,POL00636,2022-06-21,155.82,Success
PAY003163,CUST00384,POL00636,2022-07-21,155.82,Success
PAY003164,CUST00384,POL00636,2022-08-20,155.82,Success
PAY003165,CUST00384,POL00636,2022-09-19,155.82,Success
PAY003166,CUST00384,POL00636,2022-10-19,155.82,Success
PAY003167,CUST00385,POL00637,2018-07-28,429.52,Failed
PAY003168,CUST00385,POL00637,2018-08-27,429.52,Success
PAY003169,CUST00385,POL00637,2018-09-26,429.52,Success
PAY003170,CUST00385,POL00637,2018-10-26,429.52,Success
PAY003171,CUST00385,POL00637,2018-11-25,429.52,Success
PAY003172,CUST00385,POL00637,2018-12-25,429.52,Success
PAY003173,CUST00385,POL00637,2019-01-24,429.52,Success
PAY003174,CUST00385,POL00637,2019-02-23,429.52,Success
PAY003175,CUST00385,POL00637,2019-03-25,429.52,Success
PAY003176,CUST00385,POL00637,2019-04-24,429.52,Success
PAY003177,CUST00385,POL00637,2019-05-24,429.52,Success
PAY003178,CUST00385,POL00637,2019-06-23,429.52,Success
PAY003179,CUST00386,POL00638,2019-03-07,646.84,Success
PAY003180,CUST00386,POL00638,2019-06-06,646.84,Success
PAY003181,CUST00386,POL00638,2019-09-05,646.84,Success
PAY003182,CUST00386,POL00638,2019-12-05,646.84,Success
PAY003183,CUST00387,POL00639,2023-07-27,121.79,Failed
PAY003184,CUST00387,POL00639,2023-08-26,121.79,Success
PAY003185,CUST00387,POL00639,2023-09-25,121.79,Success
PAY003186,CUST00387,POL00639,2023-10-25,121.79,Success
PAY003187,CUST00387,POL00639,2023-11-24,121.79,Success
PAY003188,CUST00387,POL00639,2023-12-24,121.79,Refunded
PAY003189,CUST00387,POL00639,2024-01-23,121.79,Success
PAY003190,CUST00387,POL00639,2024-02-22,121.79,Success
PAY003191,CUST00387,POL00639,2024-03-23,121.79,Success
PAY003192,CUST00387,POL00639,2024-04-22,121.79,Success
PAY003193,CUST00387,POL00639,2024-05-22,121.79,Refunded
PAY003194,CUST00387,POL00639,2024-06-21,121.79,Success
PAY003195,CUST00388,POL00640,2023-09-10,259.83,Success
PAY003196,CUST00388,POL00640,2024-03-10,259.83,Success
PAY003197,CUST00388,POL00641,2020-07-04,338.55,Success
PAY003198,CUST00388,POL00641,2020-10-03,338.55,Success
PAY003199,CUST00388,POL00641,2021-01-02,338.55,Success
PAY003200,CUST00388,POL00641,2021-04-03,338.55,Success
PAY003201,CUST00389,POL00642,2019-04-04,332.99,Success
PAY003202,CUST00389,POL00642,2019-10-03,332.99,Success
PAY003203,CUST00389,POL00643,2022-04-23,882.20,Success
PAY003204,CUST00389,POL00643,2022-07-23,882.20,Success
PAY003205,CUST00389,POL00643,2022-10-22,882.20,Success
PAY003206,CUST00389,POL00643,2023-01-21,882.20,Success
PAY003207,CUST00390,POL00644,2025-07-22,264.85,Success
PAY003208,CUST00390,POL00644,2025-10-21,264.85,Success
PAY003209,CUST00390,POL00644,2026-01-20,264.85,Success
PAY003210,CUST00390,POL00644,2026-04-21,264.85,Success
PAY003211,CUST00391,POL00645,2024-07-24,380.67,Success
PAY003212,CUST00391,POL00645,2024-10-23,380.67,Success
PAY003213,CUST00391,POL00645,2025-01-22,380.67,Success
PAY003214,CUST00391,POL00645,2025-04-23,380.67,Success
PAY003215,CUST00391,POL00646,2018-09-29,126.30,Success
PAY003216,CUST00391,POL00646,2018-10-29,126.30,Success
PAY003217,CUST00391,POL00646,2018-11-28,126.30,Success
PAY003218,CUST00391,POL00646,2018-12-28,126.30,Success
PAY003219,CUST00391,POL00646,2019-01-27,126.30,Success
PAY003220,CUST00391,POL00646,2019-02-26,126.30,Success
PAY003221,CUST00391,POL00646,2019-03-28,126.30,Success
PAY003222,CUST00391,POL00646,2019-04-27,126.30,Success
PAY003223,CUST00391,POL00646,2019-05-27,126.30,Success
PAY003224,CUST00391,POL00646,2019-06-26,126.30,Success
PAY003225,CUST00391,POL00646,2019-07-26,126.30,Failed
PAY003226,CUST00391,POL00646,2019-08-25,126.30,Success
PAY003227,CUST00391,POL00647,2022-07-24,61.98,Success
PAY003228,CUST00391,POL00647,2022-10-23,61.98,Success
PAY003229,CUST00391,POL00647,2023-01-22,61.98,Success
PAY003230,CUST00391,POL00647,2023-04-23,61.98,Success
PAY003231,CUST00392,POL00648,2019-04-06,1133.12,Success
PAY003232,CUST00393,POL00649,2021-07-19,242.16,Failed
PAY003233,CUST00393,POL00649,2022-01-17,242.16,Success
PAY003234,CUST00394,POL00650,2021-09-13,50.83,Success
PAY003235,CUST00394,POL00650,2021-12-13,50.83,Success
PAY003236,CUST00394,POL00650,2022-03-14,50.83,Success
PAY003237,CUST00394,POL00650,2022-06-13,50.83,Refunded
PAY003238,CUST00395,POL00651,2021-08-03,465.76,Success
PAY003239,CUST00395,POL00651,2021-09-02,465.76,Success
PAY003240,CUST00395,POL00651,2021-10-02,465.76,Success
PAY003241,CUST00395,POL00651,2021-11-01,465.76,Success
PAY003242,CUST00395,POL00651,2021-12-01,465.76,Success
PAY003243,CUST00395,POL00651,2021-12-31,465.76,Success
PAY003244,CUST00395,POL00651,2022-01-30,465.76,Success
PAY003245,CUST00395,POL00651,2022-03-01,465.76,Success
PAY003246,CUST00395,POL00651,2022-03-31,465.76,Success
PAY003247,CUST00395,POL00651,2022-04-30,465.76,Success
PAY003248,CUST00395,POL00651,2022-05-30,465.76,Success
PAY003249,CUST00395,POL00651,2022-06-29,465.76,Success
PAY003250,CUST00395,POL00652,2024-08-22,1777.14,Failed
PAY003251,CUST00396,POL00653,2021-04-25,592.89,Success
PAY003252,CUST00396,POL00653,2021-07-25,592.89,Success
PAY003253,CUST00396,POL00653,2021-10-24,592.89,Refunded
PAY003254,CUST00396,POL00653,2022-01-23,592.89,Success
PAY003255,CUST00397,POL00654,2022-01-21,497.96,Success
PAY003256,CUST00397,POL00654,2022-02-20,497.96,Success
PAY003257,CUST00397,POL00654,2022-03-22,497.96,Success
PAY003258,CUST00397,POL00654,2022-04-21,497.96,Success
PAY003259,CUST00397,POL00654,2022-05-21,497.96,Refunded
PAY003260,CUST00397,POL00654,2022-06-20,497.96,Success
PAY003261,CUST00397,POL00654,2022-07-20,497.96,Success
PAY003262,CUST00397,POL00654,2022-08-19,497.96,Success
PAY003263,CUST00397,POL00654,2022-09-18,497.96,Success
PAY003264,CUST00397,POL00654,2022-10-18,497.96,Success
PAY003265,CUST00397,POL00654,2022-11-17,497.96,Success
PAY003266,CUST00397,POL00654,2022-12-17,497.96,Success
PAY003267,CUST00397,POL00655,2018-03-07,166.63,Success
PAY003268,CUST00397,POL00655,2018-04-06,166.63,Success
PAY003269,CUST00397,POL00655,2018-05-06,166.63,Pending
PAY003270,CUST00397,POL00655,2018-06-05,166.63,Success
PAY003271,CUST00397,POL00655,2018-07-05,166.63,Success
PAY003272,CUST00397,POL00655,2018-08-04,166.63,Success
PAY003273,CUST00397,POL00655,2018-09-03,166.63,Refunded
PAY003274,CUST00397,POL00655,2018-10-03,166.63,Success
PAY003275,CUST00397,POL00655,2018-11-02,166.63,Success
PAY003276,CUST00397,POL00655,2018-12-02,166.63,Success
PAY003277,CUST00397,POL00655,2019-01-01,166.63,Success
PAY003278,CUST00397,POL00655,2019-01-31,166.63,Success
PAY003279,CUST00398,POL00656,2019-08-28,28.12,Success
PAY003280,CUST00398,POL00656,2019-09-27,28.12,Success
PAY003281,CUST00398,POL00656,2019-10-27,28.12,Success
PAY003282,CUST00398,POL00656,2019-11-26,28.12,Success
PAY003283,CUST00398,POL00656,2019-12-26,28.12,Success
PAY003284,CUST00398,POL00656,2020-01-25,28.12,Success
PAY003285,CUST00398,POL00656,2020-02-24,28.12,Success
PAY003286,CUST00398,POL00656,2020-03-25,28.12,Success
PAY003287,CUST00398,POL00656,2020-04-24,28.12,Success
PAY003288,CUST00398,POL00656,2020-05-24,28.12,Success
PAY003289,CUST00398,POL00656,2020-06-23,28.12,Success
PAY003290,CUST00398,POL00656,2020-07-23,28.12,Success
PAY003291,CUST00398,POL00657,2018-10-04,1405.02,Success
PAY003292,CUST00398,POL00657,2019-01-03,1405.02,Success
PAY003293,CUST00398,POL00657,2019-04-04,1405.02,Success
PAY003294,CUST00398,POL00657,2019-07-04,1405.02,Success
PAY003295,CUST00399,POL00658,2022-07-23,458.80,Pending
PAY003296,CUST00399,POL00658,2022-10-22,458.80,Success
PAY003297,CUST00399,POL00658,2023-01-21,458.80,Success
PAY003298,CUST00399,POL00658,2023-04-22,458.80,Refunded
PAY003299,CUST00400,POL00659,2023-04-27,44.52,Success
PAY003300,CUST00400,POL00659,2023-05-27,44.52,Success
PAY003301,CUST00400,POL00659,2023-06-26,44.52,Success
PAY003302,CUST00400,POL00659,2023-07-26,44.52,Success
PAY003303,CUST00400,POL00659,2023-08-25,44.52,Success
PAY003304,CUST00400,POL00659,2023-09-24,44.52,Success
PAY003305,CUST00400,POL00659,2023-10-24,44.52,Success
PAY003306,CUST00400,POL00659,2023-11-23,44.52,Success
PAY003307,CUST00400,POL00659,2023-12-23,44.52,Success
PAY003308,CUST00400,POL00659,2024-01-22,44.52,Success
PAY003309,CUST00400,POL00659,2024-02-21,44.52,Success
PAY003310,CUST00400,POL00659,2024-03-22,44.52,Success
PAY003311,CUST00400,POL00660,2023-01-19,900.23,Success
PAY003312,CUST00400,POL00660,2023-07-20,900.23,Pending
PAY003313,CUST00401,POL00661,2023-05-08,2398.99,Success
PAY003314,CUST00401,POL00662,2023-03-19,98.98,Success
PAY003315,CUST00401,POL00662,2023-09-17,98.98,Refunded
PAY003316,CUST00402,POL00663,2018-05-13,994.30,Success
PAY003317,CUST00402,POL00663,2018-08-12,994.30,Success
PAY003318,CUST00402,POL00663,2018-11-11,994.30,Success
PAY003319,CUST00402,POL00663,2019-02-10,994.30,Success
PAY003320,CUST00402,POL00664,2024-05-18,2992.52,Refunded
PAY003321,CUST00403,POL00665,2022-06-27,601.09,Success
PAY003322,CUST00403,POL00665,2022-12-26,601.09,Success
PAY003323,CUST00403,POL00666,2022-03-24,72.63,Success
PAY003324,CUST00403,POL00666,2022-04-23,72.63,Success
PAY003325,CUST00403,POL00666,2022-05-23,72.63,Success
PAY003326,CUST00403,POL00666,2022-06-22,72.63,Success
PAY003327,CUST00403,POL00666,2022-07-22,72.63,Success
PAY003328,CUST00403,POL00666,2022-08-21,72.63,Success
PAY003329,CUST00403,POL00666,2022-09-20,72.63,Success
PAY003330,CUST00403,POL00666,2022-10-20,72.63,Success
PAY003331,CUST00403,POL00666,2022-11-19,72.63,Success
PAY003332,CUST00403,POL00666,2022-12-19,72.63,Success
PAY003333,CUST00403,POL00666,2023-01-18,72.63,Success
PAY003334,CUST00403,POL00666,2023-02-17,72.63,Success
PAY003335,CUST00403,POL00667,2022-06-17,258.96,Success
PAY003336,CUST00403,POL00667,2022-12-16,258.96,Success
PAY003337,CUST00404,POL00668,2020-01-09,2573.39,Success
PAY003338,CUST00404,POL00668,2020-07-09,2573.39,Success
PAY003339,CUST00405,POL00669,2025-03-30,4293.70,Success
PAY003340,CUST00405,POL00670,2018-01-03,372.82,Success
PAY003341,CUST00406,POL00671,2018-07-10,23.72,Success
PAY003342,CUST00406,POL00671,2018-08-09,23.72,Success
PAY003343,CUST00406,POL00671,2018-09-08,23.72,Success
PAY003344,CUST00406,POL00671,2018-10-08,23.72,Success
PAY003345,CUST00406,POL00671,2018-11-07,23.72,Success
PAY003346,CUST00406,POL00671,2018-12-07,23.72,Success
PAY003347,CUST00406,POL00671,2019-01-06,23.72,Success
PAY003348,CUST00406,POL00671,2019-02-05,23.72,Success
PAY003349,CUST00406,POL00671,2019-03-07,23.72,Success
PAY003350,CUST00406,POL00671,2019-04-06,23.72,Refunded
PAY003351,CUST00406,POL00671,2019-05-06,23.72,Failed
PAY003352,CUST00406,POL00671,2019-06-05,23.72,Success
PAY003353,CUST00406,POL00672,2019-12-12,530.91,Success
PAY003354,CUST00406,POL00672,2020-06-11,530.91,Success
PAY003355,CUST00406,POL00673,2018-09-01,619.12,Success
PAY003356,CUST00406,POL00673,2018-12-01,619.12,Success
PAY003357,CUST00406,POL00673,2019-03-02,619.12,Success
PAY003358,CUST00406,POL00673,2019-06-01,619.12,Success
PAY003359,CUST00407,POL00674,2024-12-30,99.12,Success
PAY003360,CUST00407,POL00674,2025-01-29,99.12,Success
PAY003361,CUST00407,POL00674,2025-02-28,99.12,Success
PAY003362,CUST00407,POL00674,2025-03-30,99.12,Success
PAY003363,CUST00407,POL00674,2025-04-29,99.12,Success
PAY003364,CUST00407,POL00674,2025-05-29,99.12,Success
PAY003365,CUST00407,POL00674,2025-06-28,99.12,Success
PAY003366,CUST00407,POL00674,2025-07-28,99.12,Pending
PAY003367,CUST00407,POL00674,2025-08-27,99.12,Success
PAY003368,CUST00407,POL00674,2025-09-26,99.12,Success
PAY003369,CUST00407,POL00674,2025-10-26,99.12,Failed
PAY003370,CUST00407,POL00674,2025-11-25,99.12,Success
PAY003371,CUST00408,POL00675,2019-06-02,408.56,Success
PAY003372,CUST00408,POL00675,2019-12-01,408.56,Pending
PAY003373,CUST00408,POL00676,2019-04-28,209.23,Success
PAY003374,CUST00408,POL00676,2019-07-28,209.23,Success
PAY003375,CUST00408,POL00676,2019-10-27,209.23,Success
PAY003376,CUST00408,POL00676,2020-01-26,209.23,Success
PAY003377,CUST00409,POL00677,2023-01-10,87.71,Success
PAY003378,CUST00409,POL00677,2023-04-11,87.71,Success
PAY003379,CUST00409,POL00677,2023-07-11,87.71,Failed
PAY003380,CUST00409,POL00677,2023-10-10,87.71,Success
PAY003381,CUST00409,POL00678,2021-01-27,1101.34,Success
PAY003382,CUST00409,POL00678,2021-07-28,1101.34,Success
PAY003383,CUST00410,POL00679,2024-05-28,342.50,Failed
PAY003384,CUST00410,POL00679,2024-11-26,342.50,Success
PAY003385,CUST00410,POL00680,2021-12-23,102.96,Pending
PAY003386,CUST00410,POL00680,2022-03-24,102.96,Pending
PAY003387,CUST00410,POL00680,2022-06-23,102.96,Success
PAY003388,CUST00410,POL00680,2022-09-22,102.96,Failed
PAY003389,CUST00411,POL00681,2020-12-04,904.44,Success
PAY003390,CUST00412,POL00682,2024-08-16,371.69,Refunded
PAY003391,CUST00412,POL00683,2019-11-28,730.61,Success
PAY003392,CUST00412,POL00683,2020-05-28,730.61,Success
PAY003393,CUST00413,POL00684,2023-11-30,169.49,Success
PAY003394,CUST00413,POL00684,2024-02-29,169.49,Pending
PAY003395,CUST00413,POL00684,2024-05-30,169.49,Success
PAY003396,CUST00413,POL00684,2024-08-29,169.49,Success
PAY003397,CUST00413,POL00685,2023-05-30,269.01,Success
PAY003398,CUST00413,POL00685,2023-11-28,269.01,Success
PAY003399,CUST00413,POL00686,2019-12-09,173.34,Success
PAY003400,CUST00413,POL00686,2020-01-08,173.34,Success
PAY003401,CUST00413,POL00686,2020-02-07,173.34,Success
PAY003402,CUST00413,POL00686,2020-03-08,173.34,Failed
PAY003403,CUST00413,POL00686,2020-04-07,173.34,Refunded
PAY003404,CUST00413,POL00686,2020-05-07,173.34,Success
PAY003405,CUST00413,POL00686,2020-06-06,173.34,Success
PAY003406,CUST00413,POL00686,2020-07-06,173.34,Pending
PAY003407,CUST00413,POL00686,2020-08-05,173.34,Success
PAY003408,CUST00413,POL00686,2020-09-04,173.34,Success
PAY003409,CUST00413,POL00686,2020-10-04,173.34,Success
PAY003410,CUST00413,POL00686,2020-11-03,173.34,Success
PAY003411,CUST00414,POL00687,2020-10-28,130.28,Success
PAY003412,CUST00414,POL00687,2021-04-28,130.28,Failed
PAY003413,CUST00415,POL00688,2022-12-22,432.42,Success
PAY003414,CUST00415,POL00688,2023-01-21,432.42,Success
PAY003415,CUST00415,POL00688,2023-02-20,432.42,Success
PAY003416,CUST00415,POL00688,2023-03-22,432.42,Success
PAY003417,CUST00415,POL00688,2023-04-21,432.42,Failed
PAY003418,CUST00415,POL00688,2023-05-21,432.42,Success
PAY003419,CUST00415,POL00688,2023-06-20,432.42,Success
PAY003420,CUST00415,POL00688,2023-07-20,432.42,Pending
PAY003421,CUST00415,POL00688,2023-08-19,432.42,Success
PAY003422,CUST00415,POL00688,2023-09-18,432.42,Success
PAY003423,CUST00415,POL00688,2023-10-18,432.42,Failed
PAY003424,CUST00415,POL00688,2023-11-17,432.42,Success
PAY003425,CUST00415,POL00689,2025-04-04,577.92,Success
PAY003426,CUST00415,POL00689,2025-10-03,577.92,Success
PAY003427,CUST00416,POL00690,2024-08-21,272.05,Success
PAY003428,CUST00416,POL00690,2024-11-20,272.05,Success
PAY003429,CUST00416,POL00690,2025-02-19,272.05,Failed
PAY003430,CUST00416,POL00690,2025-05-21,272.05,Success
PAY003431,CUST00417,POL00691,2022-11-21,1103.66,Success
PAY003432,CUST00417,POL00692,2025-05-23,1340.82,Success
PAY003433,CUST00417,POL00692,2025-08-22,1340.82,Success
PAY003434,CUST00417,POL00692,2025-11-21,1340.82,Success
PAY003435,CUST00417,POL00692,2026-02-20,1340.82,Success
PAY003436,CUST00418,POL00693,2020-03-30,315.61,Success
PAY003437,CUST00418,POL00693,2020-06-29,315.61,Success
PAY003438,CUST00418,POL00693,2020-09-28,315.61,Success
PAY003439,CUST00418,POL00693,2020-12-28,315.61,Success
PAY003440,CUST00419,POL00694,2020-05-03,123.99,Success
PAY003441,CUST00419,POL00694,2020-06-02,123.99,Pending
PAY003442,CUST00419,POL00694,2020-07-02,123.99,Failed
PAY003443,CUST00419,POL00694,2020-08-01,123.99,Success
PAY003444,CUST00419,POL00694,2020-08-31,123.99,Success
PAY003445,CUST00419,POL00694,2020-09-30,123.99,Success
PAY003446,CUST00419,POL00694,2020-10-30,123.99,Success
PAY003447,CUST00419,POL00694,2020-11-29,123.99,Success
PAY003448,CUST00419,POL00694,2020-12-29,123.99,Success
PAY003449,CUST00419,POL00694,2021-01-28,123.99,Success
PAY003450,CUST00419,POL00694,2021-02-27,123.99,Success
PAY003451,CUST00419,POL00694,2021-03-29,123.99,Success
PAY003452,CUST00419,POL00695,2018-12-21,2273.60,Success
PAY003453,CUST00419,POL00695,2019-06-21,2273.60,Success
PAY003454,CUST00419,POL00696,2019-11-21,1037.53,Success
PAY003455,CUST00420,POL00697,2019-07-15,58.29,Success
PAY003456,CUST00420,POL00697,2019-08-14,58.29,Success
PAY003457,CUST00420,POL00697,2019-09-13,58.29,Success
PAY003458,CUST00420,POL00697,2019-10-13,58.29,Success
PAY003459,CUST00420,POL00697,2019-11-12,58.29,Success
PAY003460,CUST00420,POL00697,2019-12-12,58.29,Success
PAY003461,CUST00420,POL00697,2020-01-11,58.29,Success
PAY003462,CUST00420,POL00697,2020-02-10,58.29,Success
PAY003463,CUST00420,POL00697,2020-03-11,58.29,Success
PAY003464,CUST00420,POL00697,2020-04-10,58.29,Success
PAY003465,CUST00420,POL00697,2020-05-10,58.29,Success
PAY003466,CUST00420,POL00697,2020-06-09,58.29,Success
PAY003467,CUST00420,POL00698,2023-08-14,1243.00,Success
PAY003468,CUST00420,POL00698,2024-02-12,1243.00,Success
PAY003469,CUST00421,POL00699,2020-12-08,1585.36,Success
PAY003470,CUST00421,POL00699,2021-06-08,1585.36,Success
PAY003471,CUST00421,POL00700,2022-03-17,1376.02,Success
PAY003472,CUST00422,POL00701,2025-05-23,994.04,Success
PAY003473,CUST00422,POL00701,2025-11-21,994.04,Pending
PAY003474,CUST00422,POL00702,2018-02-15,324.93,Success
PAY003475,CUST00422,POL00702,2018-05-17,324.93,Success
PAY003476,CUST00422,POL00702,2018-08-16,324.93,Success
PAY003477,CUST00422,POL00702,2018-11-15,324.93,Success
PAY003478,CUST00423,POL00703,2022-12-25,1010.57,Success
PAY003479,CUST00423,POL00703,2023-06-25,1010.57,Success
PAY003480,CUST00424,POL00704,2020-01-22,1329.14,Success
PAY003481,CUST00424,POL00704,2020-07-22,1329.14,Success
PAY003482,CUST00424,POL00705,2021-09-11,336.62,Success
PAY003483,CUST00425,POL00706,2018-04-09,2625.22,Success
PAY003484,CUST00425,POL00706,2018-10-08,2625.22,Pending
PAY003485,CUST00426,POL00707,2024-02-11,814.51,Success
PAY003486,CUST00426,POL00707,2024-08-11,814.51,Success
PAY003487,CUST00427,POL00708,2024-07-09,101.25,Success
PAY003488,CUST00427,POL00708,2024-10-08,101.25,Success
PAY003489,CUST00427,POL00708,2025-01-07,101.25,Success
PAY003490,CUST00427,POL00708,2025-04-08,101.25,Success
PAY003491,CUST00428,POL00709,2019-01-06,2812.93,Success
PAY003492,CUST00428,POL00710,2025-06-16,2898.34,Success
PAY003493,CUST00428,POL00710,2025-12-15,2898.34,Success
PAY003494,CUST00429,POL00711,2022-04-08,180.84,Refunded
PAY003495,CUST00429,POL00711,2022-07-08,180.84,Success
PAY003496,CUST00429,POL00711,2022-10-07,180.84,Pending
PAY003497,CUST00429,POL00711,2023-01-06,180.84,Refunded
PAY003498,CUST00430,POL00712,2018-08-11,1054.23,Success
PAY003499,CUST00430,POL00712,2019-02-09,1054.23,Failed
PAY003500,CUST00430,POL00713,2021-01-15,356.25,Success
PAY003501,CUST00430,POL00713,2021-04-16,356.25,Success
PAY003502,CUST00430,POL00713,2021-07-16,356.25,Success
PAY003503,CUST00430,POL00713,2021-10-15,356.25,Success
PAY003504,CUST00431,POL00714,2021-09-07,139.75,Success
PAY003505,CUST00431,POL00714,2021-10-07,139.75,Pending
PAY003506,CUST00431,POL00714,2021-11-06,139.75,Success
PAY003507,CUST00431,POL00714,2021-12-06,139.75,Success
PAY003508,CUST00431,POL00714,2022-01-05,139.75,Success
PAY003509,CUST00431,POL00714,2022-02-04,139.75,Success
PAY003510,CUST00431,POL00714,2022-03-06,139.75,Success
PAY003511,CUST00431,POL00714,2022-04-05,139.75,Success
PAY003512,CUST00431,POL00714,2022-05-05,139.75,Success
PAY003513,CUST00431,POL00714,2022-06-04,139.75,Success
PAY003514,CUST00431,POL00714,2022-07-04,139.75,Failed
PAY003515,CUST00431,POL00714,2022-08-03,139.75,Success
PAY003516,CUST00431,POL00715,2025-01-20,456.60,Success
PAY003517,CUST00432,POL00716,2023-11-27,1085.72,Failed
PAY003518,CUST00432,POL00716,2024-05-27,1085.72,Success
PAY003519,CUST00433,POL00717,2024-01-21,1019.81,Success
PAY003520,CUST00433,POL00717,2024-04-21,1019.81,Success
PAY003521,CUST00433,POL00717,2024-07-21,1019.81,Success
PAY003522,CUST00433,POL00717,2024-10-20,1019.81,Success
PAY003523,CUST00434,POL00718,2020-09-10,308.04,Success
PAY003524,CUST00434,POL00718,2021-03-11,308.04,Success
PAY003525,CUST00435,POL00719,2021-09-30,675.03,Success
PAY003526,CUST00435,POL00719,2021-12-30,675.03,Success
PAY003527,CUST00435,POL00719,2022-03-31,675.03,Success
PAY003528,CUST00435,POL00719,2022-06-30,675.03,Success
PAY003529,CUST00435,POL00720,2020-05-30,197.11,Failed
PAY003530,CUST00435,POL00720,2020-06-29,197.11,Success
PAY003531,CUST00435,POL00720,2020-07-29,197.11,Success
PAY003532,CUST00435,POL00720,2020-08-28,197.11,Success
PAY003533,CUST00435,POL00720,2020-09-27,197.11,Success
PAY003534,CUST00435,POL00720,2020-10-27,197.11,Pending
PAY003535,CUST00435,POL00720,2020-11-26,197.11,Success
PAY003536,CUST00435,POL00720,2020-12-26,197.11,Success
PAY003537,CUST00435,POL00720,2021-01-25,197.11,Success
PAY003538,CUST00435,POL00720,2021-02-24,197.11,Success
PAY003539,CUST00435,POL00720,2021-03-26,197.11,Success
PAY003540,CUST00435,POL00720,2021-04-25,197.11,Success
PAY003541,CUST00436,POL00721,2022-03-24,200.69,Success
PAY003542,CUST00436,POL00721,2022-09-22,200.69,Success
PAY003543,CUST00436,POL00722,2023-08-16,2556.37,Success
PAY003544,CUST00436,POL00723,2024-02-18,388.48,Success
PAY003545,CUST00436,POL00723,2024-05-19,388.48,Success
PAY003546,CUST00436,POL00723,2024-08-18,388.48,Success
PAY003547,CUST00436,POL00723,2024-11-17,388.48,Refunded
PAY003548,CUST00437,POL00724,2022-07-10,213.48,Success
PAY003549,CUST00437,POL00724,2022-08-09,213.48,Success
PAY003550,CUST00437,POL00724,2022-09-08,213.48,Success
PAY003551,CUST00437,POL00724,2022-10-08,213.48,Failed
PAY003552,CUST00437,POL00724,2022-11-07,213.48,Success
PAY003553,CUST00437,POL00724,2022-12-07,213.48,Refunded
PAY003554,CUST00437,POL00724,2023-01-06,213.48,Failed
PAY003555,CUST00437,POL00724,2023-02-05,213.48,Failed
PAY003556,CUST00437,POL00724,2023-03-07,213.48,Success
PAY003557,CUST00437,POL00724,2023-04-06,213.48,Refunded
PAY003558,CUST00437,POL00724,2023-05-06,213.48,Success
PAY003559,CUST00437,POL00724,2023-06-05,213.48,Success
PAY003560,CUST00438,POL00725,2020-11-16,372.18,Pending
PAY003561,CUST00438,POL00725,2021-02-15,372.18,Success
PAY003562,CUST00438,POL00725,2021-05-17,372.18,Refunded
PAY003563,CUST00438,POL00725,2021-08-16,372.18,Success
PAY003564,CUST00439,POL00726,2022-03-25,596.39,Success
PAY003565,CUST00439,POL00726,2022-06-24,596.39,Success
PAY003566,CUST00439,POL00726,2022-09-23,596.39,Success
PAY003567,CUST00439,POL00726,2022-12-23,596.39,Success
PAY003568,CUST00440,POL00727,2023-07-23,629.66,Success
PAY003569,CUST00440,POL00727,2024-01-21,629.66,Success
PAY003570,CUST00440,POL00728,2020-10-08,104.94,Success
PAY003571,CUST00440,POL00728,2021-01-07,104.94,Success
PAY003572,CUST00440,POL00728,2021-04-08,104.94,Success
PAY003573,CUST00440,POL00728,2021-07-08,104.94,Refunded
PAY003574,CUST00441,POL00729,2019-08-25,1331.90,Success
PAY003575,CUST00441,POL00729,2020-02-23,1331.90,Pending
PAY003576,CUST00441,POL00730,2018-03-10,132.41,Success
PAY003577,CUST00441,POL00730,2018-06-09,132.41,Pending
PAY003578,CUST00441,POL00730,2018-09-08,132.41,Failed
PAY003579,CUST00441,POL00730,2018-12-08,132.41,Success
PAY003580,CUST00442,POL00731,2021-04-30,1463.55,Success
PAY003581,CUST00442,POL00731,2021-10-29,1463.55,Success
PAY003582,CUST00443,POL00732,2024-04-07,124.89,Success
PAY003583,CUST00443,POL00732,2024-07-07,124.89,Success
PAY003584,CUST00443,POL00732,2024-10-06,124.89,Failed
PAY003585,CUST00443,POL00732,2025-01-05,124.89,Pending
PAY003586,CUST00443,POL00733,2018-01-18,1681.48,Success
PAY003587,CUST00444,POL00734,2021-06-22,866.78,Success
PAY003588,CUST00444,POL00735,2018-08-01,320.59,Success
PAY003589,CUST00444,POL00735,2018-10-31,320.59,Success
PAY003590,CUST00444,POL00735,2019-01-30,320.59,Success
PAY003591,CUST00444,POL00735,2019-05-01,320.59,Success
PAY003592,CUST00445,POL00736,2024-08-16,239.65,Success
PAY003593,CUST00445,POL00736,2025-02-14,239.65,Failed
PAY003594,CUST00445,POL00737,2021-01-14,588.12,Success
PAY003595,CUST00445,POL00737,2021-07-15,588.12,Success
PAY003596,CUST00446,POL00738,2018-10-20,294.37,Success
PAY003597,CUST00446,POL00738,2019-04-20,294.37,Success
PAY003598,CUST00447,POL00739,2020-02-28,241.61,Failed
PAY003599,CUST00447,POL00739,2020-03-29,241.61,Success
PAY003600,CUST00447,POL00739,2020-04-28,241.61,Success
PAY003601,CUST00447,POL00739,2020-05-28,241.61,Success
PAY003602,CUST00447,POL00739,2020-06-27,241.61,Success
PAY003603,CUST00447,POL00739,2020-07-27,241.61,Success
PAY003604,CUST00447,POL00739,2020-08-26,241.61,Success
PAY003605,CUST00447,POL00739,2020-09-25,241.61,Success
PAY003606,CUST00447,POL00739,2020-10-25,241.61,Success
PAY003607,CUST00447,POL00739,2020-11-24,241.61,Success
PAY003608,CUST00447,POL00739,2020-12-24,241.61,Success
PAY003609,CUST00447,POL00739,2021-01-23,241.61,Success
PAY003610,CUST00448,POL00740,2022-05-27,92.84,Success
PAY003611,CUST00448,POL00740,2022-08-26,92.84,Success
PAY003612,CUST00448,POL00740,2022-11-25,92.84,Pending
PAY003613,CUST00448,POL00740,2023-02-24,92.84,Success
PAY003614,CUST00449,POL00741,2019-04-26,493.63,Success
PAY003615,CUST00449,POL00741,2019-07-26,493.63,Success
PAY003616,CUST00449,POL00741,2019-10-25,493.63,Success
PAY003617,CUST00449,POL00741,2020-01-24,493.63,Success
PAY003618,CUST00450,POL00742,2023-10-06,1023.80,Success
PAY003619,CUST00450,POL00742,2024-04-05,1023.80,Pending
PAY003620,CUST00450,POL00743,2024-10-26,2763.11,Success
PAY003621,CUST00451,POL00744,2020-12-15,1222.35,Success
PAY003622,CUST00451,POL00744,2021-03-16,1222.35,Success
PAY003623,CUST00451,POL00744,2021-06-15,1222.35,Success
PAY003624,CUST00451,POL00744,2021-09-14,1222.35,Success
PAY003625,CUST00451,POL00745,2018-06-18,372.47,Failed
PAY003626,CUST00451,POL00745,2018-09-17,372.47,Success
PAY003627,CUST00451,POL00745,2018-12-17,372.47,Success
PAY003628,CUST00451,POL00745,2019-03-18,372.47,Success
PAY003629,CUST00452,POL00746,2019-01-30,711.49,Success
PAY003630,CUST00452,POL00746,2019-05-01,711.49,Success
PAY003631,CUST00452,POL00746,2019-07-31,711.49,Success
PAY003632,CUST00452,POL00746,2019-10-30,711.49,Refunded
PAY003633,CUST00452,POL00747,2025-07-16,332.06,Success
PAY003634,CUST00452,POL00747,2026-01-14,332.06,Success
PAY003635,CUST00453,POL00748,2025-08-12,23.35,Failed
PAY003636,CUST00453,POL00748,2025-09-11,23.35,Success
PAY003637,CUST00453,POL00748,2025-10-11,23.35,Success
PAY003638,CUST00453,POL00748,2025-11-10,23.35,Pending
PAY003639,CUST00453,POL00748,2025-12-10,23.35,Success
PAY003640,CUST00453,POL00748,2026-01-09,23.35,Pending
PAY003641,CUST00453,POL00748,2026-02-08,23.35,Success
PAY003642,CUST00453,POL00748,2026-03-10,23.35,Success
PAY003643,CUST00453,POL00748,2026-04-09,23.35,Success
PAY003644,CUST00453,POL00748,2026-05-09,23.35,Success
PAY003645,CUST00453,POL00748,2026-06-08,23.35,Success
PAY003646,CUST00453,POL00748,2026-07-08,23.35,Success
PAY003647,CUST00454,POL00749,2019-06-26,1502.22,Success
PAY003648,CUST00454,POL00749,2019-12-25,1502.22,Success
PAY003649,CUST00454,POL00750,2022-03-12,95.66,Success
PAY003650,CUST00454,POL00750,2022-06-11,95.66,Refunded
PAY003651,CUST00454,POL00750,2022-09-10,95.66,Success
PAY003652,CUST00454,POL00750,2022-12-10,95.66,Success
PAY003653,CUST00455,POL00751,2019-06-14,423.31,Failed
PAY003654,CUST00455,POL00751,2019-09-13,423.31,Success
PAY003655,CUST00455,POL00751,2019-12-13,423.31,Success
PAY003656,CUST00455,POL00751,2020-03-13,423.31,Success
PAY003657,CUST00455,POL00752,2018-08-29,1550.37,Success
PAY003658,CUST00456,POL00753,2024-06-11,1072.26,Success
PAY003659,CUST00456,POL00753,2024-12-10,1072.26,Success
PAY003660,CUST00457,POL00754,2025-01-25,464.42,Success
PAY003661,CUST00457,POL00754,2025-07-26,464.42,Success
PAY003662,CUST00458,POL00755,2024-09-04,132.59,Success
PAY003663,CUST00458,POL00755,2024-12-04,132.59,Success
PAY003664,CUST00458,POL00755,2025-03-05,132.59,Success
PAY003665,CUST00458,POL00755,2025-06-04,132.59,Success
PAY003666,CUST00459,POL00756,2024-11-30,193.89,Success
PAY003667,CUST00459,POL00756,2024-12-30,193.89,Success
PAY003668,CUST00459,POL00756,2025-01-29,193.89,Success
PAY003669,CUST00459,POL00756,2025-02-28,193.89,Pending
PAY003670,CUST00459,POL00756,2025-03-30,193.89,Success
PAY003671,CUST00459,POL00756,2025-04-29,193.89,Success
PAY003672,CUST00459,POL00756,2025-05-29,193.89,Refunded
PAY003673,CUST00459,POL00756,2025-06-28,193.89,Success
PAY003674,CUST00459,POL00756,2025-07-28,193.89,Refunded
PAY003675,CUST00459,POL00756,2025-08-27,193.89,Success
PAY003676,CUST00459,POL00756,2025-09-26,193.89,Success
PAY003677,CUST00459,POL00756,2025-10-26,193.89,Success
PAY003678,CUST00460,POL00757,2022-09-23,89.35,Success
PAY003679,CUST00460,POL00757,2022-10-23,89.35,Success
PAY003680,CUST00460,POL00757,2022-11-22,89.35,Success
PAY003681,CUST00460,POL00757,2022-12-22,89.35,Success
PAY003682,CUST00460,POL00757,2023-01-21,89.35,Success
PAY003683,CUST00460,POL00757,2023-02-20,89.35,Success
PAY003684,CUST00460,POL00757,2023-03-22,89.35,Success
PAY003685,CUST00460,POL00757,2023-04-21,89.35,Success
PAY003686,CUST00460,POL00757,2023-05-21,89.35,Success
PAY003687,CUST00460,POL00757,2023-06-20,89.35,Success
PAY003688,CUST00460,POL00757,2023-07-20,89.35,Pending
PAY003689,CUST00460,POL00757,2023-08-19,89.35,Success
PAY003690,CUST00461,POL00758,2023-07-29,80.74,Refunded
PAY003691,CUST00461,POL00758,2023-08-28,80.74,Success
PAY003692,CUST00461,POL00758,2023-09-27,80.74,Success
PAY003693,CUST00461,POL00758,2023-10-27,80.74,Success
PAY003694,CUST00461,POL00758,2023-11-26,80.74,Success
PAY003695,CUST00461,POL00758,2023-12-26,80.74,Success
PAY003696,CUST00461,POL00758,2024-01-25,80.74,Success
PAY003697,CUST00461,POL00758,2024-02-24,80.74,Success
PAY003698,CUST00461,POL00758,2024-03-25,80.74,Refunded
PAY003699,CUST00461,POL00758,2024-04-24,80.74,Refunded
PAY003700,CUST00461,POL00758,2024-05-24,80.74,Success
PAY003701,CUST00461,POL00758,2024-06-23,80.74,Success
PAY003702,CUST00461,POL00759,2018-08-20,138.83,Success
PAY003703,CUST00461,POL00759,2018-09-19,138.83,Success
PAY003704,CUST00461,POL00759,2018-10-19,138.83,Success
PAY003705,CUST00461,POL00759,2018-11-18,138.83,Success
PAY003706,CUST00461,POL00759,2018-12-18,138.83,Success
PAY003707,CUST00461,POL00759,2019-01-17,138.83,Success
PAY003708,CUST00461,POL00759,2019-02-16,138.83,Success
PAY003709,CUST00461,POL00759,2019-03-18,138.83,Success
PAY003710,CUST00461,POL00759,2019-04-17,138.83,Success
PAY003711,CUST00461,POL00759,2019-05-17,138.83,Success
PAY003712,CUST00461,POL00759,2019-06-16,138.83,Success
PAY003713,CUST00461,POL00759,2019-07-16,138.83,Success
PAY003714,CUST00462,POL00760,2021-05-15,1445.33,Success
PAY003715,CUST00462,POL00761,2018-01-29,1182.93,Success
PAY003716,CUST00462,POL00761,2018-07-30,1182.93,Success
PAY003717,CUST00462,POL00762,2025-03-16,248.37,Pending
PAY003718,CUST00462,POL00762,2025-06-15,248.37,Success
PAY003719,CUST00462,POL00762,2025-09-14,248.37,Success
PAY003720,CUST00462,POL00762,2025-12-14,248.37,Success
PAY003721,CUST00463,POL00763,2022-07-17,129.01,Success
PAY003722,CUST00463,POL00763,2023-01-15,129.01,Pending
PAY003723,CUST00464,POL00764,2022-12-05,465.01,Success
PAY003724,CUST00464,POL00764,2023-03-06,465.01,Success
PAY003725,CUST00464,POL00764,2023-06-05,465.01,Success
PAY003726,CUST00464,POL00764,2023-09-04,465.01,Success
PAY003727,CUST00464,POL00765,2018-01-01,1053.36,Success
PAY003728,CUST00465,POL00766,2021-08-08,1376.04,Success
PAY003729,CUST00465,POL00766,2021-11-07,1376.04,Success
PAY003730,CUST00465,POL00766,2022-02-06,1376.04,Success
PAY003731,CUST00465,POL00766,2022-05-08,1376.04,Success
PAY003732,CUST00465,POL00767,2020-06-24,1165.36,Success
PAY003733,CUST00466,POL00768,2023-03-30,1171.17,Success
PAY003734,CUST00466,POL00768,2023-06-29,1171.17,Success
PAY003735,CUST00466,POL00768,2023-09-28,1171.17,Success
PAY003736,CUST00466,POL00768,2023-12-28,1171.17,Success
PAY003737,CUST00467,POL00769,2022-01-20,35.90,Success
PAY003738,CUST00467,POL00769,2022-02-19,35.90,Success
PAY003739,CUST00467,POL00769,2022-03-21,35.90,Refunded
PAY003740,CUST00467,POL00769,2022-04-20,35.90,Success
PAY003741,CUST00467,POL00769,2022-05-20,35.90,Success
PAY003742,CUST00467,POL00769,2022-06-19,35.90,Success
PAY003743,CUST00467,POL00769,2022-07-19,35.90,Success
PAY003744,CUST00467,POL00769,2022-08-18,35.90,Success
PAY003745,CUST00467,POL00769,2022-09-17,35.90,Success
PAY003746,CUST00467,POL00769,2022-10-17,35.90,Success
PAY003747,CUST00467,POL00769,2022-11-16,35.90,Success
PAY003748,CUST00467,POL00769,2022-12-16,35.90,Success
PAY003749,CUST00468,POL00770,2023-07-25,216.65,Pending
PAY003750,CUST00468,POL00770,2024-01-23,216.65,Success
PAY003751,CUST00468,POL00771,2019-10-17,594.13,Success
PAY003752,CUST00468,POL00771,2020-04-16,594.13,Success
PAY003753,CUST00469,POL00772,2021-03-04,100.51,Success
PAY003754,CUST00469,POL00772,2021-04-03,100.51,Refunded
PAY003755,CUST00469,POL00772,2021-05-03,100.51,Success
PAY003756,CUST00469,POL00772,2021-06-02,100.51,Success
PAY003757,CUST00469,POL00772,2021-07-02,100.51,Success
PAY003758,CUST00469,POL00772,2021-08-01,100.51,Success
PAY003759,CUST00469,POL00772,2021-08-31,100.51,Success
PAY003760,CUST00469,POL00772,2021-09-30,100.51,Success
PAY003761,CUST00469,POL00772,2021-10-30,100.51,Success
PAY003762,CUST00469,POL00772,2021-11-29,100.51,Success
PAY003763,CUST00469,POL00772,2021-12-29,100.51,Success
PAY003764,CUST00469,POL00772,2022-01-28,100.51,Success
PAY003765,CUST00470,POL00773,2020-11-21,375.64,Success
PAY003766,CUST00470,POL00774,2022-09-04,77.82,Refunded
PAY003767,CUST00470,POL00774,2022-10-04,77.82,Success
PAY003768,CUST00470,POL00774,2022-11-03,77.82,Success
PAY003769,CUST00470,POL00774,2022-12-03,77.82,Success
PAY003770,CUST00470,POL00774,2023-01-02,77.82,Success
PAY003771,CUST00470,POL00774,2023-02-01,77.82,Pending
PAY003772,CUST00470,POL00774,2023-03-03,77.82,Success
PAY003773,CUST00470,POL00774,2023-04-02,77.82,Success
PAY003774,CUST00470,POL00774,2023-05-02,77.82,Success
PAY003775,CUST00470,POL00774,2023-06-01,77.82,Success
PAY003776,CUST00470,POL00774,2023-07-01,77.82,Success
PAY003777,CUST00470,POL00774,2023-07-31,77.82,Success
PAY003778,CUST00471,POL00775,2021-09-11,459.49,Success
PAY003779,CUST00471,POL00775,2022-03-12,459.49,Success
PAY003780,CUST00471,POL00776,2020-03-01,227.68,Success
PAY003781,CUST00472,POL00777,2023-08-15,98.93,Success
PAY003782,CUST00472,POL00777,2023-11-14,98.93,Success
PAY003783,CUST00472,POL00777,2024-02-13,98.93,Success
PAY003784,CUST00472,POL00777,2024-05-14,98.93,Pending
PAY003785,CUST00473,POL00778,2020-03-29,119.66,Success
PAY003786,CUST00473,POL00778,2020-04-28,119.66,Success
PAY003787,CUST00473,POL00778,2020-05-28,119.66,Success
PAY003788,CUST00473,POL00778,2020-06-27,119.66,Success
PAY003789,CUST00473,POL00778,2020-07-27,119.66,Success
PAY003790,CUST00473,POL00778,2020-08-26,119.66,Success
PAY003791,CUST00473,POL00778,2020-09-25,119.66,Success
PAY003792,CUST00473,POL00778,2020-10-25,119.66,Success
PAY003793,CUST00473,POL00778,2020-11-24,119.66,Success
PAY003794,CUST00473,POL00778,2020-12-24,119.66,Success
PAY003795,CUST00473,POL00778,2021-01-23,119.66,Pending
PAY003796,CUST00473,POL00778,2021-02-22,119.66,Success
PAY003797,CUST00474,POL00779,2024-05-12,214.70,Success
PAY003798,CUST00474,POL00779,2024-11-10,214.70,Success
PAY003799,CUST00474,POL00780,2019-07-31,316.30,Pending
PAY003800,CUST00475,POL00781,2021-09-04,506.58,Success
PAY003801,CUST00475,POL00781,2021-12-04,506.58,Success
PAY003802,CUST00475,POL00781,2022-03-05,506.58,Success
PAY003803,CUST00475,POL00781,2022-06-04,506.58,Success
PAY003804,CUST00475,POL00782,2023-12-15,456.84,Success
PAY003805,CUST00476,POL00783,2019-08-12,122.98,Pending
PAY003806,CUST00476,POL00783,2019-09-11,122.98,Success
PAY003807,CUST00476,POL00783,2019-10-11,122.98,Success
PAY003808,CUST00476,POL00783,2019-11-10,122.98,Success
PAY003809,CUST00476,POL00783,2019-12-10,122.98,Success
PAY003810,CUST00476,POL00783,2020-01-09,122.98,Success
PAY003811,CUST00476,POL00783,2020-02-08,122.98,Success
PAY003812,CUST00476,POL00783,2020-03-09,122.98,Success
PAY003813,CUST00476,POL00783,2020-04-08,122.98,Failed
PAY003814,CUST00476,POL00783,2020-05-08,122.98,Success
PAY003815,CUST00476,POL00783,2020-06-07,122.98,Success
PAY003816,CUST00476,POL00783,2020-07-07,122.98,Success
PAY003817,CUST00476,POL00784,2020-10-01,187.29,Success
PAY003818,CUST00476,POL00784,2020-12-31,187.29,Success
PAY003819,CUST00476,POL00784,2021-04-01,187.29,Success
PAY003820,CUST00476,POL00784,2021-07-01,187.29,Success
PAY003821,CUST00477,POL00785,2018-05-05,102.57,Success
PAY003822,CUST00477,POL00785,2018-08-04,102.57,Success
PAY003823,CUST00477,POL00785,2018-11-03,102.57,Success
PAY003824,CUST00477,POL00785,2019-02-02,102.57,Success
PAY003825,CUST00477,POL00786,2024-06-16,104.55,Success
PAY003826,CUST00477,POL00786,2024-07-16,104.55,Pending
PAY003827,CUST00477,POL00786,2024-08-15,104.55,Success
PAY003828,CUST00477,POL00786,2024-09-14,104.55,Success
PAY003829,CUST00477,POL00786,2024-10-14,104.55,Success
PAY003830,CUST00477,POL00786,2024-11-13,104.55,Success
PAY003831,CUST00477,POL00786,2024-12-13,104.55,Success
PAY003832,CUST00477,POL00786,2025-01-12,104.55,Success
PAY003833,CUST00477,POL00786,2025-02-11,104.55,Success
PAY003834,CUST00477,POL00786,2025-03-13,104.55,Success
PAY003835,CUST00477,POL00786,2025-04-12,104.55,Pending
PAY003836,CUST00477,POL00786,2025-05-12,104.55,Success
PAY003837,CUST00478,POL00787,2023-07-09,1372.48,Success
PAY003838,CUST00478,POL00787,2024-01-07,1372.48,Success
PAY003839,CUST00479,POL00788,2018-01-05,300.58,Success
PAY003840,CUST00479,POL00788,2018-04-06,300.58,Success
PAY003841,CUST00479,POL00788,2018-07-06,300.58,Success
PAY003842,CUST00479,POL00788,2018-10-05,300.58,Success
PAY003843,CUST00479,POL00789,2023-11-03,2626.52,Success
PAY003844,CUST00479,POL00789,2024-05-03,2626.52,Success
PAY003845,CUST00480,POL00790,2019-04-11,1923.19,Success
PAY003846,CUST00481,POL00791,2023-10-08,225.74,Success
PAY003847,CUST00481,POL00792,2021-02-20,1839.25,Success
PAY003848,CUST00481,POL00792,2021-08-21,1839.25,Success
PAY003849,CUST00482,POL00793,2023-12-10,621.87,Success
PAY003850,CUST00482,POL00793,2024-06-09,621.87,Success
PAY003851,CUST00482,POL00794,2022-09-18,308.86,Success
PAY003852,CUST00482,POL00794,2023-03-19,308.86,Success
PAY003853,CUST00482,POL00795,2024-06-05,130.19,Success
PAY003854,CUST00482,POL00795,2024-09-04,130.19,Success
PAY003855,CUST00482,POL00795,2024-12-04,130.19,Success
PAY003856,CUST00482,POL00795,2025-03-05,130.19,Success
PAY003857,CUST00483,POL00796,2020-11-28,225.55,Success
PAY003858,CUST00483,POL00796,2020-12-28,225.55,Success
PAY003859,CUST00483,POL00796,2021-01-27,225.55,Success
PAY003860,CUST00483,POL00796,2021-02-26,225.55,Success
PAY003861,CUST00483,POL00796,2021-03-28,225.55,Success
PAY003862,CUST00483,POL00796,2021-04-27,225.55,Success
PAY003863,CUST00483,POL00796,2021-05-27,225.55,Pending
PAY003864,CUST00483,POL00796,2021-06-26,225.55,Success
PAY003865,CUST00483,POL00796,2021-07-26,225.55,Refunded
PAY003866,CUST00483,POL00796,2021-08-25,225.55,Success
PAY003867,CUST00483,POL00796,2021-09-24,225.55,Success
PAY003868,CUST00483,POL00796,2021-10-24,225.55,Success
PAY003869,CUST00483,POL00797,2020-05-10,36.88,Success
PAY003870,CUST00483,POL00797,2020-06-09,36.88,Success
PAY003871,CUST00483,POL00797,2020-07-09,36.88,Pending
PAY003872,CUST00483,POL00797,2020-08-08,36.88,Success
PAY003873,CUST00483,POL00797,2020-09-07,36.88,Success
PAY003874,CUST00483,POL00797,2020-10-07,36.88,Success
PAY003875,CUST00483,POL00797,2020-11-06,36.88,Refunded
PAY003876,CUST00483,POL00797,2020-12-06,36.88,Failed
PAY003877,CUST00483,POL00797,2021-01-05,36.88,Success
PAY003878,CUST00483,POL00797,2021-02-04,36.88,Success
PAY003879,CUST00483,POL00797,2021-03-06,36.88,Success
PAY003880,CUST00483,POL00797,2021-04-05,36.88,Success
PAY003881,CUST00484,POL00798,2024-03-04,546.43,Success
PAY003882,CUST00484,POL00798,2024-09-02,546.43,Success
PAY003883,CUST00484,POL00799,2025-01-31,160.34,Success
PAY003884,CUST00484,POL00799,2025-03-02,160.34,Success
PAY003885,CUST00484,POL00799,2025-04-01,160.34,Success
PAY003886,CUST00484,POL00799,2025-05-01,160.34,Success
PAY003887,CUST00484,POL00799,2025-05-31,160.34,Success
PAY003888,CUST00484,POL00799,2025-06-30,160.34,Success
PAY003889,CUST00484,POL00799,2025-07-30,160.34,Success
PAY003890,CUST00484,POL00799,2025-08-29,160.34,Success
PAY003891,CUST00484,POL00799,2025-09-28,160.34,Success
PAY003892,CUST00484,POL00799,2025-10-28,160.34,Success
PAY003893,CUST00484,POL00799,2025-11-27,160.34,Success
PAY003894,CUST00484,POL00799,2025-12-27,160.34,Success
PAY003895,CUST00485,POL00800,2018-04-19,34.39,Success
PAY003896,CUST00485,POL00800,2018-05-19,34.39,Success
PAY003897,CUST00485,POL00800,2018-06-18,34.39,Success
PAY003898,CUST00485,POL00800,2018-07-18,34.39,Success
PAY003899,CUST00485,POL00800,2018-08-17,34.39,Success
PAY003900,CUST00485,POL00800,2018-09-16,34.39,Success
PAY003901,CUST00485,POL00800,2018-10-16,34.39,Success
PAY003902,CUST00485,POL00800,2018-11-15,34.39,Success
PAY003903,CUST00485,POL00800,2018-12-15,34.39,Success
PAY003904,CUST00485,POL00800,2019-01-14,34.39,Success
PAY003905,CUST00485,POL00800,2019-02-13,34.39,Success
PAY003906,CUST00485,POL00800,2019-03-15,34.39,Success
PAY003907,CUST00485,POL00801,2019-08-13,2744.32,Success
PAY003908,CUST00486,POL00802,2023-07-04,2479.05,Success
PAY003909,CUST00486,POL00802,2024-01-02,2479.05,Success
PAY003910,CUST00487,POL00803,2019-02-15,2117.10,Success
PAY003911,CUST00487,POL00804,2020-06-30,147.96,Failed
PAY003912,CUST00487,POL00804,2020-09-29,147.96,Pending
PAY003913,CUST00487,POL00804,2020-12-29,147.96,Success
PAY003914,CUST00487,POL00804,2021-03-30,147.96,Success
PAY003915,CUST00488,POL00805,2020-07-18,482.88,Success
PAY003916,CUST00488,POL00805,2020-10-17,482.88,Success
PAY003917,CUST00488,POL00805,2021-01-16,482.88,Success
PAY003918,CUST00488,POL00805,2021-04-17,482.88,Success
PAY003919,CUST00488,POL00806,2022-11-29,157.54,Success
PAY003920,CUST00488,POL00806,2022-12-29,157.54,Success
PAY003921,CUST00488,POL00806,2023-01-28,157.54,Success
PAY003922,CUST00488,POL00806,2023-02-27,157.54,Success
PAY003923,CUST00488,POL00806,2023-03-29,157.54,Pending
PAY003924,CUST00488,POL00806,2023-04-28,157.54,Success
PAY003925,CUST00488,POL00806,2023-05-28,157.54,Success
PAY003926,CUST00488,POL00806,2023-06-27,157.54,Success
PAY003927,CUST00488,POL00806,2023-07-27,157.54,Success
PAY003928,CUST00488,POL00806,2023-08-26,157.54,Success
PAY003929,CUST00488,POL00806,2023-09-25,157.54,Success
PAY003930,CUST00488,POL00806,2023-10-25,157.54,Success
PAY003931,CUST00489,POL00807,2018-04-12,545.92,Success
PAY003932,CUST00489,POL00807,2018-07-12,545.92,Success
PAY003933,CUST00489,POL00807,2018-10-11,545.92,Success
PAY003934,CUST00489,POL00807,2019-01-10,545.92,Success
PAY003935,CUST00490,POL00808,2024-07-13,1058.89,Success
PAY003936,CUST00490,POL00809,2018-06-04,1530.26,Success
PAY003937,CUST00491,POL00810,2025-01-11,341.89,Success
PAY003938,CUST00491,POL00810,2025-04-12,341.89,Pending
PAY003939,CUST00491,POL00810,2025-07-12,341.89,Success
PAY003940,CUST00491,POL00810,2025-10-11,341.89,Success
PAY003941,CUST00491,POL00811,2019-05-17,124.87,Success
PAY003942,CUST00491,POL00811,2019-06-16,124.87,Success
PAY003943,CUST00491,POL00811,2019-07-16,124.87,Success
PAY003944,CUST00491,POL00811,2019-08-15,124.87,Success
PAY003945,CUST00491,POL00811,2019-09-14,124.87,Success
PAY003946,CUST00491,POL00811,2019-10-14,124.87,Success
PAY003947,CUST00491,POL00811,2019-11-13,124.87,Success
PAY003948,CUST00491,POL00811,2019-12-13,124.87,Success
PAY003949,CUST00491,POL00811,2020-01-12,124.87,Success
PAY003950,CUST00491,POL00811,2020-02-11,124.87,Success
PAY003951,CUST00491,POL00811,2020-03-12,124.87,Failed
PAY003952,CUST00491,POL00811,2020-04-11,124.87,Success
PAY003953,CUST00492,POL00812,2019-11-10,68.81,Success
PAY003954,CUST00492,POL00812,2019-12-10,68.81,Pending
PAY003955,CUST00492,POL00812,2020-01-09,68.81,Failed
PAY003956,CUST00492,POL00812,2020-02-08,68.81,Failed
PAY003957,CUST00492,POL00812,2020-03-09,68.81,Success
PAY003958,CUST00492,POL00812,2020-04-08,68.81,Success
PAY003959,CUST00492,POL00812,2020-05-08,68.81,Success
PAY003960,CUST00492,POL00812,2020-06-07,68.81,Success
PAY003961,CUST00492,POL00812,2020-07-07,68.81,Success
PAY003962,CUST00492,POL00812,2020-08-06,68.81,Failed
PAY003963,CUST00492,POL00812,2020-09-05,68.81,Pending
PAY003964,CUST00492,POL00812,2020-10-05,68.81,Success
PAY003965,CUST00493,POL00813,2024-08-16,155.93,Success
PAY003966,CUST00493,POL00813,2024-09-15,155.93,Success
PAY003967,CUST00493,POL00813,2024-10-15,155.93,Success
PAY003968,CUST00493,POL00813,2024-11-14,155.93,Success
PAY003969,CUST00493,POL00813,2024-12-14,155.93,Success
PAY003970,CUST00493,POL00813,2025-01-13,155.93,Pending
PAY003971,CUST00493,POL00813,2025-02-12,155.93,Failed
PAY003972,CUST00493,POL00813,2025-03-14,155.93,Success
PAY003973,CUST00493,POL00813,2025-04-13,155.93,Success
PAY003974,CUST00493,POL00813,2025-05-13,155.93,Success
PAY003975,CUST00493,POL00813,2025-06-12,155.93,Success
PAY003976,CUST00493,POL00813,2025-07-12,155.93,Success
PAY003977,CUST00494,POL00814,2022-10-06,199.82,Success
PAY003978,CUST00494,POL00814,2022-11-05,199.82,Success
PAY003979,CUST00494,POL00814,2022-12-05,199.82,Success
PAY003980,CUST00494,POL00814,2023-01-04,199.82,Success
PAY003981,CUST00494,POL00814,2023-02-03,199.82,Success
PAY003982,CUST00494,POL00814,2023-03-05,199.82,Success
PAY003983,CUST00494,POL00814,2023-04-04,199.82,Success
PAY003984,CUST00494,POL00814,2023-05-04,199.82,Success
PAY003985,CUST00494,POL00814,2023-06-03,199.82,Success
PAY003986,CUST00494,POL00814,2023-07-03,199.82,Success
PAY003987,CUST00494,POL00814,2023-08-02,199.82,Success
PAY003988,CUST00494,POL00814,2023-09-01,199.82,Failed
PAY003989,CUST00494,POL00815,2022-03-27,1144.95,Success
PAY003990,CUST00494,POL00816,2019-06-09,2012.12,Success
PAY003991,CUST00494,POL00816,2019-12-08,2012.12,Success
PAY003992,CUST00495,POL00817,2019-01-20,977.82,Success
PAY003993,CUST00495,POL00817,2019-07-21,977.82,Success
PAY003994,CUST00496,POL00818,2022-06-08,2210.82,Success
PAY003995,CUST00497,POL00819,2021-12-29,275.47,Success
PAY003996,CUST00497,POL00819,2022-01-28,275.47,Success
PAY003997,CUST00497,POL00819,2022-02-27,275.47,Success
PAY003998,CUST00497,POL00819,2022-03-29,275.47,Success
PAY003999,CUST00497,POL00819,2022-04-28,275.47,Success
PAY004000,CUST00497,POL00819,2022-05-28,275.47,Success
PAY004001,CUST00497,POL00819,2022-06-27,275.47,Success
PAY004002,CUST00497,POL00819,2022-07-27,275.47,Success
PAY004003,CUST00497,POL00819,2022-08-26,275.47,Failed
PAY004004,CUST00497,POL00819,2022-09-25,275.47,Success
PAY004005,CUST00497,POL00819,2022-10-25,275.47,Success
PAY004006,CUST00497,POL00819,2022-11-24,275.47,Success
PAY004007,CUST00497,POL00820,2024-02-21,171.96,Success
PAY004008,CUST00497,POL00820,2024-03-22,171.96,Success
PAY004009,CUST00497,POL00820,2024-04-21,171.96,Success
PAY004010,CUST00497,POL00820,2024-05-21,171.96,Success
PAY004011,CUST00497,POL00820,2024-06-20,171.96,Success
PAY004012,CUST00497,POL00820,2024-07-20,171.96,Success
PAY004013,CUST00497,POL00820,2024-08-19,171.96,Success
PAY004014,CUST00497,POL00820,2024-09-18,171.96,Failed
PAY004015,CUST00497,POL00820,2024-10-18,171.96,Success
PAY004016,CUST00497,POL00820,2024-11-17,171.96,Success
PAY004017,CUST00497,POL00820,2024-12-17,171.96,Pending
PAY004018,CUST00497,POL00820,2025-01-16,171.96,Success
PAY004019,CUST00498,POL00821,2020-01-10,1725.17,Refunded
PAY004020,CUST00498,POL00821,2020-07-10,1725.17,Success
PAY004021,CUST00498,POL00822,2023-05-30,38.63,Success
PAY004022,CUST00498,POL00822,2023-06-29,38.63,Success
PAY004023,CUST00498,POL00822,2023-07-29,38.63,Success
PAY004024,CUST00498,POL00822,2023-08-28,38.63,Success
PAY004025,CUST00498,POL00822,2023-09-27,38.63,Success
PAY004026,CUST00498,POL00822,2023-10-27,38.63,Pending
PAY004027,CUST00498,POL00822,2023-11-26,38.63,Success
PAY004028,CUST00498,POL00822,2023-12-26,38.63,Success
PAY004029,CUST00498,POL00822,2024-01-25,38.63,Success
PAY004030,CUST00498,POL00822,2024-02-24,38.63,Success
PAY004031,CUST00498,POL00822,2024-03-25,38.63,Success
PAY004032,CUST00498,POL00822,2024-04-24,38.63,Failed
PAY004033,CUST00498,POL00823,2018-02-03,35.43,Success
PAY004034,CUST00498,POL00823,2018-03-05,35.43,Success
PAY004035,CUST00498,POL00823,2018-04-04,35.43,Success
PAY004036,CUST00498,POL00823,2018-05-04,35.43,Success
PAY004037,CUST00498,POL00823,2018-06-03,35.43,Success
PAY004038,CUST00498,POL00823,2018-07-03,35.43,Success
PAY004039,CUST00498,POL00823,2018-08-02,35.43,Success
PAY004040,CUST00498,POL00823,2018-09-01,35.43,Success
PAY004041,CUST00498,POL00823,2018-10-01,35.43,Failed
PAY004042,CUST00498,POL00823,2018-10-31,35.43,Failed
PAY004043,CUST00498,POL00823,2018-11-30,35.43,Success
PAY004044,CUST00498,POL00823,2018-12-30,35.43,Failed
PAY004045,CUST00499,POL00824,2020-09-23,131.29,Success
PAY004046,CUST00499,POL00824,2021-03-24,131.29,Success
PAY004047,CUST00499,POL00825,2024-02-25,786.47,Success
PAY004048,CUST00499,POL00825,2024-05-26,786.47,Failed
PAY004049,CUST00499,POL00825,2024-08-25,786.47,Refunded
PAY004050,CUST00499,POL00825,2024-11-24,786.47,Success
PAY004051,CUST00500,POL00826,2024-06-26,1270.37,Success
PAY004052,CUST00500,POL00826,2024-12-25,1270.37,Success
PAY004053,CUST00500,POL00827,2022-11-04,378.15,Success
PAY004054,CUST00500,POL00827,2022-12-04,378.15,Success
PAY004055,CUST00500,POL00827,2023-01-03,378.15,Success
PAY004056,CUST00500,POL00827,2023-02-02,378.15,Success
PAY004057,CUST00500,POL00827,2023-03-04,378.15,Success
PAY004058,CUST00500,POL00827,2023-04-03,378.15,Success
PAY004059,CUST00500,POL00827,2023-05-03,378.15,Success
PAY004060,CUST00500,POL00827,2023-06-02,378.15,Success
PAY004061,CUST00500,POL00827,2023-07-02,378.15,Failed
PAY004062,CUST00500,POL00827,2023-08-01,378.15,Success
PAY004063,CUST00500,POL00827,2023-08-31,378.15,Success
PAY004064,CUST00500,POL00827,2023-09-30,378.15,Success
PAY004065,CUST00501,POL00828,2018-05-31,3918.67,Success
PAY004066,CUST00502,POL00829,2021-02-12,113.90,Success
PAY004067,CUST00502,POL00829,2021-03-14,113.90,Success
PAY004068,CUST00502,POL00829,2021-04-13,113.90,Success
PAY004069,CUST00502,POL00829,2021-05-13,113.90,Success
PAY004070,CUST00502,POL00829,2021-06-12,113.90,Success
PAY004071,CUST00502,POL00829,2021-07-12,113.90,Success
PAY004072,CUST00502,POL00829,2021-08-11,113.90,Success
PAY004073,CUST00502,POL00829,2021-09-10,113.90,Success
PAY004074,CUST00502,POL00829,2021-10-10,113.90,Success
PAY004075,CUST00502,POL00829,2021-11-09,113.90,Success
PAY004076,CUST00502,POL00829,2021-12-09,113.90,Success
PAY004077,CUST00502,POL00829,2022-01-08,113.90,Success
PAY004078,CUST00503,POL00830,2020-04-30,680.76,Success
PAY004079,CUST00503,POL00830,2020-10-29,680.76,Success
PAY004080,CUST00503,POL00831,2024-09-14,61.87,Success
PAY004081,CUST00503,POL00831,2024-12-14,61.87,Success
PAY004082,CUST00503,POL00831,2025-03-15,61.87,Success
PAY004083,CUST00503,POL00831,2025-06-14,61.87,Pending
PAY004084,CUST00504,POL00832,2023-09-29,412.50,Success
PAY004085,CUST00505,POL00833,2024-03-03,249.24,Success
PAY004086,CUST00505,POL00833,2024-09-01,249.24,Success
PAY004087,CUST00506,POL00834,2022-05-17,142.26,Success
PAY004088,CUST00506,POL00834,2022-06-16,142.26,Success
PAY004089,CUST00506,POL00834,2022-07-16,142.26,Success
PAY004090,CUST00506,POL00834,2022-08-15,142.26,Success
PAY004091,CUST00506,POL00834,2022-09-14,142.26,Success
PAY004092,CUST00506,POL00834,2022-10-14,142.26,Success
PAY004093,CUST00506,POL00834,2022-11-13,142.26,Pending
PAY004094,CUST00506,POL00834,2022-12-13,142.26,Success
PAY004095,CUST00506,POL00834,2023-01-12,142.26,Success
PAY004096,CUST00506,POL00834,2023-02-11,142.26,Failed
PAY004097,CUST00506,POL00834,2023-03-13,142.26,Success
PAY004098,CUST00506,POL00834,2023-04-12,142.26,Success
PAY004099,CUST00506,POL00835,2024-07-10,1438.77,Success
PAY004100,CUST00506,POL00835,2024-10-09,1438.77,Success
PAY004101,CUST00506,POL00835,2025-01-08,1438.77,Success
PAY004102,CUST00506,POL00835,2025-04-09,1438.77,Success
PAY004103,CUST00507,POL00836,2025-02-09,1295.12,Success
PAY004104,CUST00507,POL00836,2025-08-10,1295.12,Success
PAY004105,CUST00507,POL00837,2018-12-02,2672.19,Success
PAY004106,CUST00508,POL00838,2020-10-06,946.08,Success
PAY004107,CUST00508,POL00838,2021-01-05,946.08,Success
PAY004108,CUST00508,POL00838,2021-04-06,946.08,Success
PAY004109,CUST00508,POL00838,2021-07-06,946.08,Success
PAY004110,CUST00509,POL00839,2021-12-22,134.41,Success
PAY004111,CUST00509,POL00839,2022-01-21,134.41,Failed
PAY004112,CUST00509,POL00839,2022-02-20,134.41,Success
PAY004113,CUST00509,POL00839,2022-03-22,134.41,Success
PAY004114,CUST00509,POL00839,2022-04-21,134.41,Refunded
PAY004115,CUST00509,POL00839,2022-05-21,134.41,Refunded
PAY004116,CUST00509,POL00839,2022-06-20,134.41,Success
PAY004117,CUST00509,POL00839,2022-07-20,134.41,Success
PAY004118,CUST00509,POL00839,2022-08-19,134.41,Success
PAY004119,CUST00509,POL00839,2022-09-18,134.41,Success
PAY004120,CUST00509,POL00839,2022-10-18,134.41,Success
PAY004121,CUST00509,POL00839,2022-11-17,134.41,Success
PAY004122,CUST00510,POL00840,2019-11-12,5109.69,Success
PAY004123,CUST00511,POL00841,2021-03-15,150.90,Success
PAY004124,CUST00511,POL00841,2021-04-14,150.90,Refunded
PAY004125,CUST00511,POL00841,2021-05-14,150.90,Success
PAY004126,CUST00511,POL00841,2021-06-13,150.90,Success
PAY004127,CUST00511,POL00841,2021-07-13,150.90,Failed
PAY004128,CUST00511,POL00841,2021-08-12,150.90,Failed
PAY004129,CUST00511,POL00841,2021-09-11,150.90,Success
PAY004130,CUST00511,POL00841,2021-10-11,150.90,Pending
PAY004131,CUST00511,POL00841,2021-11-10,150.90,Success
PAY004132,CUST00511,POL00841,2021-12-10,150.90,Success
PAY004133,CUST00511,POL00841,2022-01-09,150.90,Failed
PAY004134,CUST00511,POL00841,2022-02-08,150.90,Success
PAY004135,CUST00512,POL00842,2022-07-19,539.55,Success
PAY004136,CUST00512,POL00843,2023-09-03,80.62,Success
PAY004137,CUST00512,POL00843,2023-12-03,80.62,Success
PAY004138,CUST00512,POL00843,2024-03-03,80.62,Success
PAY004139,CUST00512,POL00843,2024-06-02,80.62,Pending
PAY004140,CUST00513,POL00844,2020-06-22,851.71,Success
PAY004141,CUST00513,POL00845,2018-05-19,281.47,Pending
PAY004142,CUST00513,POL00845,2018-11-17,281.47,Success
PAY004143,CUST00513,POL00846,2021-02-26,406.33,Success
PAY004144,CUST00513,POL00846,2021-05-28,406.33,Success
PAY004145,CUST00513,POL00846,2021-08-27,406.33,Success
PAY004146,CUST00513,POL00846,2021-11-26,406.33,Success
PAY004147,CUST00514,POL00847,2018-02-12,399.64,Success
PAY004148,CUST00514,POL00847,2018-05-14,399.64,Success
PAY004149,CUST00514,POL00847,2018-08-13,399.64,Success
PAY004150,CUST00514,POL00847,2018-11-12,399.64,Success
PAY004151,CUST00515,POL00848,2019-05-03,128.94,Success
PAY004152,CUST00515,POL00848,2019-06-02,128.94,Success
PAY004153,CUST00515,POL00848,2019-07-02,128.94,Success
PAY004154,CUST00515,POL00848,2019-08-01,128.94,Success
PAY004155,CUST00515,POL00848,2019-08-31,128.94,Success
PAY004156,CUST00515,POL00848,2019-09-30,128.94,Success
PAY004157,CUST00515,POL00848,2019-10-30,128.94,Success
PAY004158,CUST00515,POL00848,2019-11-29,128.94,Success
PAY004159,CUST00515,POL00848,2019-12-29,128.94,Pending
PAY004160,CUST00515,POL00848,2020-01-28,128.94,Success
PAY004161,CUST00515,POL00848,2020-02-27,128.94,Success
PAY004162,CUST00515,POL00848,2020-03-28,128.94,Success
PAY004163,CUST00515,POL00849,2021-09-10,119.44,Success
PAY004164,CUST00515,POL00849,2022-03-11,119.44,Success
PAY004165,CUST00516,POL00850,2018-08-29,1753.33,Success
PAY004166,CUST00516,POL00851,2018-03-08,1975.55,Success
PAY004167,CUST00517,POL00852,2023-06-08,202.79,Success
PAY004168,CUST00517,POL00852,2023-07-08,202.79,Failed
PAY004169,CUST00517,POL00852,2023-08-07,202.79,Success
PAY004170,CUST00517,POL00852,2023-09-06,202.79,Success
PAY004171,CUST00517,POL00852,2023-10-06,202.79,Success
PAY004172,CUST00517,POL00852,2023-11-05,202.79,Refunded
PAY004173,CUST00517,POL00852,2023-12-05,202.79,Success
PAY004174,CUST00517,POL00852,2024-01-04,202.79,Success
PAY004175,CUST00517,POL00852,2024-02-03,202.79,Failed
PAY004176,CUST00517,POL00852,2024-03-04,202.79,Success
PAY004177,CUST00517,POL00852,2024-04-03,202.79,Success
PAY004178,CUST00517,POL00852,2024-05-03,202.79,Success
PAY004179,CUST00517,POL00853,2018-11-23,899.18,Success
PAY004180,CUST00517,POL00853,2019-05-24,899.18,Success
PAY004181,CUST00518,POL00854,2021-10-06,498.35,Refunded
PAY004182,CUST00518,POL00854,2022-04-06,498.35,Success
PAY004183,CUST00518,POL00855,2025-05-10,1372.11,Refunded
PAY004184,CUST00518,POL00855,2025-11-08,1372.11,Success
PAY004185,CUST00518,POL00856,2023-11-03,406.60,Refunded
PAY004186,CUST00519,POL00857,2021-11-25,5455.26,Success
PAY004187,CUST00519,POL00858,2022-01-21,224.25,Success
PAY004188,CUST00519,POL00858,2022-07-22,224.25,Success
PAY004189,CUST00520,POL00859,2020-01-08,45.39,Success
PAY004190,CUST00520,POL00859,2020-02-07,45.39,Success
PAY004191,CUST00520,POL00859,2020-03-08,45.39,Success
PAY004192,CUST00520,POL00859,2020-04-07,45.39,Success
PAY004193,CUST00520,POL00859,2020-05-07,45.39,Success
PAY004194,CUST00520,POL00859,2020-06-06,45.39,Success
PAY004195,CUST00520,POL00859,2020-07-06,45.39,Success
PAY004196,CUST00520,POL00859,2020-08-05,45.39,Success
PAY004197,CUST00520,POL00859,2020-09-04,45.39,Success
PAY004198,CUST00520,POL00859,2020-10-04,45.39,Success
PAY004199,CUST00520,POL00859,2020-11-03,45.39,Success
PAY004200,CUST00520,POL00859,2020-12-03,45.39,Success
PAY004201,CUST00520,POL00860,2019-02-15,167.40,Success
PAY004202,CUST00520,POL00860,2019-03-17,167.40,Success
PAY004203,CUST00520,POL00860,2019-04-16,167.40,Success
PAY004204,CUST00520,POL00860,2019-05-16,167.40,Success
PAY004205,CUST00520,POL00860,2019-06-15,167.40,Success
PAY004206,CUST00520,POL00860,2019-07-15,167.40,Success
PAY004207,CUST00520,POL00860,2019-08-14,167.40,Pending
PAY004208,CUST00520,POL00860,2019-09-13,167.40,Success
PAY004209,CUST00520,POL00860,2019-10-13,167.40,Success
PAY004210,CUST00520,POL00860,2019-11-12,167.40,Success
PAY004211,CUST00520,POL00860,2019-12-12,167.40,Success
PAY004212,CUST00520,POL00860,2020-01-11,167.40,Success
PAY004213,CUST00521,POL00861,2019-09-27,236.67,Failed
PAY004214,CUST00522,POL00862,2020-07-23,2382.12,Success
PAY004215,CUST00522,POL00863,2019-08-20,889.53,Success
PAY004216,CUST00522,POL00863,2020-02-18,889.53,Success
PAY004217,CUST00523,POL00864,2023-11-18,774.69,Failed
PAY004218,CUST00523,POL00864,2024-05-18,774.69,Success
PAY004219,CUST00524,POL00865,2023-09-23,102.53,Success
PAY004220,CUST00524,POL00865,2023-10-23,102.53,Success
PAY004221,CUST00524,POL00865,2023-11-22,102.53,Success
PAY004222,CUST00524,POL00865,2023-12-22,102.53,Success
PAY004223,CUST00524,POL00865,2024-01-21,102.53,Success
PAY004224,CUST00524,POL00865,2024-02-20,102.53,Success
PAY004225,CUST00524,POL00865,2024-03-21,102.53,Success
PAY004226,CUST00524,POL00865,2024-04-20,102.53,Success
PAY004227,CUST00524,POL00865,2024-05-20,102.53,Success
PAY004228,CUST00524,POL00865,2024-06-19,102.53,Success
PAY004229,CUST00524,POL00865,2024-07-19,102.53,Refunded
PAY004230,CUST00524,POL00865,2024-08-18,102.53,Success
PAY004231,CUST00525,POL00866,2020-06-28,697.63,Success
PAY004232,CUST00525,POL00866,2020-09-27,697.63,Failed
PAY004233,CUST00525,POL00866,2020-12-27,697.63,Success
PAY004234,CUST00525,POL00866,2021-03-28,697.63,Success
PAY004235,CUST00525,POL00867,2024-12-16,851.05,Success
PAY004236,CUST00525,POL00868,2024-08-23,204.58,Success
PAY004237,CUST00525,POL00868,2025-02-21,204.58,Success
PAY004238,CUST00526,POL00869,2023-10-31,135.83,Refunded
PAY004239,CUST00526,POL00869,2023-11-30,135.83,Success
PAY004240,CUST00526,POL00869,2023-12-30,135.83,Success
PAY004241,CUST00526,POL00869,2024-01-29,135.83,Success
PAY004242,CUST00526,POL00869,2024-02-28,135.83,Success
PAY004243,CUST00526,POL00869,2024-03-29,135.83,Success
PAY004244,CUST00526,POL00869,2024-04-28,135.83,Success
PAY004245,CUST00526,POL00869,2024-05-28,135.83,Success
PAY004246,CUST00526,POL00869,2024-06-27,135.83,Success
PAY004247,CUST00526,POL00869,2024-07-27,135.83,Success
PAY004248,CUST00526,POL00869,2024-08-26,135.83,Success
PAY004249,CUST00526,POL00869,2024-09-25,135.83,Success
PAY004250,CUST00527,POL00870,2022-12-25,567.21,Success
PAY004251,CUST00527,POL00870,2023-06-25,567.21,Success
PAY004252,CUST00528,POL00871,2019-10-21,93.62,Success
PAY004253,CUST00528,POL00871,2020-01-20,93.62,Success
PAY004254,CUST00528,POL00871,2020-04-20,93.62,Success
PAY004255,CUST00528,POL00871,2020-07-20,93.62,Pending
PAY004256,CUST00529,POL00872,2020-05-20,451.30,Success
PAY004257,CUST00529,POL00872,2020-11-18,451.30,Failed
PAY004258,CUST00529,POL00873,2021-10-16,657.51,Success
PAY004259,CUST00529,POL00873,2022-01-15,657.51,Success
PAY004260,CUST00529,POL00873,2022-04-16,657.51,Failed
PAY004261,CUST00529,POL00873,2022-07-16,657.51,Success
PAY004262,CUST00530,POL00874,2019-08-15,185.13,Success
PAY004263,CUST00530,POL00874,2019-09-14,185.13,Failed
PAY004264,CUST00530,POL00874,2019-10-14,185.13,Success
PAY004265,CUST00530,POL00874,2019-11-13,185.13,Success
PAY004266,CUST00530,POL00874,2019-12-13,185.13,Refunded
PAY004267,CUST00530,POL00874,2020-01-12,185.13,Success
PAY004268,CUST00530,POL00874,2020-02-11,185.13,Refunded
PAY004269,CUST00530,POL00874,2020-03-12,185.13,Success
PAY004270,CUST00530,POL00874,2020-04-11,185.13,Success
PAY004271,CUST00530,POL00874,2020-05-11,185.13,Success
PAY004272,CUST00530,POL00874,2020-06-10,185.13,Success
PAY004273,CUST00530,POL00874,2020-07-10,185.13,Success
PAY004274,CUST00530,POL00875,2018-03-24,210.02,Success
PAY004275,CUST00530,POL00875,2018-09-22,210.02,Success
PAY004276,CUST00530,POL00876,2021-05-22,996.01,Success
PAY004277,CUST00530,POL00876,2021-11-20,996.01,Success
PAY004278,CUST00531,POL00877,2019-06-01,1465.41,Failed
PAY004279,CUST00531,POL00877,2019-11-30,1465.41,Success
PAY004280,CUST00532,POL00878,2018-07-19,370.23,Failed
PAY004281,CUST00533,POL00879,2022-03-24,182.89,Success
PAY004282,CUST00533,POL00879,2022-06-23,182.89,Success
PAY004283,CUST00533,POL00879,2022-09-22,182.89,Success
PAY004284,CUST00533,POL00879,2022-12-22,182.89,Refunded
PAY004285,CUST00534,POL00880,2021-03-16,736.45,Success
PAY004286,CUST00534,POL00880,2021-06-15,736.45,Success
PAY004287,CUST00534,POL00880,2021-09-14,736.45,Success
PAY004288,CUST00534,POL00880,2021-12-14,736.45,Success
PAY004289,CUST00534,POL00881,2021-04-01,16.93,Failed
PAY004290,CUST00534,POL00881,2021-05-01,16.93,Success
PAY004291,CUST00534,POL00881,2021-05-31,16.93,Success
PAY004292,CUST00534,POL00881,2021-06-30,16.93,Success
PAY004293,CUST00534,POL00881,2021-07-30,16.93,Success
PAY004294,CUST00534,POL00881,2021-08-29,16.93,Success
PAY004295,CUST00534,POL00881,2021-09-28,16.93,Success
PAY004296,CUST00534,POL00881,2021-10-28,16.93,Success
PAY004297,CUST00534,POL00881,2021-11-27,16.93,Refunded
PAY004298,CUST00534,POL00881,2021-12-27,16.93,Success
PAY004299,CUST00534,POL00881,2022-01-26,16.93,Failed
PAY004300,CUST00534,POL00881,2022-02-25,16.93,Success
PAY004301,CUST00534,POL00882,2025-07-07,538.32,Success
PAY004302,CUST00534,POL00882,2025-10-06,538.32,Success
PAY004303,CUST00534,POL00882,2026-01-05,538.32,Success
PAY004304,CUST00534,POL00882,2026-04-06,538.32,Success
PAY004305,CUST00535,POL00883,2025-04-08,1258.22,Success
PAY004306,CUST00536,POL00884,2025-01-21,160.47,Success
PAY004307,CUST00536,POL00884,2025-02-20,160.47,Failed
PAY004308,CUST00536,POL00884,2025-03-22,160.47,Success
PAY004309,CUST00536,POL00884,2025-04-21,160.47,Pending
PAY004310,CUST00536,POL00884,2025-05-21,160.47,Success
PAY004311,CUST00536,POL00884,2025-06-20,160.47,Success
PAY004312,CUST00536,POL00884,2025-07-20,160.47,Success
PAY004313,CUST00536,POL00884,2025-08-19,160.47,Success
PAY004314,CUST00536,POL00884,2025-09-18,160.47,Success
PAY004315,CUST00536,POL00884,2025-10-18,160.47,Success
PAY004316,CUST00536,POL00884,2025-11-17,160.47,Success
PAY004317,CUST00536,POL00884,2025-12-17,160.47,Success
PAY004318,CUST00537,POL00885,2022-08-24,290.21,Success
PAY004319,CUST00537,POL00886,2024-05-22,185.18,Success
PAY004320,CUST00537,POL00886,2024-06-21,185.18,Failed
PAY004321,CUST00537,POL00886,2024-07-21,185.18,Success
PAY004322,CUST00537,POL00886,2024-08-20,185.18,Success
PAY004323,CUST00537,POL00886,2024-09-19,185.18,Success
PAY004324,CUST00537,POL00886,2024-10-19,185.18,Pending
PAY004325,CUST00537,POL00886,2024-11-18,185.18,Success
PAY004326,CUST00537,POL00886,2024-12-18,185.18,Success
PAY004327,CUST00537,POL00886,2025-01-17,185.18,Success
PAY004328,CUST00537,POL00886,2025-02-16,185.18,Success
PAY004329,CUST00537,POL00886,2025-03-18,185.18,Success
PAY004330,CUST00537,POL00886,2025-04-17,185.18,Success
PAY004331,CUST00538,POL00887,2024-01-02,2239.22,Failed
PAY004332,CUST00538,POL00887,2024-07-02,2239.22,Success
PAY004333,CUST00539,POL00888,2025-06-26,660.07,Success
PAY004334,CUST00540,POL00889,2021-07-18,70.63,Failed
PAY004335,CUST00540,POL00889,2021-08-17,70.63,Success
PAY004336,CUST00540,POL00889,2021-09-16,70.63,Success
PAY004337,CUST00540,POL00889,2021-10-16,70.63,Success
PAY004338,CUST00540,POL00889,2021-11-15,70.63,Success
PAY004339,CUST00540,POL00889,2021-12-15,70.63,Success
PAY004340,CUST00540,POL00889,2022-01-14,70.63,Success
PAY004341,CUST00540,POL00889,2022-02-13,70.63,Success
PAY004342,CUST00540,POL00889,2022-03-15,70.63,Success
PAY004343,CUST00540,POL00889,2022-04-14,70.63,Success
PAY004344,CUST00540,POL00889,2022-05-14,70.63,Success
PAY004345,CUST00540,POL00889,2022-06-13,70.63,Pending
PAY004346,CUST00541,POL00890,2019-10-17,102.07,Pending
PAY004347,CUST00541,POL00890,2020-04-16,102.07,Success
PAY004348,CUST00541,POL00891,2022-09-12,943.18,Success
PAY004349,CUST00541,POL00891,2023-03-13,943.18,Success
PAY004350,CUST00542,POL00892,2022-12-11,1115.07,Success
PAY004351,CUST00542,POL00892,2023-06-11,1115.07,Success
PAY004352,CUST00542,POL00893,2020-03-13,167.28,Success
PAY004353,CUST00542,POL00893,2020-04-12,167.28,Refunded
PAY004354,CUST00542,POL00893,2020-05-12,167.28,Success
PAY004355,CUST00542,POL00893,2020-06-11,167.28,Success
PAY004356,CUST00542,POL00893,2020-07-11,167.28,Success
PAY004357,CUST00542,POL00893,2020-08-10,167.28,Success
PAY004358,CUST00542,POL00893,2020-09-09,167.28,Success
PAY004359,CUST00542,POL00893,2020-10-09,167.28,Success
PAY004360,CUST00542,POL00893,2020-11-08,167.28,Success
PAY004361,CUST00542,POL00893,2020-12-08,167.28,Success
PAY004362,CUST00542,POL00893,2021-01-07,167.28,Success
PAY004363,CUST00542,POL00893,2021-02-06,167.28,Success
PAY004364,CUST00542,POL00894,2019-07-15,80.45,Success
PAY004365,CUST00542,POL00894,2020-01-13,80.45,Success
PAY004366,CUST00543,POL00895,2022-12-27,1411.76,Success
PAY004367,CUST00543,POL00895,2023-06-27,1411.76,Success
PAY004368,CUST00543,POL00896,2020-06-18,151.95,Success
PAY004369,CUST00543,POL00897,2025-07-31,462.96,Success
PAY004370,CUST00543,POL00897,2026-01-29,462.96,Success
PAY004371,CUST00544,POL00898,2019-11-13,20.26,Success
PAY004372,CUST00544,POL00898,2019-12-13,20.26,Success
PAY004373,CUST00544,POL00898,2020-01-12,20.26,Success
PAY004374,CUST00544,POL00898,2020-02-11,20.26,Success
PAY004375,CUST00544,POL00898,2020-03-12,20.26,Success
PAY004376,CUST00544,POL00898,2020-04-11,20.26,Success
PAY004377,CUST00544,POL00898,2020-05-11,20.26,Success
PAY004378,CUST00544,POL00898,2020-06-10,20.26,Success
PAY004379,CUST00544,POL00898,2020-07-10,20.26,Failed
PAY004380,CUST00544,POL00898,2020-08-09,20.26,Success
PAY004381,CUST00544,POL00898,2020-09-08,20.26,Success
PAY004382,CUST00544,POL00898,2020-10-08,20.26,Success
PAY004383,CUST00545,POL00899,2022-02-26,2316.46,Success
PAY004384,CUST00545,POL00900,2025-04-29,134.85,Success
PAY004385,CUST00545,POL00900,2025-07-29,134.85,Success
PAY004386,CUST00545,POL00900,2025-10-28,134.85,Success
PAY004387,CUST00545,POL00900,2026-01-27,134.85,Success
PAY004388,CUST00545,POL00901,2023-11-16,1917.66,Success
PAY004389,CUST00546,POL00902,2021-09-14,180.91,Success
PAY004390,CUST00546,POL00902,2021-10-14,180.91,Refunded
PAY004391,CUST00546,POL00902,2021-11-13,180.91,Success
PAY004392,CUST00546,POL00902,2021-12-13,180.91,Success
PAY004393,CUST00546,POL00902,2022-01-12,180.91,Success
PAY004394,CUST00546,POL00902,2022-02-11,180.91,Success
PAY004395,CUST00546,POL00902,2022-03-13,180.91,Success
PAY004396,CUST00546,POL00902,2022-04-12,180.91,Failed
PAY004397,CUST00546,POL00902,2022-05-12,180.91,Success
PAY004398,CUST00546,POL00902,2022-06-11,180.91,Success
PAY004399,CUST00546,POL00902,2022-07-11,180.91,Success
PAY004400,CUST00546,POL00902,2022-08-10,180.91,Success
PAY004401,CUST00547,POL00903,2022-04-12,523.60,Success
PAY004402,CUST00547,POL00903,2022-07-12,523.60,Success
PAY004403,CUST00547,POL00903,2022-10-11,523.60,Success
PAY004404,CUST00547,POL00903,2023-01-10,523.60,Success
PAY004405,CUST00548,POL00904,2019-02-26,127.37,Success
PAY004406,CUST00548,POL00904,2019-05-28,127.37,Success
PAY004407,CUST00548,POL00904,2019-08-27,127.37,Success
PAY004408,CUST00548,POL00904,2019-11-26,127.37,Success
PAY004409,CUST00548,POL00905,2024-06-30,539.04,Success
PAY004410,CUST00548,POL00905,2024-12-29,539.04,Success
PAY004411,CUST00548,POL00906,2025-03-21,4586.83,Success
PAY004412,CUST00549,POL00907,2022-05-08,206.56,Success
PAY004413,CUST00549,POL00907,2022-08-07,206.56,Success
PAY004414,CUST00549,POL00907,2022-11-06,206.56,Success
PAY004415,CUST00549,POL00907,2023-02-05,206.56,Success
PAY004416,CUST00550,POL00908,2020-04-09,459.26,Success
PAY004417,CUST00550,POL00908,2020-07-09,459.26,Success
PAY004418,CUST00550,POL00908,2020-10-08,459.26,Success
PAY004419,CUST00550,POL00908,2021-01-07,459.26,Success
PAY004420,CUST00550,POL00909,2025-02-26,154.98,Success
PAY004421,CUST00550,POL00909,2025-03-28,154.98,Success
PAY004422,CUST00550,POL00909,2025-04-27,154.98,Success
PAY004423,CUST00550,POL00909,2025-05-27,154.98,Success
PAY004424,CUST00550,POL00909,2025-06-26,154.98,Success
PAY004425,CUST00550,POL00909,2025-07-26,154.98,Success
PAY004426,CUST00550,POL00909,2025-08-25,154.98,Success
PAY004427,CUST00550,POL00909,2025-09-24,154.98,Success
PAY004428,CUST00550,POL00909,2025-10-24,154.98,Success
PAY004429,CUST00550,POL00909,2025-11-23,154.98,Success
PAY004430,CUST00550,POL00909,2025-12-23,154.98,Failed
PAY004431,CUST00550,POL00909,2026-01-22,154.98,Success
PAY004432,CUST00551,POL00910,2018-02-02,888.98,Success
PAY004433,CUST00551,POL00910,2018-08-03,888.98,Success
PAY004434,CUST00551,POL00911,2023-08-16,2165.93,Success
PAY004435,CUST00551,POL00911,2024-02-14,2165.93,Failed
PAY004436,CUST00551,POL00912,2019-08-03,227.50,Success
PAY004437,CUST00551,POL00912,2020-02-01,227.50,Success
PAY004438,CUST00552,POL00913,2022-10-16,39.12,Success
PAY004439,CUST00552,POL00913,2022-11-15,39.12,Success
PAY004440,CUST00552,POL00913,2022-12-15,39.12,Refunded
PAY004441,CUST00552,POL00913,2023-01-14,39.12,Success
PAY004442,CUST00552,POL00913,2023-02-13,39.12,Success
PAY004443,CUST00552,POL00913,2023-03-15,39.12,Success
PAY004444,CUST00552,POL00913,2023-04-14,39.12,Failed
PAY004445,CUST00552,POL00913,2023-05-14,39.12,Success
PAY004446,CUST00552,POL00913,2023-06-13,39.12,Success
PAY004447,CUST00552,POL00913,2023-07-13,39.12,Pending
PAY004448,CUST00552,POL00913,2023-08-12,39.12,Success
PAY004449,CUST00552,POL00913,2023-09-11,39.12,Success
PAY004450,CUST00553,POL00914,2020-03-08,246.66,Success
PAY004451,CUST00553,POL00914,2020-04-07,246.66,Success
PAY004452,CUST00553,POL00914,2020-05-07,246.66,Success
PAY004453,CUST00553,POL00914,2020-06-06,246.66,Success
PAY004454,CUST00553,POL00914,2020-07-06,246.66,Success
PAY004455,CUST00553,POL00914,2020-08-05,246.66,Success
PAY004456,CUST00553,POL00914,2020-09-04,246.66,Success
PAY004457,CUST00553,POL00914,2020-10-04,246.66,Refunded
PAY004458,CUST00553,POL00914,2020-11-03,246.66,Success
PAY004459,CUST00553,POL00914,2020-12-03,246.66,Success
PAY004460,CUST00553,POL00914,2021-01-02,246.66,Failed
PAY004461,CUST00553,POL00914,2021-02-01,246.66,Success
PAY004462,CUST00553,POL00915,2023-02-23,2266.94,Success
PAY004463,CUST00554,POL00916,2019-04-13,2778.89,Success
PAY004464,CUST00554,POL00916,2019-10-12,2778.89,Success
PAY004465,CUST00554,POL00917,2018-05-06,229.43,Success
PAY004466,CUST00554,POL00917,2018-11-04,229.43,Success
PAY004467,CUST00555,POL00918,2023-08-12,101.67,Success
PAY004468,CUST00555,POL00918,2023-11-11,101.67,Success
PAY004469,CUST00555,POL00918,2024-02-10,101.67,Success
PAY004470,CUST00555,POL00918,2024-05-11,101.67,Failed
PAY004471,CUST00556,POL00919,2021-03-07,5723.57,Success
PAY004472,CUST00557,POL00920,2020-12-16,697.87,Success
PAY004473,CUST00557,POL00920,2021-06-16,697.87,Success
PAY004474,CUST00558,POL00921,2025-06-23,1596.30,Success
PAY004475,CUST00559,POL00922,2022-09-20,2310.64,Success
PAY004476,CUST00559,POL00923,2018-09-28,267.06,Success
PAY004477,CUST00559,POL00923,2019-03-29,267.06,Success
PAY004478,CUST00559,POL00924,2021-02-15,1031.31,Success
PAY004479,CUST00559,POL00924,2021-08-16,1031.31,Success
PAY004480,CUST00560,POL00925,2022-06-02,5091.72,Success
PAY004481,CUST00561,POL00926,2020-11-16,2257.38,Success
PAY004482,CUST00562,POL00927,2023-07-30,372.10,Success
PAY004483,CUST00562,POL00927,2023-10-29,372.10,Pending
PAY004484,CUST00562,POL00927,2024-01-28,372.10,Success
PAY004485,CUST00562,POL00927,2024-04-28,372.10,Success
PAY004486,CUST00562,POL00928,2021-12-29,270.86,Success
PAY004487,CUST00562,POL00928,2022-01-28,270.86,Success
PAY004488,CUST00562,POL00928,2022-02-27,270.86,Success
PAY004489,CUST00562,POL00928,2022-03-29,270.86,Refunded
PAY004490,CUST00562,POL00928,2022-04-28,270.86,Success
PAY004491,CUST00562,POL00928,2022-05-28,270.86,Pending
PAY004492,CUST00562,POL00928,2022-06-27,270.86,Success
PAY004493,CUST00562,POL00928,2022-07-27,270.86,Success
PAY004494,CUST00562,POL00928,2022-08-26,270.86,Failed
PAY004495,CUST00562,POL00928,2022-09-25,270.86,Success
PAY004496,CUST00562,POL00928,2022-10-25,270.86,Refunded
PAY004497,CUST00562,POL00928,2022-11-24,270.86,Success
PAY004498,CUST00563,POL00929,2024-02-10,1174.45,Failed
PAY004499,CUST00563,POL00929,2024-05-11,1174.45,Success
PAY004500,CUST00563,POL00929,2024-08-10,1174.45,Success
PAY004501,CUST00563,POL00929,2024-11-09,1174.45,Success
PAY004502,CUST00563,POL00930,2022-11-06,1296.96,Success
PAY004503,CUST00563,POL00930,2023-05-07,1296.96,Failed
PAY004504,CUST00563,POL00931,2025-03-09,70.29,Success
PAY004505,CUST00563,POL00931,2025-06-08,70.29,Success
PAY004506,CUST00563,POL00931,2025-09-07,70.29,Success
PAY004507,CUST00563,POL00931,2025-12-07,70.29,Success
PAY004508,CUST00564,POL00932,2022-11-12,651.57,Success
PAY004509,CUST00564,POL00932,2023-02-11,651.57,Success
PAY004510,CUST00564,POL00932,2023-05-13,651.57,Failed
PAY004511,CUST00564,POL00932,2023-08-12,651.57,Success
PAY004512,CUST00565,POL00933,2022-12-11,256.31,Success
PAY004513,CUST00565,POL00933,2023-03-12,256.31,Success
PAY004514,CUST00565,POL00933,2023-06-11,256.31,Success
PAY004515,CUST00565,POL00933,2023-09-10,256.31,Success
PAY004516,CUST00565,POL00934,2019-01-16,679.59,Success
PAY004517,CUST00565,POL00934,2019-07-17,679.59,Success
PAY004518,CUST00566,POL00935,2023-11-12,227.80,Success
PAY004519,CUST00566,POL00935,2023-12-12,227.80,Refunded
PAY004520,CUST00566,POL00935,2024-01-11,227.80,Success
PAY004521,CUST00566,POL00935,2024-02-10,227.80,Success
PAY004522,CUST00566,POL00935,2024-03-11,227.80,Refunded
PAY004523,CUST00566,POL00935,2024-04-10,227.80,Success
PAY004524,CUST00566,POL00935,2024-05-10,227.80,Success
PAY004525,CUST00566,POL00935,2024-06-09,227.80,Success
PAY004526,CUST00566,POL00935,2024-07-09,227.80,Success
PAY004527,CUST00566,POL00935,2024-08-08,227.80,Success
PAY004528,CUST00566,POL00935,2024-09-07,227.80,Success
PAY004529,CUST00566,POL00935,2024-10-07,227.80,Success
PAY004530,CUST00567,POL00936,2018-09-19,276.14,Pending
PAY004531,CUST00567,POL00936,2018-12-19,276.14,Success
PAY004532,CUST00567,POL00936,2019-03-20,276.14,Success
PAY004533,CUST00567,POL00936,2019-06-19,276.14,Success
PAY004534,CUST00568,POL00937,2020-05-13,125.53,Refunded
PAY004535,CUST00568,POL00937,2020-08-12,125.53,Success
PAY004536,CUST00568,POL00937,2020-11-11,125.53,Success
PAY004537,CUST00568,POL00937,2021-02-10,125.53,Success
PAY004538,CUST00569,POL00938,2020-11-29,4726.93,Failed
PAY004539,CUST00569,POL00939,2021-02-08,2192.03,Failed
PAY004540,CUST00570,POL00940,2020-06-15,1137.80,Success
PAY004541,CUST00570,POL00941,2021-01-01,572.90,Success
PAY004542,CUST00571,POL00942,2021-05-12,5094.74,Success
PAY004543,CUST00572,POL00943,2025-05-14,230.37,Refunded
PAY004544,CUST00572,POL00943,2025-11-12,230.37,Success
PAY004545,CUST00572,POL00944,2022-01-19,156.40,Success
PAY004546,CUST00572,POL00944,2022-02-18,156.40,Success
PAY004547,CUST00572,POL00944,2022-03-20,156.40,Success
PAY004548,CUST00572,POL00944,2022-04-19,156.40,Success
PAY004549,CUST00572,POL00944,2022-05-19,156.40,Success
PAY004550,CUST00572,POL00944,2022-06-18,156.40,Success
PAY004551,CUST00572,POL00944,2022-07-18,156.40,Success
PAY004552,CUST00572,POL00944,2022-08-17,156.40,Success
PAY004553,CUST00572,POL00944,2022-09-16,156.40,Success
PAY004554,CUST00572,POL00944,2022-10-16,156.40,Failed
PAY004555,CUST00572,POL00944,2022-11-15,156.40,Success
PAY004556,CUST00572,POL00944,2022-12-15,156.40,Pending
PAY004557,CUST00573,POL00945,2023-01-05,1466.53,Success
PAY004558,CUST00573,POL00945,2023-04-06,1466.53,Success
PAY004559,CUST00573,POL00945,2023-07-06,1466.53,Success
PAY004560,CUST00573,POL00945,2023-10-05,1466.53,Refunded
PAY004561,CUST00574,POL00946,2019-07-19,4447.60,Success
PAY004562,CUST00575,POL00947,2018-09-23,1015.95,Success
PAY004563,CUST00575,POL00947,2019-03-24,1015.95,Success
PAY004564,CUST00576,POL00948,2019-08-06,131.86,Success
PAY004565,CUST00576,POL00948,2019-09-05,131.86,Pending
PAY004566,CUST00576,POL00948,2019-10-05,131.86,Success
PAY004567,CUST00576,POL00948,2019-11-04,131.86,Refunded
PAY004568,CUST00576,POL00948,2019-12-04,131.86,Success
PAY004569,CUST00576,POL00948,2020-01-03,131.86,Failed
PAY004570,CUST00576,POL00948,2020-02-02,131.86,Success
PAY004571,CUST00576,POL00948,2020-03-03,131.86,Success
PAY004572,CUST00576,POL00948,2020-04-02,131.86,Refunded
PAY004573,CUST00576,POL00948,2020-05-02,131.86,Success
PAY004574,CUST00576,POL00948,2020-06-01,131.86,Success
PAY004575,CUST00576,POL00948,2020-07-01,131.86,Refunded
PAY004576,CUST00576,POL00949,2020-01-21,19.72,Success
PAY004577,CUST00576,POL00949,2020-02-20,19.72,Success
PAY004578,CUST00576,POL00949,2020-03-21,19.72,Success
PAY004579,CUST00576,POL00949,2020-04-20,19.72,Success
PAY004580,CUST00576,POL00949,2020-05-20,19.72,Success
PAY004581,CUST00576,POL00949,2020-06-19,19.72,Refunded
PAY004582,CUST00576,POL00949,2020-07-19,19.72,Success
PAY004583,CUST00576,POL00949,2020-08-18,19.72,Success
PAY004584,CUST00576,POL00949,2020-09-17,19.72,Success
PAY004585,CUST00576,POL00949,2020-10-17,19.72,Success
PAY004586,CUST00576,POL00949,2020-11-16,19.72,Success
PAY004587,CUST00576,POL00949,2020-12-16,19.72,Success
PAY004588,CUST00577,POL00950,2020-08-08,43.58,Success
PAY004589,CUST00577,POL00950,2020-09-07,43.58,Success
PAY004590,CUST00577,POL00950,2020-10-07,43.58,Success
PAY004591,CUST00577,POL00950,2020-11-06,43.58,Success
PAY004592,CUST00577,POL00950,2020-12-06,43.58,Pending
PAY004593,CUST00577,POL00950,2021-01-05,43.58,Success
PAY004594,CUST00577,POL00950,2021-02-04,43.58,Success
PAY004595,CUST00577,POL00950,2021-03-06,43.58,Success
PAY004596,CUST00577,POL00950,2021-04-05,43.58,Success
PAY004597,CUST00577,POL00950,2021-05-05,43.58,Success
PAY004598,CUST00577,POL00950,2021-06-04,43.58,Success
PAY004599,CUST00577,POL00950,2021-07-04,43.58,Success
PAY004600,CUST00577,POL00951,2023-04-26,114.91,Success
PAY004601,CUST00577,POL00951,2023-05-26,114.91,Success
PAY004602,CUST00577,POL00951,2023-06-25,114.91,Success
PAY004603,CUST00577,POL00951,2023-07-25,114.91,Success
PAY004604,CUST00577,POL00951,2023-08-24,114.91,Failed
PAY004605,CUST00577,POL00951,2023-09-23,114.91,Refunded
PAY004606,CUST00577,POL00951,2023-10-23,114.91,Success
PAY004607,CUST00577,POL00951,2023-11-22,114.91,Refunded
PAY004608,CUST00577,POL00951,2023-12-22,114.91,Pending
PAY004609,CUST00577,POL00951,2024-01-21,114.91,Success
PAY004610,CUST00577,POL00951,2024-02-20,114.91,Success
PAY004611,CUST00577,POL00951,2024-03-21,114.91,Refunded
PAY004612,CUST00577,POL00952,2022-09-30,523.31,Success
PAY004613,CUST00578,POL00953,2024-05-27,275.45,Success
PAY004614,CUST00578,POL00953,2024-11-25,275.45,Success
PAY004615,CUST00578,POL00954,2018-05-14,5604.89,Success
PAY004616,CUST00579,POL00955,2023-12-16,702.29,Success
PAY004617,CUST00579,POL00955,2024-06-15,702.29,Pending
PAY004618,CUST00579,POL00956,2018-07-09,621.26,Success
PAY004619,CUST00579,POL00956,2018-10-08,621.26,Success
PAY004620,CUST00579,POL00956,2019-01-07,621.26,Success
PAY004621,CUST00579,POL00956,2019-04-08,621.26,Success
PAY004622,CUST00580,POL00957,2018-04-10,241.41,Success
PAY004623,CUST00581,POL00958,2023-06-05,857.29,Success
PAY004624,CUST00581,POL00959,2018-09-21,270.94,Success
PAY004625,CUST00581,POL00959,2018-10-21,270.94,Success
PAY004626,CUST00581,POL00959,2018-11-20,270.94,Success
PAY004627,CUST00581,POL00959,2018-12-20,270.94,Refunded
PAY004628,CUST00581,POL00959,2019-01-19,270.94,Success
PAY004629,CUST00581,POL00959,2019-02-18,270.94,Success
PAY004630,CUST00581,POL00959,2019-03-20,270.94,Success
PAY004631,CUST00581,POL00959,2019-04-19,270.94,Success
PAY004632,CUST00581,POL00959,2019-05-19,270.94,Success
PAY004633,CUST00581,POL00959,2019-06-18,270.94,Success
PAY004634,CUST00581,POL00959,2019-07-18,270.94,Success
PAY004635,CUST00581,POL00959,2019-08-17,270.94,Success
PAY004636,CUST00582,POL00960,2024-05-12,1662.37,Success
PAY004637,CUST00582,POL00961,2021-04-11,397.17,Refunded
PAY004638,CUST00582,POL00961,2021-07-11,397.17,Success
PAY004639,CUST00582,POL00961,2021-10-10,397.17,Success
PAY004640,CUST00582,POL00961,2022-01-09,397.17,Success
PAY004641,CUST00583,POL00962,2024-04-14,109.27,Success
PAY004642,CUST00583,POL00962,2024-07-14,109.27,Success
PAY004643,CUST00583,POL00962,2024-10-13,109.27,Success
PAY004644,CUST00583,POL00962,2025-01-12,109.27,Success
PAY004645,CUST00583,POL00963,2025-04-10,170.92,Success
PAY004646,CUST00583,POL00963,2025-05-10,170.92,Failed
PAY004647,CUST00583,POL00963,2025-06-09,170.92,Success
PAY004648,CUST00583,POL00963,2025-07-09,170.92,Refunded
PAY004649,CUST00583,POL00963,2025-08-08,170.92,Success
PAY004650,CUST00583,POL00963,2025-09-07,170.92,Success
PAY004651,CUST00583,POL00963,2025-10-07,170.92,Success
PAY004652,CUST00583,POL00963,2025-11-06,170.92,Success
PAY004653,CUST00583,POL00963,2025-12-06,170.92,Failed
PAY004654,CUST00583,POL00963,2026-01-05,170.92,Refunded
PAY004655,CUST00583,POL00963,2026-02-04,170.92,Success
PAY004656,CUST00583,POL00963,2026-03-06,170.92,Success
PAY004657,CUST00584,POL00964,2018-07-02,45.56,Success
PAY004658,CUST00584,POL00964,2018-10-01,45.56,Success
PAY004659,CUST00584,POL00964,2018-12-31,45.56,Failed
PAY004660,CUST00584,POL00964,2019-04-01,45.56,Success
PAY004661,CUST00584,POL00965,2019-10-17,101.31,Success
PAY004662,CUST00584,POL00965,2020-01-16,101.31,Success
PAY004663,CUST00584,POL00965,2020-04-16,101.31,Success
PAY004664,CUST00584,POL00965,2020-07-16,101.31,Success
PAY004665,CUST00585,POL00966,2025-02-22,400.04,Success
PAY004666,CUST00585,POL00966,2025-08-23,400.04,Success
PAY004667,CUST00586,POL00967,2025-04-08,186.36,Success
PAY004668,CUST00586,POL00968,2020-09-15,360.69,Pending
PAY004669,CUST00587,POL00969,2020-12-20,35.63,Success
PAY004670,CUST00587,POL00969,2021-01-19,35.63,Pending
PAY004671,CUST00587,POL00969,2021-02-18,35.63,Success
PAY004672,CUST00587,POL00969,2021-03-20,35.63,Success
PAY004673,CUST00587,POL00969,2021-04-19,35.63,Success
PAY004674,CUST00587,POL00969,2021-05-19,35.63,Success
PAY004675,CUST00587,POL00969,2021-06-18,35.63,Success
PAY004676,CUST00587,POL00969,2021-07-18,35.63,Success
PAY004677,CUST00587,POL00969,2021-08-17,35.63,Success
PAY004678,CUST00587,POL00969,2021-09-16,35.63,Success
PAY004679,CUST00587,POL00969,2021-10-16,35.63,Success
PAY004680,CUST00587,POL00969,2021-11-15,35.63,Failed
PAY004681,CUST00587,POL00970,2022-12-04,860.92,Success
PAY004682,CUST00587,POL00970,2023-06-04,860.92,Success
PAY004683,CUST00587,POL00971,2022-04-13,1118.96,Success
PAY004684,CUST00588,POL00972,2025-06-25,331.15,Pending
PAY004685,CUST00588,POL00972,2025-09-24,331.15,Success
PAY004686,CUST00588,POL00972,2025-12-24,331.15,Success
PAY004687,CUST00588,POL00972,2026-03-25,331.15,Success
PAY004688,CUST00588,POL00973,2022-09-01,888.03,Success
PAY004689,CUST00588,POL00973,2023-03-02,888.03,Success
PAY004690,CUST00589,POL00974,2020-10-22,80.31,Refunded
PAY004691,CUST00589,POL00974,2020-11-21,80.31,Success
PAY004692,CUST00589,POL00974,2020-12-21,80.31,Success
PAY004693,CUST00589,POL00974,2021-01-20,80.31,Pending
PAY004694,CUST00589,POL00974,2021-02-19,80.31,Success
PAY004695,CUST00589,POL00974,2021-03-21,80.31,Success
PAY004696,CUST00589,POL00974,2021-04-20,80.31,Success
PAY004697,CUST00589,POL00974,2021-05-20,80.31,Success
PAY004698,CUST00589,POL00974,2021-06-19,80.31,Success
PAY004699,CUST00589,POL00974,2021-07-19,80.31,Refunded
PAY004700,CUST00589,POL00974,2021-08-18,80.31,Success
PAY004701,CUST00589,POL00974,2021-09-17,80.31,Success
PAY004702,CUST00590,POL00975,2022-07-03,490.21,Success
PAY004703,CUST00590,POL00975,2022-08-02,490.21,Success
PAY004704,CUST00590,POL00975,2022-09-01,490.21,Refunded
PAY004705,CUST00590,POL00975,2022-10-01,490.21,Success
PAY004706,CUST00590,POL00975,2022-10-31,490.21,Failed
PAY004707,CUST00590,POL00975,2022-11-30,490.21,Success
PAY004708,CUST00590,POL00975,2022-12-30,490.21,Success
PAY004709,CUST00590,POL00975,2023-01-29,490.21,Success
PAY004710,CUST00590,POL00975,2023-02-28,490.21,Refunded
PAY004711,CUST00590,POL00975,2023-03-30,490.21,Success
PAY004712,CUST00590,POL00975,2023-04-29,490.21,Success
PAY004713,CUST00590,POL00975,2023-05-29,490.21,Success
PAY004714,CUST00590,POL00976,2018-08-25,567.66,Success
PAY004715,CUST00590,POL00976,2019-02-23,567.66,Success
PAY004716,CUST00591,POL00977,2019-05-24,2271.66,Success
PAY004717,CUST00591,POL00977,2019-11-22,2271.66,Success
PAY004718,CUST00592,POL00978,2024-06-19,24.34,Success
PAY004719,CUST00592,POL00978,2024-07-19,24.34,Success
PAY004720,CUST00592,POL00978,2024-08-18,24.34,Success
PAY004721,CUST00592,POL00978,2024-09-17,24.34,Refunded
PAY004722,CUST00592,POL00978,2024-10-17,24.34,Success
PAY004723,CUST00592,POL00978,2024-11-16,24.34,Refunded
PAY004724,CUST00592,POL00978,2024-12-16,24.34,Success
PAY004725,CUST00592,POL00978,2025-01-15,24.34,Success
PAY004726,CUST00592,POL00978,2025-02-14,24.34,Success
PAY004727,CUST00592,POL00978,2025-03-16,24.34,Success
PAY004728,CUST00592,POL00978,2025-04-15,24.34,Success
PAY004729,CUST00592,POL00978,2025-05-15,24.34,Success
PAY004730,CUST00592,POL00979,2021-10-07,379.09,Success
PAY004731,CUST00592,POL00979,2022-01-06,379.09,Success
PAY004732,CUST00592,POL00979,2022-04-07,379.09,Success
PAY004733,CUST00592,POL00979,2022-07-07,379.09,Success
PAY004734,CUST00593,POL00980,2019-01-23,806.01,Success
PAY004735,CUST00593,POL00980,2019-07-24,806.01,Success
PAY004736,CUST00593,POL00981,2024-10-29,812.83,Success
PAY004737,CUST00593,POL00981,2025-04-29,812.83,Success
PAY004738,CUST00593,POL00982,2023-12-13,137.99,Success
PAY004739,CUST00593,POL00982,2024-01-12,137.99,Success
PAY004740,CUST00593,POL00982,2024-02-11,137.99,Pending
PAY004741,CUST00593,POL00982,2024-03-12,137.99,Pending
PAY004742,CUST00593,POL00982,2024-04-11,137.99,Success
PAY004743,CUST00593,POL00982,2024-05-11,137.99,Success
PAY004744,CUST00593,POL00982,2024-06-10,137.99,Success
PAY004745,CUST00593,POL00982,2024-07-10,137.99,Pending
PAY004746,CUST00593,POL00982,2024-08-09,137.99,Success
PAY004747,CUST00593,POL00982,2024-09-08,137.99,Success
PAY004748,CUST00593,POL00982,2024-10-08,137.99,Failed
PAY004749,CUST00593,POL00982,2024-11-07,137.99,Success
PAY004750,CUST00594,POL00983,2019-05-09,2073.41,Success
PAY004751,CUST00594,POL00984,2022-01-03,710.10,Success
PAY004752,CUST00594,POL00984,2022-04-04,710.10,Success
PAY004753,CUST00594,POL00984,2022-07-04,710.10,Success
PAY004754,CUST00594,POL00984,2022-10-03,710.10,Refunded
PAY004755,CUST00595,POL00985,2020-06-11,252.19,Success
PAY004756,CUST00595,POL00985,2020-09-10,252.19,Success
PAY004757,CUST00595,POL00985,2020-12-10,252.19,Success
PAY004758,CUST00595,POL00985,2021-03-11,252.19,Success
PAY004759,CUST00596,POL00986,2020-01-06,927.34,Success
PAY004760,CUST00596,POL00986,2020-07-06,927.34,Success
PAY004761,CUST00596,POL00987,2024-03-22,1231.18,Success
PAY004762,CUST00596,POL00987,2024-06-21,1231.18,Success
PAY004763,CUST00596,POL00987,2024-09-20,1231.18,Success
PAY004764,CUST00596,POL00987,2024-12-20,1231.18,Success
PAY004765,CUST00596,POL00988,2024-12-21,814.38,Success
PAY004766,CUST00596,POL00988,2025-06-21,814.38,Success
PAY004767,CUST00597,POL00989,2023-03-03,1370.44,Success
PAY004768,CUST00597,POL00989,2023-09-01,1370.44,Success
PAY004769,CUST00597,POL00990,2022-10-23,451.81,Success
PAY004770,CUST00598,POL00991,2024-12-01,67.08,Refunded
PAY004771,CUST00598,POL00991,2024-12-31,67.08,Success
PAY004772,CUST00598,POL00991,2025-01-30,67.08,Success
PAY004773,CUST00598,POL00991,2025-03-01,67.08,Success
PAY004774,CUST00598,POL00991,2025-03-31,67.08,Success
PAY004775,CUST00598,POL00991,2025-04-30,67.08,Success
PAY004776,CUST00598,POL00991,2025-05-30,67.08,Success
PAY004777,CUST00598,POL00991,2025-06-29,67.08,Success
PAY004778,CUST00598,POL00991,2025-07-29,67.08,Success
PAY004779,CUST00598,POL00991,2025-08-28,67.08,Success
PAY004780,CUST00598,POL00991,2025-09-27,67.08,Success
PAY004781,CUST00598,POL00991,2025-10-27,67.08,Refunded
PAY004782,CUST00598,POL00992,2024-02-08,1567.86,Success
PAY004783,CUST00598,POL00993,2022-02-15,47.67,Success
PAY004784,CUST00598,POL00993,2022-03-17,47.67,Success
PAY004785,CUST00598,POL00993,2022-04-16,47.67,Success
PAY004786,CUST00598,POL00993,2022-05-16,47.67,Success
PAY004787,CUST00598,POL00993,2022-06-15,47.67,Success
PAY004788,CUST00598,POL00993,2022-07-15,47.67,Success
PAY004789,CUST00598,POL00993,2022-08-14,47.67,Success
PAY004790,CUST00598,POL00993,2022-09-13,47.67,Success
PAY004791,CUST00598,POL00993,2022-10-13,47.67,Success
PAY004792,CUST00598,POL00993,2022-11-12,47.67,Success
PAY004793,CUST00598,POL00993,2022-12-12,47.67,Success
PAY004794,CUST00598,POL00993,2023-01-11,47.67,Success
PAY004795,CUST00599,POL00994,2021-03-13,89.61,Success
PAY004796,CUST00599,POL00994,2021-09-11,89.61,Success
PAY004797,CUST00600,POL00995,2018-08-17,43.32,Success
PAY004798,CUST00600,POL00995,2018-09-16,43.32,Failed
PAY004799,CUST00600,POL00995,2018-10-16,43.32,Success
PAY004800,CUST00600,POL00995,2018-11-15,43.32,Success
PAY004801,CUST00600,POL00995,2018-12-15,43.32,Success
PAY004802,CUST00600,POL00995,2019-01-14,43.32,Failed
PAY004803,CUST00600,POL00995,2019-02-13,43.32,Success
PAY004804,CUST00600,POL00995,2019-03-15,43.32,Success
PAY004805,CUST00600,POL00995,2019-04-14,43.32,Success
PAY004806,CUST00600,POL00995,2019-05-14,43.32,Success
PAY004807,CUST00600,POL00995,2019-06-13,43.32,Pending
PAY004808,CUST00600,POL00995,2019-07-13,43.32,Success
PAY004809,CUST00601,POL00996,2025-02-10,1517.35,Success
PAY004810,CUST00601,POL00997,2024-05-18,47.26,Success
PAY004811,CUST00601,POL00997,2024-06-17,47.26,Pending
PAY004812,CUST00601,POL00997,2024-07-17,47.26,Success
PAY004813,CUST00601,POL00997,2024-08-16,47.26,Success
PAY004814,CUST00601,POL00997,2024-09-15,47.26,Refunded
PAY004815,CUST00601,POL00997,2024-10-15,47.26,Pending
PAY004816,CUST00601,POL00997,2024-11-14,47.26,Success
PAY004817,CUST00601,POL00997,2024-12-14,47.26,Success
PAY004818,CUST00601,POL00997,2025-01-13,47.26,Success
PAY004819,CUST00601,POL00997,2025-02-12,47.26,Success
PAY004820,CUST00601,POL00997,2025-03-14,47.26,Success
PAY004821,CUST00601,POL00997,2025-04-13,47.26,Success
PAY004822,CUST00602,POL00998,2018-01-10,513.21,Success
PAY004823,CUST00602,POL00998,2018-07-11,513.21,Failed
PAY004824,CUST00602,POL00999,2022-02-28,94.90,Success
PAY004825,CUST00602,POL00999,2022-03-30,94.90,Success
PAY004826,CUST00602,POL00999,2022-04-29,94.90,Success
PAY004827,CUST00602,POL00999,2022-05-29,94.90,Success
PAY004828,CUST00602,POL00999,2022-06-28,94.90,Success
PAY004829,CUST00602,POL00999,2022-07-28,94.90,Success
PAY004830,CUST00602,POL00999,2022-08-27,94.90,Success
PAY004831,CUST00602,POL00999,2022-09-26,94.90,Success
PAY004832,CUST00602,POL00999,2022-10-26,94.90,Success
PAY004833,CUST00602,POL00999,2022-11-25,94.90,Success
PAY004834,CUST00602,POL00999,2022-12-25,94.90,Success
PAY004835,CUST00602,POL00999,2023-01-24,94.90,Success
PAY004836,CUST00603,POL01000,2024-03-21,1285.43,Success
PAY004837,CUST00603,POL01000,2024-06-20,1285.43,Success
PAY004838,CUST00603,POL01000,2024-09-19,1285.43,Pending
PAY004839,CUST00603,POL01000,2024-12-19,1285.43,Success
PAY004840,CUST00603,POL01001,2024-12-20,1354.96,Success
PAY004841,CUST00603,POL01001,2025-06-20,1354.96,Success
PAY004842,CUST00604,POL01002,2023-04-11,495.32,Failed
PAY004843,CUST00604,POL01002,2023-10-10,495.32,Success
PAY004844,CUST00605,POL01003,2021-03-12,119.66,Success
PAY004845,CUST00605,POL01003,2021-04-11,119.66,Refunded
PAY004846,CUST00605,POL01003,2021-05-11,119.66,Success
PAY004847,CUST00605,POL01003,2021-06-10,119.66,Success
PAY004848,CUST00605,POL01003,2021-07-10,119.66,Pending
PAY004849,CUST00605,POL01003,2021-08-09,119.66,Success
PAY004850,CUST00605,POL01003,2021-09-08,119.66,Success
PAY004851,CUST00605,POL01003,2021-10-08,119.66,Success
PAY004852,CUST00605,POL01003,2021-11-07,119.66,Success
PAY004853,CUST00605,POL01003,2021-12-07,119.66,Failed
PAY004854,CUST00605,POL01003,2022-01-06,119.66,Success
PAY004855,CUST00605,POL01003,2022-02-05,119.66,Success
PAY004856,CUST00606,POL01004,2018-07-30,480.82,Success
PAY004857,CUST00606,POL01004,2018-10-29,480.82,Success
PAY004858,CUST00606,POL01004,2019-01-28,480.82,Failed
PAY004859,CUST00606,POL01004,2019-04-29,480.82,Pending
PAY004860,CUST00606,POL01005,2021-10-11,230.32,Refunded
PAY004861,CUST00606,POL01005,2021-11-10,230.32,Success
PAY004862,CUST00606,POL01005,2021-12-10,230.32,Success
PAY004863,CUST00606,POL01005,2022-01-09,230.32,Success
PAY004864,CUST00606,POL01005,2022-02-08,230.32,Success
PAY004865,CUST00606,POL01005,2022-03-10,230.32,Success
PAY004866,CUST00606,POL01005,2022-04-09,230.32,Failed
PAY004867,CUST00606,POL01005,2022-05-09,230.32,Success
PAY004868,CUST00606,POL01005,2022-06-08,230.32,Success
PAY004869,CUST00606,POL01005,2022-07-08,230.32,Success
PAY004870,CUST00606,POL01005,2022-08-07,230.32,Success
PAY004871,CUST00606,POL01005,2022-09-06,230.32,Success
PAY004872,CUST00606,POL01006,2021-04-13,174.38,Failed
PAY004873,CUST00606,POL01006,2021-07-13,174.38,Success
PAY004874,CUST00606,POL01006,2021-10-12,174.38,Success
PAY004875,CUST00606,POL01006,2022-01-11,174.38,Success
PAY004876,CUST00607,POL01007,2025-03-29,154.69,Success
PAY004877,CUST00607,POL01007,2025-04-28,154.69,Success
PAY004878,CUST00607,POL01007,2025-05-28,154.69,Pending
PAY004879,CUST00607,POL01007,2025-06-27,154.69,Success
PAY004880,CUST00607,POL01007,2025-07-27,154.69,Success
PAY004881,CUST00607,POL01007,2025-08-26,154.69,Success
PAY004882,CUST00607,POL01007,2025-09-25,154.69,Pending
PAY004883,CUST00607,POL01007,2025-10-25,154.69,Success
PAY004884,CUST00607,POL01007,2025-11-24,154.69,Success
PAY004885,CUST00607,POL01007,2025-12-24,154.69,Success
PAY004886,CUST00607,POL01007,2026-01-23,154.69,Success
PAY004887,CUST00607,POL01007,2026-02-22,154.69,Failed
PAY004888,CUST00607,POL01008,2024-04-16,74.75,Success
PAY004889,CUST00607,POL01008,2024-07-16,74.75,Success
PAY004890,CUST00607,POL01008,2024-10-15,74.75,Success
PAY004891,CUST00607,POL01008,2025-01-14,74.75,Success
PAY004892,CUST00607,POL01009,2020-09-12,81.89,Success
PAY004893,CUST00607,POL01009,2020-10-12,81.89,Failed
PAY004894,CUST00607,POL01009,2020-11-11,81.89,Success
PAY004895,CUST00607,POL01009,2020-12-11,81.89,Success
PAY004896,CUST00607,POL01009,2021-01-10,81.89,Success
PAY004897,CUST00607,POL01009,2021-02-09,81.89,Success
PAY004898,CUST00607,POL01009,2021-03-11,81.89,Success
PAY004899,CUST00607,POL01009,2021-04-10,81.89,Success
PAY004900,CUST00607,POL01009,2021-05-10,81.89,Success
PAY004901,CUST00607,POL01009,2021-06-09,81.89,Success
PAY004902,CUST00607,POL01009,2021-07-09,81.89,Success
PAY004903,CUST00607,POL01009,2021-08-08,81.89,Success
PAY004904,CUST00608,POL01010,2022-07-26,730.90,Failed
PAY004905,CUST00608,POL01011,2022-03-26,243.37,Success
PAY004906,CUST00608,POL01011,2022-04-25,243.37,Success
PAY004907,CUST00608,POL01011,2022-05-25,243.37,Success
PAY004908,CUST00608,POL01011,2022-06-24,243.37,Success
PAY004909,CUST00608,POL01011,2022-07-24,243.37,Success
PAY004910,CUST00608,POL01011,2022-08-23,243.37,Success
PAY004911,CUST00608,POL01011,2022-09-22,243.37,Success
PAY004912,CUST00608,POL01011,2022-10-22,243.37,Success
PAY004913,CUST00608,POL01011,2022-11-21,243.37,Success
PAY004914,CUST00608,POL01011,2022-12-21,243.37,Success
PAY004915,CUST00608,POL01011,2023-01-20,243.37,Success
PAY004916,CUST00608,POL01011,2023-02-19,243.37,Success
PAY004917,CUST00609,POL01012,2023-04-29,723.86,Success
PAY004918,CUST00609,POL01012,2023-10-28,723.86,Success
PAY004919,CUST00610,POL01013,2020-08-10,2267.28,Success
PAY004920,CUST00610,POL01014,2019-05-24,223.28,Success
PAY004921,CUST00610,POL01014,2019-06-23,223.28,Success
PAY004922,CUST00610,POL01014,2019-07-23,223.28,Success
PAY004923,CUST00610,POL01014,2019-08-22,223.28,Success
PAY004924,CUST00610,POL01014,2019-09-21,223.28,Success
PAY004925,CUST00610,POL01014,2019-10-21,223.28,Success
PAY004926,CUST00610,POL01014,2019-11-20,223.28,Success
PAY004927,CUST00610,POL01014,2019-12-20,223.28,Success
PAY004928,CUST00610,POL01014,2020-01-19,223.28,Success
PAY004929,CUST00610,POL01014,2020-02-18,223.28,Success
PAY004930,CUST00610,POL01014,2020-03-19,223.28,Success
PAY004931,CUST00610,POL01014,2020-04-18,223.28,Success
PAY004932,CUST00611,POL01015,2023-07-25,38.16,Success
PAY004933,CUST00611,POL01015,2023-08-24,38.16,Success
PAY004934,CUST00611,POL01015,2023-09-23,38.16,Success
PAY004935,CUST00611,POL01015,2023-10-23,38.16,Success
PAY004936,CUST00611,POL01015,2023-11-22,38.16,Success
PAY004937,CUST00611,POL01015,2023-12-22,38.16,Success
PAY004938,CUST00611,POL01015,2024-01-21,38.16,Refunded
PAY004939,CUST00611,POL01015,2024-02-20,38.16,Success
PAY004940,CUST00611,POL01015,2024-03-21,38.16,Success
PAY004941,CUST00611,POL01015,2024-04-20,38.16,Success
PAY004942,CUST00611,POL01015,2024-05-20,38.16,Success
PAY004943,CUST00611,POL01015,2024-06-19,38.16,Failed
PAY004944,CUST00611,POL01016,2020-02-19,5372.22,Success
PAY004945,CUST00612,POL01017,2022-09-22,179.89,Success
PAY004946,CUST00612,POL01017,2022-10-22,179.89,Success
PAY004947,CUST00612,POL01017,2022-11-21,179.89,Success
PAY004948,CUST00612,POL01017,2022-12-21,179.89,Success
PAY004949,CUST00612,POL01017,2023-01-20,179.89,Success
PAY004950,CUST00612,POL01017,2023-02-19,179.89,Success
PAY004951,CUST00612,POL01017,2023-03-21,179.89,Success
PAY004952,CUST00612,POL01017,2023-04-20,179.89,Success
PAY004953,CUST00612,POL01017,2023-05-20,179.89,Success
PAY004954,CUST00612,POL01017,2023-06-19,179.89,Success
PAY004955,CUST00612,POL01017,2023-07-19,179.89,Success
PAY004956,CUST00612,POL01017,2023-08-18,179.89,Success
PAY004957,CUST00613,POL01018,2018-05-18,1070.68,Success
PAY004958,CUST00613,POL01019,2020-10-04,183.57,Success
PAY004959,CUST00613,POL01019,2020-11-03,183.57,Success
PAY004960,CUST00613,POL01019,2020-12-03,183.57,Success
PAY004961,CUST00613,POL01019,2021-01-02,183.57,Success
PAY004962,CUST00613,POL01019,2021-02-01,183.57,Refunded
PAY004963,CUST00613,POL01019,2021-03-03,183.57,Success
PAY004964,CUST00613,POL01019,2021-04-02,183.57,Success
PAY004965,CUST00613,POL01019,2021-05-02,183.57,Success
PAY004966,CUST00613,POL01019,2021-06-01,183.57,Success
PAY004967,CUST00613,POL01019,2021-07-01,183.57,Pending
PAY004968,CUST00613,POL01019,2021-07-31,183.57,Success
PAY004969,CUST00613,POL01019,2021-08-30,183.57,Success
PAY004970,CUST00614,POL01020,2024-05-26,131.56,Success
PAY004971,CUST00614,POL01020,2024-08-25,131.56,Success
PAY004972,CUST00614,POL01020,2024-11-24,131.56,Success
PAY004973,CUST00614,POL01020,2025-02-23,131.56,Success
PAY004974,CUST00615,POL01021,2018-12-22,351.31,Success
PAY004975,CUST00615,POL01021,2019-03-23,351.31,Success
PAY004976,CUST00615,POL01021,2019-06-22,351.31,Success
PAY004977,CUST00615,POL01021,2019-09-21,351.31,Success
PAY004978,CUST00615,POL01022,2019-01-16,389.28,Success
PAY004979,CUST00615,POL01022,2019-04-17,389.28,Pending
PAY004980,CUST00615,POL01022,2019-07-17,389.28,Success
PAY004981,CUST00615,POL01022,2019-10-16,389.28,Failed
PAY004982,CUST00616,POL01023,2022-03-08,387.04,Success
PAY004983,CUST00616,POL01024,2024-06-10,323.37,Success
PAY004984,CUST00616,POL01024,2024-09-09,323.37,Success
PAY004985,CUST00616,POL01024,2024-12-09,323.37,Success
PAY004986,CUST00616,POL01024,2025-03-10,323.37,Pending
PAY004987,CUST00616,POL01025,2018-10-03,93.95,Success
PAY004988,CUST00616,POL01025,2018-11-02,93.95,Success
PAY004989,CUST00616,POL01025,2018-12-02,93.95,Failed
PAY004990,CUST00616,POL01025,2019-01-01,93.95,Success
PAY004991,CUST00616,POL01025,2019-01-31,93.95,Success
PAY004992,CUST00616,POL01025,2019-03-02,93.95,Success
PAY004993,CUST00616,POL01025,2019-04-01,93.95,Success
PAY004994,CUST00616,POL01025,2019-05-01,93.95,Success
PAY004995,CUST00616,POL01025,2019-05-31,93.95,Success
PAY004996,CUST00616,POL01025,2019-06-30,93.95,Success
PAY004997,CUST00616,POL01025,2019-07-30,93.95,Success
PAY004998,CUST00616,POL01025,2019-08-29,93.95,Success
PAY004999,CUST00617,POL01026,2023-02-08,76.47,Failed
PAY005000,CUST00617,POL01026,2023-05-10,76.47,Success
PAY005001,CUST00617,POL01026,2023-08-09,76.47,Success
PAY005002,CUST00617,POL01026,2023-11-08,76.47,Success
PAY005003,CUST00618,POL01027,2018-12-03,1118.35,Success
PAY005004,CUST00618,POL01027,2019-06-03,1118.35,Pending
PAY005005,CUST00618,POL01028,2018-11-09,1081.75,Success
PAY005006,CUST00619,POL01029,2019-11-19,35.74,Success
PAY005007,CUST00619,POL01029,2019-12-19,35.74,Success
PAY005008,CUST00619,POL01029,2020-01-18,35.74,Success
PAY005009,CUST00619,POL01029,2020-02-17,35.74,Success
PAY005010,CUST00619,POL01029,2020-03-18,35.74,Success
PAY005011,CUST00619,POL01029,2020-04-17,35.74,Success
PAY005012,CUST00619,POL01029,2020-05-17,35.74,Success
PAY005013,CUST00619,POL01029,2020-06-16,35.74,Refunded
PAY005014,CUST00619,POL01029,2020-07-16,35.74,Refunded
PAY005015,CUST00619,POL01029,2020-08-15,35.74,Success
PAY005016,CUST00619,POL01029,2020-09-14,35.74,Success
PAY005017,CUST00619,POL01029,2020-10-14,35.74,Success
PAY005018,CUST00619,POL01030,2024-03-19,1073.45,Success
PAY005019,CUST00619,POL01030,2024-09-17,1073.45,Success
PAY005020,CUST00619,POL01031,2020-06-21,5479.34,Success
PAY005021,CUST00620,POL01032,2019-12-10,89.62,Success
PAY005022,CUST00620,POL01032,2020-03-10,89.62,Failed
PAY005023,CUST00620,POL01032,2020-06-09,89.62,Success
PAY005024,CUST00620,POL01032,2020-09-08,89.62,Success
PAY005025,CUST00621,POL01033,2019-09-26,619.58,Pending
PAY005026,CUST00621,POL01033,2019-12-26,619.58,Success
PAY005027,CUST00621,POL01033,2020-03-26,619.58,Success
PAY005028,CUST00621,POL01033,2020-06-25,619.58,Success
PAY005029,CUST00622,POL01034,2018-06-09,668.77,Success
PAY005030,CUST00622,POL01034,2018-12-08,668.77,Success
PAY005031,CUST00623,POL01035,2021-08-02,312.69,Success
PAY005032,CUST00623,POL01035,2021-11-01,312.69,Failed
PAY005033,CUST00623,POL01035,2022-01-31,312.69,Success
PAY005034,CUST00623,POL01035,2022-05-02,312.69,Success
PAY005035,CUST00624,POL01036,2024-09-15,214.08,Success
PAY005036,CUST00624,POL01036,2025-03-16,214.08,Success
PAY005037,CUST00625,POL01037,2018-03-12,36.37,Success
PAY005038,CUST00625,POL01037,2018-04-11,36.37,Success
PAY005039,CUST00625,POL01037,2018-05-11,36.37,Success
PAY005040,CUST00625,POL01037,2018-06-10,36.37,Success
PAY005041,CUST00625,POL01037,2018-07-10,36.37,Success
PAY005042,CUST00625,POL01037,2018-08-09,36.37,Pending
PAY005043,CUST00625,POL01037,2018-09-08,36.37,Success
PAY005044,CUST00625,POL01037,2018-10-08,36.37,Success
PAY005045,CUST00625,POL01037,2018-11-07,36.37,Success
PAY005046,CUST00625,POL01037,2018-12-07,36.37,Success
PAY005047,CUST00625,POL01037,2019-01-06,36.37,Success
PAY005048,CUST00625,POL01037,2019-02-05,36.37,Success
PAY005049,CUST00625,POL01038,2023-08-25,56.12,Success
PAY005050,CUST00625,POL01038,2023-09-24,56.12,Success
PAY005051,CUST00625,POL01038,2023-10-24,56.12,Success
PAY005052,CUST00625,POL01038,2023-11-23,56.12,Success
PAY005053,CUST00625,POL01038,2023-12-23,56.12,Success
PAY005054,CUST00625,POL01038,2024-01-22,56.12,Success
PAY005055,CUST00625,POL01038,2024-02-21,56.12,Success
PAY005056,CUST00625,POL01038,2024-03-22,56.12,Success
PAY005057,CUST00625,POL01038,2024-04-21,56.12,Success
PAY005058,CUST00625,POL01038,2024-05-21,56.12,Success
PAY005059,CUST00625,POL01038,2024-06-20,56.12,Success
PAY005060,CUST00625,POL01038,2024-07-20,56.12,Success
PAY005061,CUST00626,POL01039,2024-06-04,1551.15,Failed
PAY005062,CUST00626,POL01040,2023-02-11,2904.39,Success
PAY005063,CUST00626,POL01040,2023-08-12,2904.39,Success
PAY005064,CUST00627,POL01041,2024-11-03,46.59,Success
PAY005065,CUST00627,POL01041,2024-12-03,46.59,Success
PAY005066,CUST00627,POL01041,2025-01-02,46.59,Success
PAY005067,CUST00627,POL01041,2025-02-01,46.59,Success
PAY005068,CUST00627,POL01041,2025-03-03,46.59,Pending
PAY005069,CUST00627,POL01041,2025-04-02,46.59,Success
PAY005070,CUST00627,POL01041,2025-05-02,46.59,Success
PAY005071,CUST00627,POL01041,2025-06-01,46.59,Success
PAY005072,CUST00627,POL01041,2025-07-01,46.59,Success
PAY005073,CUST00627,POL01041,2025-07-31,46.59,Success
PAY005074,CUST00627,POL01041,2025-08-30,46.59,Pending
PAY005075,CUST00627,POL01041,2025-09-29,46.59,Success
PAY005076,CUST00627,POL01042,2023-10-15,126.02,Success
PAY005077,CUST00627,POL01042,2023-11-14,126.02,Success
PAY005078,CUST00627,POL01042,2023-12-14,126.02,Success
PAY005079,CUST00627,POL01042,2024-01-13,126.02,Failed
PAY005080,CUST00627,POL01042,2024-02-12,126.02,Success
PAY005081,CUST00627,POL01042,2024-03-13,126.02,Success
PAY005082,CUST00627,POL01042,2024-04-12,126.02,Success
PAY005083,CUST00627,POL01042,2024-05-12,126.02,Pending
PAY005084,CUST00627,POL01042,2024-06-11,126.02,Failed
PAY005085,CUST00627,POL01042,2024-07-11,126.02,Success
PAY005086,CUST00627,POL01042,2024-08-10,126.02,Success
PAY005087,CUST00627,POL01042,2024-09-09,126.02,Success
PAY005088,CUST00628,POL01043,2024-10-22,1600.47,Success
PAY005089,CUST00629,POL01044,2019-07-06,1419.05,Success
PAY005090,CUST00629,POL01045,2020-04-23,106.06,Success
PAY005091,CUST00629,POL01045,2020-10-22,106.06,Success
PAY005092,CUST00629,POL01046,2018-02-07,1006.95,Success
PAY005093,CUST00629,POL01046,2018-08-08,1006.95,Success
PAY005094,CUST00630,POL01047,2020-10-04,235.04,Success
PAY005095,CUST00630,POL01047,2021-04-04,235.04,Success
PAY005096,CUST00630,POL01048,2019-06-09,126.14,Success
PAY005097,CUST00630,POL01048,2019-09-08,126.14,Success
PAY005098,CUST00630,POL01048,2019-12-08,126.14,Success
PAY005099,CUST00630,POL01048,2020-03-08,126.14,Success
PAY005100,CUST00631,POL01049,2020-11-13,168.12,Success
PAY005101,CUST00631,POL01049,2021-05-14,168.12,Success
PAY005102,CUST00632,POL01050,2023-11-23,20.69,Success
PAY005103,CUST00632,POL01050,2023-12-23,20.69,Success
PAY005104,CUST00632,POL01050,2024-01-22,20.69,Success
PAY005105,CUST00632,POL01050,2024-02-21,20.69,Success
PAY005106,CUST00632,POL01050,2024-03-22,20.69,Pending
PAY005107,CUST00632,POL01050,2024-04-21,20.69,Success
PAY005108,CUST00632,POL01050,2024-05-21,20.69,Success
PAY005109,CUST00632,POL01050,2024-06-20,20.69,Success
PAY005110,CUST00632,POL01050,2024-07-20,20.69,Success
PAY005111,CUST00632,POL01050,2024-08-19,20.69,Success
PAY005112,CUST00632,POL01050,2024-09-18,20.69,Success
PAY005113,CUST00632,POL01050,2024-10-18,20.69,Success
PAY005114,CUST00632,POL01051,2021-05-05,791.40,Success
PAY005115,CUST00632,POL01051,2021-11-03,791.40,Success
PAY005116,CUST00632,POL01052,2024-06-12,1002.50,Success
PAY005117,CUST00633,POL01053,2024-01-11,1146.90,Success
PAY005118,CUST00633,POL01053,2024-04-11,1146.90,Success
PAY005119,CUST00633,POL01053,2024-07-11,1146.90,Success
PAY005120,CUST00633,POL01053,2024-10-10,1146.90,Success
PAY005121,CUST00633,POL01054,2025-04-24,1233.68,Success
PAY005122,CUST00634,POL01055,2022-12-10,465.41,Success
PAY005123,CUST00634,POL01055,2023-01-09,465.41,Success
PAY005124,CUST00634,POL01055,2023-02-08,465.41,Success
PAY005125,CUST00634,POL01055,2023-03-10,465.41,Success
PAY005126,CUST00634,POL01055,2023-04-09,465.41,Success
PAY005127,CUST00634,POL01055,2023-05-09,465.41,Success
PAY005128,CUST00634,POL01055,2023-06-08,465.41,Success
PAY005129,CUST00634,POL01055,2023-07-08,465.41,Success
PAY005130,CUST00634,POL01055,2023-08-07,465.41,Success
PAY005131,CUST00634,POL01055,2023-09-06,465.41,Success
PAY005132,CUST00634,POL01055,2023-10-06,465.41,Success
PAY005133,CUST00634,POL01055,2023-11-05,465.41,Success
PAY005134,CUST00635,POL01056,2018-12-18,119.67,Failed
PAY005135,CUST00635,POL01056,2019-01-17,119.67,Success
PAY005136,CUST00635,POL01056,2019-02-16,119.67,Success
PAY005137,CUST00635,POL01056,2019-03-18,119.67,Success
PAY005138,CUST00635,POL01056,2019-04-17,119.67,Failed
PAY005139,CUST00635,POL01056,2019-05-17,119.67,Success
PAY005140,CUST00635,POL01056,2019-06-16,119.67,Success
PAY005141,CUST00635,POL01056,2019-07-16,119.67,Success
PAY005142,CUST00635,POL01056,2019-08-15,119.67,Success
PAY005143,CUST00635,POL01056,2019-09-14,119.67,Success
PAY005144,CUST00635,POL01056,2019-10-14,119.67,Pending
PAY005145,CUST00635,POL01056,2019-11-13,119.67,Success
PAY005146,CUST00636,POL01057,2024-03-16,1085.89,Success
PAY005147,CUST00636,POL01057,2024-06-15,1085.89,Success
PAY005148,CUST00636,POL01057,2024-09-14,1085.89,Success
PAY005149,CUST00636,POL01057,2024-12-14,1085.89,Refunded
PAY005150,CUST00637,POL01058,2021-09-28,27.51,Success
PAY005151,CUST00637,POL01058,2021-10-28,27.51,Success
PAY005152,CUST00637,POL01058,2021-11-27,27.51,Failed
PAY005153,CUST00637,POL01058,2021-12-27,27.51,Success
PAY005154,CUST00637,POL01058,2022-01-26,27.51,Success
PAY005155,CUST00637,POL01058,2022-02-25,27.51,Success
PAY005156,CUST00637,POL01058,2022-03-27,27.51,Success
PAY005157,CUST00637,POL01058,2022-04-26,27.51,Success
PAY005158,CUST00637,POL01058,2022-05-26,27.51,Success
PAY005159,CUST00637,POL01058,2022-06-25,27.51,Success
PAY005160,CUST00637,POL01058,2022-07-25,27.51,Success
PAY005161,CUST00637,POL01058,2022-08-24,27.51,Success
PAY005162,CUST00637,POL01059,2020-09-30,56.47,Success
PAY005163,CUST00637,POL01059,2020-10-30,56.47,Success
PAY005164,CUST00637,POL01059,2020-11-29,56.47,Success
PAY005165,CUST00637,POL01059,2020-12-29,56.47,Success
PAY005166,CUST00637,POL01059,2021-01-28,56.47,Success
PAY005167,CUST00637,POL01059,2021-02-27,56.47,Success
PAY005168,CUST00637,POL01059,2021-03-29,56.47,Success
PAY005169,CUST00637,POL01059,2021-04-28,56.47,Success
PAY005170,CUST00637,POL01059,2021-05-28,56.47,Success
PAY005171,CUST00637,POL01059,2021-06-27,56.47,Success
PAY005172,CUST00637,POL01059,2021-07-27,56.47,Refunded
PAY005173,CUST00637,POL01059,2021-08-26,56.47,Success
PAY005174,CUST00637,POL01060,2021-09-24,1048.86,Pending
PAY005175,CUST00637,POL01060,2021-12-24,1048.86,Success
PAY005176,CUST00637,POL01060,2022-03-25,1048.86,Success
PAY005177,CUST00637,POL01060,2022-06-24,1048.86,Success
PAY005178,CUST00638,POL01061,2018-06-24,1355.38,Pending
PAY005179,CUST00638,POL01061,2018-12-23,1355.38,Success
PAY005180,CUST00638,POL01062,2023-02-03,124.14,Success
PAY005181,CUST00638,POL01062,2023-05-05,124.14,Success
PAY005182,CUST00638,POL01062,2023-08-04,124.14,Success
PAY005183,CUST00638,POL01062,2023-11-03,124.14,Success
PAY005184,CUST00638,POL01063,2022-06-08,432.48,Success
PAY005185,CUST00638,POL01063,2022-07-08,432.48,Success
PAY005186,CUST00638,POL01063,2022-08-07,432.48,Success
PAY005187,CUST00638,POL01063,2022-09-06,432.48,Success
PAY005188,CUST00638,POL01063,2022-10-06,432.48,Success
PAY005189,CUST00638,POL01063,2022-11-05,432.48,Failed
PAY005190,CUST00638,POL01063,2022-12-05,432.48,Pending
PAY005191,CUST00638,POL01063,2023-01-04,432.48,Success
PAY005192,CUST00638,POL01063,2023-02-03,432.48,Failed
PAY005193,CUST00638,POL01063,2023-03-05,432.48,Success
PAY005194,CUST00638,POL01063,2023-04-04,432.48,Failed
PAY005195,CUST00638,POL01063,2023-05-04,432.48,Success
PAY005196,CUST00639,POL01064,2022-02-25,75.84,Success
PAY005197,CUST00639,POL01064,2022-03-27,75.84,Success
PAY005198,CUST00639,POL01064,2022-04-26,75.84,Success
PAY005199,CUST00639,POL01064,2022-05-26,75.84,Refunded
PAY005200,CUST00639,POL01064,2022-06-25,75.84,Success
PAY005201,CUST00639,POL01064,2022-07-25,75.84,Success
PAY005202,CUST00639,POL01064,2022-08-24,75.84,Success
PAY005203,CUST00639,POL01064,2022-09-23,75.84,Success
PAY005204,CUST00639,POL01064,2022-10-23,75.84,Success
PAY005205,CUST00639,POL01064,2022-11-22,75.84,Success
PAY005206,CUST00639,POL01064,2022-12-22,75.84,Failed
PAY005207,CUST00639,POL01064,2023-01-21,75.84,Success
PAY005208,CUST00640,POL01065,2025-06-08,827.97,Failed
PAY005209,CUST00640,POL01065,2025-12-07,827.97,Success
PAY005210,CUST00640,POL01066,2020-05-11,123.46,Success
PAY005211,CUST00640,POL01066,2020-06-10,123.46,Success
PAY005212,CUST00640,POL01066,2020-07-10,123.46,Success
PAY005213,CUST00640,POL01066,2020-08-09,123.46,Success
PAY005214,CUST00640,POL01066,2020-09-08,123.46,Success
PAY005215,CUST00640,POL01066,2020-10-08,123.46,Success
PAY005216,CUST00640,POL01066,2020-11-07,123.46,Success
PAY005217,CUST00640,POL01066,2020-12-07,123.46,Success
PAY005218,CUST00640,POL01066,2021-01-06,123.46,Success
PAY005219,CUST00640,POL01066,2021-02-05,123.46,Success
PAY005220,CUST00640,POL01066,2021-03-07,123.46,Refunded
PAY005221,CUST00640,POL01066,2021-04-06,123.46,Success
PAY005222,CUST00641,POL01067,2022-07-17,468.61,Success
PAY005223,CUST00641,POL01067,2023-01-15,468.61,Success
PAY005224,CUST00641,POL01068,2020-07-25,5129.51,Success
PAY005225,CUST00642,POL01069,2020-07-03,886.65,Success
PAY005226,CUST00643,POL01070,2022-03-08,1783.13,Success
PAY005227,CUST00644,POL01071,2019-09-29,896.07,Success
PAY005228,CUST00644,POL01071,2020-03-29,896.07,Success
PAY005229,CUST00645,POL01072,2020-10-27,926.17,Success
PAY005230,CUST00645,POL01072,2021-04-27,926.17,Success
PAY005231,CUST00646,POL01073,2021-12-01,47.71,Success
PAY005232,CUST00646,POL01073,2021-12-31,47.71,Success
PAY005233,CUST00646,POL01073,2022-01-30,47.71,Success
PAY005234,CUST00646,POL01073,2022-03-01,47.71,Success
PAY005235,CUST00646,POL01073,2022-03-31,47.71,Success
PAY005236,CUST00646,POL01073,2022-04-30,47.71,Success
PAY005237,CUST00646,POL01073,2022-05-30,47.71,Success
PAY005238,CUST00646,POL01073,2022-06-29,47.71,Refunded
PAY005239,CUST00646,POL01073,2022-07-29,47.71,Success
PAY005240,CUST00646,POL01073,2022-08-28,47.71,Success
PAY005241,CUST00646,POL01073,2022-09-27,47.71,Failed
PAY005242,CUST00646,POL01073,2022-10-27,47.71,Success
PAY005243,CUST00647,POL01074,2023-02-28,754.20,Success
PAY005244,CUST00647,POL01074,2023-08-29,754.20,Success
PAY005245,CUST00648,POL01075,2019-12-31,99.72,Success
PAY005246,CUST00648,POL01075,2020-06-30,99.72,Success
PAY005247,CUST00649,POL01076,2025-08-04,2999.66,Pending
PAY005248,CUST00649,POL01076,2026-02-02,2999.66,Success
PAY005249,CUST00650,POL01077,2020-05-28,98.95,Success
PAY005250,CUST00650,POL01077,2020-11-26,98.95,Success
PAY005251,CUST00651,POL01078,2024-11-21,194.20,Success
PAY005252,CUST00651,POL01078,2024-12-21,194.20,Pending
PAY005253,CUST00651,POL01078,2025-01-20,194.20,Success
PAY005254,CUST00651,POL01078,2025-02-19,194.20,Refunded
PAY005255,CUST00651,POL01078,2025-03-21,194.20,Success
PAY005256,CUST00651,POL01078,2025-04-20,194.20,Success
PAY005257,CUST00651,POL01078,2025-05-20,194.20,Success
PAY005258,CUST00651,POL01078,2025-06-19,194.20,Failed
PAY005259,CUST00651,POL01078,2025-07-19,194.20,Success
PAY005260,CUST00651,POL01078,2025-08-18,194.20,Success
PAY005261,CUST00651,POL01078,2025-09-17,194.20,Success
PAY005262,CUST00651,POL01078,2025-10-17,194.20,Success
PAY005263,CUST00652,POL01079,2018-07-31,1147.99,Success
PAY005264,CUST00652,POL01080,2025-07-04,827.11,Success
PAY005265,CUST00652,POL01081,2019-03-01,1202.61,Success
PAY005266,CUST00652,POL01081,2019-08-30,1202.61,Success
PAY005267,CUST00653,POL01082,2021-09-26,48.64,Success
PAY005268,CUST00653,POL01082,2021-10-26,48.64,Success
PAY005269,CUST00653,POL01082,2021-11-25,48.64,Success
PAY005270,CUST00653,POL01082,2021-12-25,48.64,Success
PAY005271,CUST00653,POL01082,2022-01-24,48.64,Success
PAY005272,CUST00653,POL01082,2022-02-23,48.64,Success
PAY005273,CUST00653,POL01082,2022-03-25,48.64,Success
PAY005274,CUST00653,POL01082,2022-04-24,48.64,Success
PAY005275,CUST00653,POL01082,2022-05-24,48.64,Success
PAY005276,CUST00653,POL01082,2022-06-23,48.64,Success
PAY005277,CUST00653,POL01082,2022-07-23,48.64,Success
PAY005278,CUST00653,POL01082,2022-08-22,48.64,Success
PAY005279,CUST00653,POL01083,2021-07-22,391.69,Success
PAY005280,CUST00653,POL01083,2022-01-20,391.69,Success
PAY005281,CUST00654,POL01084,2019-08-15,192.74,Refunded
PAY005282,CUST00654,POL01084,2019-11-14,192.74,Success
PAY005283,CUST00654,POL01084,2020-02-13,192.74,Success
PAY005284,CUST00654,POL01084,2020-05-14,192.74,Success
PAY005285,CUST00654,POL01085,2021-02-18,147.97,Success
PAY005286,CUST00654,POL01085,2021-03-20,147.97,Success
PAY005287,CUST00654,POL01085,2021-04-19,147.97,Success
PAY005288,CUST00654,POL01085,2021-05-19,147.97,Success
PAY005289,CUST00654,POL01085,2021-06-18,147.97,Pending
PAY005290,CUST00654,POL01085,2021-07-18,147.97,Success
PAY005291,CUST00654,POL01085,2021-08-17,147.97,Success
PAY005292,CUST00654,POL01085,2021-09-16,147.97,Success
PAY005293,CUST00654,POL01085,2021-10-16,147.97,Success
PAY005294,CUST00654,POL01085,2021-11-15,147.97,Success
PAY005295,CUST00654,POL01085,2021-12-15,147.97,Success
PAY005296,CUST00654,POL01085,2022-01-14,147.97,Success
PAY005297,CUST00655,POL01086,2019-11-24,3639.16,Success
PAY005298,CUST00656,POL01087,2019-03-21,341.48,Success
PAY005299,CUST00656,POL01087,2019-04-20,341.48,Pending
PAY005300,CUST00656,POL01087,2019-05-20,341.48,Success
PAY005301,CUST00656,POL01087,2019-06-19,341.48,Success
PAY005302,CUST00656,POL01087,2019-07-19,341.48,Failed
PAY005303,CUST00656,POL01087,2019-08-18,341.48,Success
PAY005304,CUST00656,POL01087,2019-09-17,341.48,Success
PAY005305,CUST00656,POL01087,2019-10-17,341.48,Success
PAY005306,CUST00656,POL01087,2019-11-16,341.48,Success
PAY005307,CUST00656,POL01087,2019-12-16,341.48,Pending
PAY005308,CUST00656,POL01087,2020-01-15,341.48,Pending
PAY005309,CUST00656,POL01087,2020-02-14,341.48,Success
PAY005310,CUST00656,POL01088,2019-08-27,111.39,Success
PAY005311,CUST00656,POL01088,2019-11-26,111.39,Success
PAY005312,CUST00656,POL01088,2020-02-25,111.39,Success
PAY005313,CUST00656,POL01088,2020-05-26,111.39,Success
PAY005314,CUST00657,POL01089,2025-05-04,103.72,Success
PAY005315,CUST00657,POL01089,2025-06-03,103.72,Success
PAY005316,CUST00657,POL01089,2025-07-03,103.72,Success
PAY005317,CUST00657,POL01089,2025-08-02,103.72,Success
PAY005318,CUST00657,POL01089,2025-09-01,103.72,Failed
PAY005319,CUST00657,POL01089,2025-10-01,103.72,Success
PAY005320,CUST00657,POL01089,2025-10-31,103.72,Success
PAY005321,CUST00657,POL01089,2025-11-30,103.72,Success
PAY005322,CUST00657,POL01089,2025-12-30,103.72,Success
PAY005323,CUST00657,POL01089,2026-01-29,103.72,Success
PAY005324,CUST00657,POL01089,2026-02-28,103.72,Success
PAY005325,CUST00657,POL01089,2026-03-30,103.72,Success
PAY005326,CUST00658,POL01090,2024-05-20,162.63,Success
PAY005327,CUST00658,POL01090,2024-06-19,162.63,Success
PAY005328,CUST00658,POL01090,2024-07-19,162.63,Success
PAY005329,CUST00658,POL01090,2024-08-18,162.63,Success
PAY005330,CUST00658,POL01090,2024-09-17,162.63,Success
PAY005331,CUST00658,POL01090,2024-10-17,162.63,Success
PAY005332,CUST00658,POL01090,2024-11-16,162.63,Success
PAY005333,CUST00658,POL01090,2024-12-16,162.63,Success
PAY005334,CUST00658,POL01090,2025-01-15,162.63,Refunded
PAY005335,CUST00658,POL01090,2025-02-14,162.63,Success
PAY005336,CUST00658,POL01090,2025-03-16,162.63,Refunded
PAY005337,CUST00658,POL01090,2025-04-15,162.63,Success
PAY005338,CUST00659,POL01091,2022-03-11,119.41,Success
PAY005339,CUST00659,POL01091,2022-04-10,119.41,Success
PAY005340,CUST00659,POL01091,2022-05-10,119.41,Success
PAY005341,CUST00659,POL01091,2022-06-09,119.41,Pending
PAY005342,CUST00659,POL01091,2022-07-09,119.41,Success
PAY005343,CUST00659,POL01091,2022-08-08,119.41,Pending
PAY005344,CUST00659,POL01091,2022-09-07,119.41,Success
PAY005345,CUST00659,POL01091,2022-10-07,119.41,Refunded
PAY005346,CUST00659,POL01091,2022-11-06,119.41,Success
PAY005347,CUST00659,POL01091,2022-12-06,119.41,Success
PAY005348,CUST00659,POL01091,2023-01-05,119.41,Success
PAY005349,CUST00659,POL01091,2023-02-04,119.41,Success
PAY005350,CUST00660,POL01092,2019-07-22,1018.15,Success
PAY005351,CUST00660,POL01092,2020-01-20,1018.15,Refunded
PAY005352,CUST00661,POL01093,2020-08-07,71.03,Success
PAY005353,CUST00661,POL01093,2020-11-06,71.03,Success
PAY005354,CUST00661,POL01093,2021-02-05,71.03,Success
PAY005355,CUST00661,POL01093,2021-05-07,71.03,Success
PAY005356,CUST00662,POL01094,2023-05-21,252.13,Success
PAY005357,CUST00662,POL01094,2023-08-20,252.13,Success
PAY005358,CUST00662,POL01094,2023-11-19,252.13,Refunded
PAY005359,CUST00662,POL01094,2024-02-18,252.13,Success
PAY005360,CUST00663,POL01095,2020-09-28,467.94,Failed
PAY005361,CUST00664,POL01096,2018-11-30,1800.76,Success
PAY005362,CUST00664,POL01096,2019-05-31,1800.76,Success
PAY005363,CUST00665,POL01097,2020-11-03,336.24,Success
PAY005364,CUST00665,POL01097,2020-12-03,336.24,Success
PAY005365,CUST00665,POL01097,2021-01-02,336.24,Failed
PAY005366,CUST00665,POL01097,2021-02-01,336.24,Success
PAY005367,CUST00665,POL01097,2021-03-03,336.24,Success
PAY005368,CUST00665,POL01097,2021-04-02,336.24,Failed
PAY005369,CUST00665,POL01097,2021-05-02,336.24,Success
PAY005370,CUST00665,POL01097,2021-06-01,336.24,Success
PAY005371,CUST00665,POL01097,2021-07-01,336.24,Success
PAY005372,CUST00665,POL01097,2021-07-31,336.24,Success
PAY005373,CUST00665,POL01097,2021-08-30,336.24,Success
PAY005374,CUST00665,POL01097,2021-09-29,336.24,Success
PAY005375,CUST00666,POL01098,2018-09-06,2890.01,Refunded
PAY005376,CUST00666,POL01098,2019-03-07,2890.01,Success
PAY005377,CUST00667,POL01099,2018-07-02,4792.40,Pending
PAY005378,CUST00667,POL01100,2019-04-22,318.54,Success
PAY005379,CUST00667,POL01100,2019-07-22,318.54,Success
PAY005380,CUST00667,POL01100,2019-10-21,318.54,Success
PAY005381,CUST00667,POL01100,2020-01-20,318.54,Success
PAY005382,CUST00668,POL01101,2021-03-31,1007.39,Success
PAY005383,CUST00668,POL01101,2021-09-29,1007.39,Success
PAY005384,CUST00669,POL01102,2023-04-21,169.12,Success
PAY005385,CUST00669,POL01102,2023-10-20,169.12,Success
PAY005386,CUST00670,POL01103,2021-01-04,819.74,Success
PAY005387,CUST00670,POL01103,2021-07-05,819.74,Success
PAY005388,CUST00671,POL01104,2020-06-13,1362.10,Success
PAY005389,CUST00671,POL01105,2020-04-20,708.50,Success
PAY005390,CUST00671,POL01105,2020-10-19,708.50,Success
PAY005391,CUST00672,POL01106,2019-06-17,506.87,Success
PAY005392,CUST00672,POL01106,2019-12-16,506.87,Success
PAY005393,CUST00672,POL01107,2020-09-17,798.33,Refunded
PAY005394,CUST00672,POL01107,2021-03-18,798.33,Success
PAY005395,CUST00672,POL01108,2024-05-07,836.95,Success
PAY005396,CUST00672,POL01108,2024-11-05,836.95,Success
PAY005397,CUST00673,POL01109,2020-09-20,2028.03,Success
PAY005398,CUST00674,POL01110,2025-01-31,557.03,Failed
PAY005399,CUST00675,POL01111,2018-05-03,102.78,Success
PAY005400,CUST00675,POL01111,2018-06-02,102.78,Success
PAY005401,CUST00675,POL01111,2018-07-02,102.78,Success
PAY005402,CUST00675,POL01111,2018-08-01,102.78,Success
PAY005403,CUST00675,POL01111,2018-08-31,102.78,Success
PAY005404,CUST00675,POL01111,2018-09-30,102.78,Success
PAY005405,CUST00675,POL01111,2018-10-30,102.78,Failed
PAY005406,CUST00675,POL01111,2018-11-29,102.78,Failed
PAY005407,CUST00675,POL01111,2018-12-29,102.78,Success
PAY005408,CUST00675,POL01111,2019-01-28,102.78,Pending
PAY005409,CUST00675,POL01111,2019-02-27,102.78,Success
PAY005410,CUST00675,POL01111,2019-03-29,102.78,Pending
PAY005411,CUST00676,POL01112,2023-05-23,1011.77,Success
PAY005412,CUST00676,POL01112,2023-11-21,1011.77,Success
PAY005413,CUST00677,POL01113,2023-06-06,15.36,Success
PAY005414,CUST00677,POL01113,2023-07-06,15.36,Refunded
PAY005415,CUST00677,POL01113,2023-08-05,15.36,Success
PAY005416,CUST00677,POL01113,2023-09-04,15.36,Success
PAY005417,CUST00677,POL01113,2023-10-04,15.36,Success
PAY005418,CUST00677,POL01113,2023-11-03,15.36,Success
PAY005419,CUST00677,POL01113,2023-12-03,15.36,Success
PAY005420,CUST00677,POL01113,2024-01-02,15.36,Success
PAY005421,CUST00677,POL01113,2024-02-01,15.36,Failed
PAY005422,CUST00677,POL01113,2024-03-02,15.36,Success
PAY005423,CUST00677,POL01113,2024-04-01,15.36,Success
PAY005424,CUST00677,POL01113,2024-05-01,15.36,Success
PAY005425,CUST00678,POL01114,2022-05-26,196.93,Pending
PAY005426,CUST00678,POL01114,2022-11-24,196.93,Pending
PAY005427,CUST00679,POL01115,2019-09-07,166.21,Success
PAY005428,CUST00679,POL01115,2019-12-07,166.21,Success
PAY005429,CUST00679,POL01115,2020-03-07,166.21,Success
PAY005430,CUST00679,POL01115,2020-06-06,166.21,Pending
PAY005431,CUST00680,POL01116,2021-01-07,1147.09,Success
PAY005432,CUST00680,POL01117,2020-07-30,394.28,Success
PAY005433,CUST00681,POL01118,2023-12-31,295.01,Success
PAY005434,CUST00681,POL01118,2024-06-30,295.01,Success
PAY005435,CUST00681,POL01119,2019-02-13,308.36,Success
PAY005436,CUST00681,POL01119,2019-08-14,308.36,Success
PAY005437,CUST00681,POL01120,2018-10-29,1919.30,Success
PAY005438,CUST00681,POL01120,2019-04-29,1919.30,Success
PAY005439,CUST00682,POL01121,2024-07-26,1012.07,Success
PAY005440,CUST00682,POL01121,2025-01-24,1012.07,Success
PAY005441,CUST00682,POL01122,2025-03-30,461.62,Success
PAY005442,CUST00682,POL01122,2025-04-29,461.62,Success
PAY005443,CUST00682,POL01122,2025-05-29,461.62,Success
PAY005444,CUST00682,POL01122,2025-06-28,461.62,Success
PAY005445,CUST00682,POL01122,2025-07-28,461.62,Success
PAY005446,CUST00682,POL01122,2025-08-27,461.62,Success
PAY005447,CUST00682,POL01122,2025-09-26,461.62,Success
PAY005448,CUST00682,POL01122,2025-10-26,461.62,Success
PAY005449,CUST00682,POL01122,2025-11-25,461.62,Success
PAY005450,CUST00682,POL01122,2025-12-25,461.62,Success
PAY005451,CUST00682,POL01122,2026-01-24,461.62,Success
PAY005452,CUST00682,POL01122,2026-02-23,461.62,Success
PAY005453,CUST00683,POL01123,2023-03-31,191.35,Success
PAY005454,CUST00683,POL01123,2023-09-29,191.35,Success
PAY005455,CUST00684,POL01124,2022-11-14,176.51,Success
PAY005456,CUST00684,POL01124,2022-12-14,176.51,Success
PAY005457,CUST00684,POL01124,2023-01-13,176.51,Success
PAY005458,CUST00684,POL01124,2023-02-12,176.51,Success
PAY005459,CUST00684,POL01124,2023-03-14,176.51,Failed
PAY005460,CUST00684,POL01124,2023-04-13,176.51,Refunded
PAY005461,CUST00684,POL01124,2023-05-13,176.51,Success
PAY005462,CUST00684,POL01124,2023-06-12,176.51,Success
PAY005463,CUST00684,POL01124,2023-07-12,176.51,Success
PAY005464,CUST00684,POL01124,2023-08-11,176.51,Success
PAY005465,CUST00684,POL01124,2023-09-10,176.51,Success
PAY005466,CUST00684,POL01124,2023-10-10,176.51,Success
PAY005467,CUST00684,POL01125,2022-03-22,1410.14,Success
PAY005468,CUST00684,POL01126,2020-07-16,142.46,Success
PAY005469,CUST00684,POL01126,2020-08-15,142.46,Success
PAY005470,CUST00684,POL01126,2020-09-14,142.46,Refunded
PAY005471,CUST00684,POL01126,2020-10-14,142.46,Success
PAY005472,CUST00684,POL01126,2020-11-13,142.46,Refunded
PAY005473,CUST00684,POL01126,2020-12-13,142.46,Failed
PAY005474,CUST00684,POL01126,2021-01-12,142.46,Success
PAY005475,CUST00684,POL01126,2021-02-11,142.46,Success
PAY005476,CUST00684,POL01126,2021-03-13,142.46,Success
PAY005477,CUST00684,POL01126,2021-04-12,142.46,Success
PAY005478,CUST00684,POL01126,2021-05-12,142.46,Success
PAY005479,CUST00684,POL01126,2021-06-11,142.46,Refunded
PAY005480,CUST00685,POL01127,2023-06-02,186.15,Failed
PAY005481,CUST00685,POL01127,2023-07-02,186.15,Success
PAY005482,CUST00685,POL01127,2023-08-01,186.15,Failed
PAY005483,CUST00685,POL01127,2023-08-31,186.15,Success
PAY005484,CUST00685,POL01127,2023-09-30,186.15,Success
PAY005485,CUST00685,POL01127,2023-10-30,186.15,Pending
PAY005486,CUST00685,POL01127,2023-11-29,186.15,Success
PAY005487,CUST00685,POL01127,2023-12-29,186.15,Success
PAY005488,CUST00685,POL01127,2024-01-28,186.15,Refunded
PAY005489,CUST00685,POL01127,2024-02-27,186.15,Success
PAY005490,CUST00685,POL01127,2024-03-28,186.15,Success
PAY005491,CUST00685,POL01127,2024-04-27,186.15,Success
PAY005492,CUST00686,POL01128,2020-08-03,216.65,Success
PAY005493,CUST00686,POL01128,2021-02-01,216.65,Success
PAY005494,CUST00687,POL01129,2022-06-11,1220.70,Success
PAY005495,CUST00687,POL01130,2020-07-01,127.63,Success
PAY005496,CUST00687,POL01130,2020-09-30,127.63,Success
PAY005497,CUST00687,POL01130,2020-12-30,127.63,Success
PAY005498,CUST00687,POL01130,2021-03-31,127.63,Success
PAY005499,CUST00688,POL01131,2022-08-29,2893.98,Success
PAY005500,CUST00689,POL01132,2018-02-13,1979.16,Success
PAY005501,CUST00689,POL01132,2018-08-14,1979.16,Success
PAY005502,CUST00689,POL01133,2021-05-18,538.12,Success
PAY005503,CUST00689,POL01133,2021-08-17,538.12,Success
PAY005504,CUST00689,POL01133,2021-11-16,538.12,Success
PAY005505,CUST00689,POL01133,2022-02-15,538.12,Success
PAY005506,CUST00690,POL01134,2018-09-08,122.74,Success
PAY005507,CUST00690,POL01134,2018-10-08,122.74,Success
PAY005508,CUST00690,POL01134,2018-11-07,122.74,Success
PAY005509,CUST00690,POL01134,2018-12-07,122.74,Success
PAY005510,CUST00690,POL01134,2019-01-06,122.74,Success
PAY005511,CUST00690,POL01134,2019-02-05,122.74,Success
PAY005512,CUST00690,POL01134,2019-03-07,122.74,Success
PAY005513,CUST00690,POL01134,2019-04-06,122.74,Success
PAY005514,CUST00690,POL01134,2019-05-06,122.74,Success
PAY005515,CUST00690,POL01134,2019-06-05,122.74,Success
PAY005516,CUST00690,POL01134,2019-07-05,122.74,Success
PAY005517,CUST00690,POL01134,2019-08-04,122.74,Success
PAY005518,CUST00691,POL01135,2020-01-21,239.16,Success
PAY005519,CUST00692,POL01136,2025-01-20,741.46,Success
PAY005520,CUST00692,POL01136,2025-04-21,741.46,Success
PAY005521,CUST00692,POL01136,2025-07-21,741.46,Success
PAY005522,CUST00692,POL01136,2025-10-20,741.46,Success
PAY005523,CUST00693,POL01137,2020-09-17,1378.07,Pending
PAY005524,CUST00693,POL01138,2023-12-29,248.72,Success
PAY005525,CUST00693,POL01138,2024-06-28,248.72,Refunded
PAY005526,CUST00694,POL01139,2024-08-28,56.77,Success
PAY005527,CUST00694,POL01139,2024-09-27,56.77,Failed
PAY005528,CUST00694,POL01139,2024-10-27,56.77,Failed
PAY005529,CUST00694,POL01139,2024-11-26,56.77,Success
PAY005530,CUST00694,POL01139,2024-12-26,56.77,Success
PAY005531,CUST00694,POL01139,2025-01-25,56.77,Success
PAY005532,CUST00694,POL01139,2025-02-24,56.77,Success
PAY005533,CUST00694,POL01139,2025-03-26,56.77,Success
PAY005534,CUST00694,POL01139,2025-04-25,56.77,Success
PAY005535,CUST00694,POL01139,2025-05-25,56.77,Success
PAY005536,CUST00694,POL01139,2025-06-24,56.77,Failed
PAY005537,CUST00694,POL01139,2025-07-24,56.77,Success
PAY005538,CUST00695,POL01140,2021-12-01,1207.10,Success
PAY005539,CUST00695,POL01140,2022-06-01,1207.10,Success
PAY005540,CUST00695,POL01141,2023-07-26,167.45,Success
PAY005541,CUST00695,POL01141,2023-08-25,167.45,Success
PAY005542,CUST00695,POL01141,2023-09-24,167.45,Success
PAY005543,CUST00695,POL01141,2023-10-24,167.45,Success
PAY005544,CUST00695,POL01141,2023-11-23,167.45,Success
PAY005545,CUST00695,POL01141,2023-12-23,167.45,Refunded
PAY005546,CUST00695,POL01141,2024-01-22,167.45,Success
PAY005547,CUST00695,POL01141,2024-02-21,167.45,Success
PAY005548,CUST00695,POL01141,2024-03-22,167.45,Success
PAY005549,CUST00695,POL01141,2024-04-21,167.45,Success
PAY005550,CUST00695,POL01141,2024-05-21,167.45,Success
PAY005551,CUST00695,POL01141,2024-06-20,167.45,Success
PAY005552,CUST00696,POL01142,2025-07-12,131.90,Success
PAY005553,CUST00696,POL01142,2025-08-11,131.90,Refunded
PAY005554,CUST00696,POL01142,2025-09-10,131.90,Success
PAY005555,CUST00696,POL01142,2025-10-10,131.90,Failed
PAY005556,CUST00696,POL01142,2025-11-09,131.90,Refunded
PAY005557,CUST00696,POL01142,2025-12-09,131.90,Success
PAY005558,CUST00696,POL01142,2026-01-08,131.90,Success
PAY005559,CUST00696,POL01142,2026-02-07,131.90,Success
PAY005560,CUST00696,POL01142,2026-03-09,131.90,Success
PAY005561,CUST00696,POL01142,2026-04-08,131.90,Success
PAY005562,CUST00696,POL01142,2026-05-08,131.90,Success
PAY005563,CUST00696,POL01142,2026-06-07,131.90,Success
PAY005564,CUST00697,POL01143,2025-05-25,89.31,Success
PAY005565,CUST00697,POL01143,2025-08-24,89.31,Success
PAY005566,CUST00697,POL01143,2025-11-23,89.31,Success
PAY005567,CUST00697,POL01143,2026-02-22,89.31,Success
PAY005568,CUST00698,POL01144,2018-06-05,96.61,Success
PAY005569,CUST00698,POL01144,2018-12-04,96.61,Success
PAY005570,CUST00699,POL01145,2021-02-25,127.17,Success
PAY005571,CUST00699,POL01145,2021-03-27,127.17,Success
PAY005572,CUST00699,POL01145,2021-04-26,127.17,Success
PAY005573,CUST00699,POL01145,2021-05-26,127.17,Success
PAY005574,CUST00699,POL01145,2021-06-25,127.17,Success
PAY005575,CUST00699,POL01145,2021-07-25,127.17,Success
PAY005576,CUST00699,POL01145,2021-08-24,127.17,Success
PAY005577,CUST00699,POL01145,2021-09-23,127.17,Success
PAY005578,CUST00699,POL01145,2021-10-23,127.17,Success
PAY005579,CUST00699,POL01145,2021-11-22,127.17,Success
PAY005580,CUST00699,POL01145,2021-12-22,127.17,Success
PAY005581,CUST00699,POL01145,2022-01-21,127.17,Success
PAY005582,CUST00699,POL01146,2022-09-19,482.34,Success
PAY005583,CUST00700,POL01147,2023-06-23,2337.61,Success
PAY005584,CUST00701,POL01148,2018-04-28,611.19,Success
PAY005585,CUST00701,POL01148,2018-07-28,611.19,Refunded
PAY005586,CUST00701,POL01148,2018-10-27,611.19,Success
PAY005587,CUST00701,POL01148,2019-01-26,611.19,Success
PAY005588,CUST00702,POL01149,2023-03-06,146.16,Success
PAY005589,CUST00702,POL01149,2023-04-05,146.16,Failed
PAY005590,CUST00702,POL01149,2023-05-05,146.16,Success
PAY005591,CUST00702,POL01149,2023-06-04,146.16,Pending
PAY005592,CUST00702,POL01149,2023-07-04,146.16,Success
PAY005593,CUST00702,POL01149,2023-08-03,146.16,Success
PAY005594,CUST00702,POL01149,2023-09-02,146.16,Success
PAY005595,CUST00702,POL01149,2023-10-02,146.16,Success
PAY005596,CUST00702,POL01149,2023-11-01,146.16,Success
PAY005597,CUST00702,POL01149,2023-12-01,146.16,Success
PAY005598,CUST00702,POL01149,2023-12-31,146.16,Success
PAY005599,CUST00702,POL01149,2024-01-30,146.16,Success
PAY005600,CUST00702,POL01150,2019-02-18,4410.41,Success
PAY005601,CUST00703,POL01151,2024-08-07,1301.87,Pending
PAY005602,CUST00703,POL01151,2024-11-06,1301.87,Success
PAY005603,CUST00703,POL01151,2025-02-05,1301.87,Pending
PAY005604,CUST00703,POL01151,2025-05-07,1301.87,Success
PAY005605,CUST00703,POL01152,2018-03-17,894.15,Success
PAY005606,CUST00703,POL01152,2018-09-15,894.15,Success
PAY005607,CUST00704,POL01153,2019-07-22,176.63,Success
PAY005608,CUST00704,POL01153,2019-08-21,176.63,Success
PAY005609,CUST00704,POL01153,2019-09-20,176.63,Success
PAY005610,CUST00704,POL01153,2019-10-20,176.63,Success
PAY005611,CUST00704,POL01153,2019-11-19,176.63,Success
PAY005612,CUST00704,POL01153,2019-12-19,176.63,Success
PAY005613,CUST00704,POL01153,2020-01-18,176.63,Success
PAY005614,CUST00704,POL01153,2020-02-17,176.63,Success
PAY005615,CUST00704,POL01153,2020-03-18,176.63,Success
PAY005616,CUST00704,POL01153,2020-04-17,176.63,Pending
PAY005617,CUST00704,POL01153,2020-05-17,176.63,Success
PAY005618,CUST00704,POL01153,2020-06-16,176.63,Success
PAY005619,CUST00705,POL01154,2025-01-28,152.00,Success
PAY005620,CUST00705,POL01154,2025-02-27,152.00,Success
PAY005621,CUST00705,POL01154,2025-03-29,152.00,Success
PAY005622,CUST00705,POL01154,2025-04-28,152.00,Pending
PAY005623,CUST00705,POL01154,2025-05-28,152.00,Success
PAY005624,CUST00705,POL01154,2025-06-27,152.00,Success
PAY005625,CUST00705,POL01154,2025-07-27,152.00,Success
PAY005626,CUST00705,POL01154,2025-08-26,152.00,Success
PAY005627,CUST00705,POL01154,2025-09-25,152.00,Success
PAY005628,CUST00705,POL01154,2025-10-25,152.00,Success
PAY005629,CUST00705,POL01154,2025-11-24,152.00,Success
PAY005630,CUST00705,POL01154,2025-12-24,152.00,Success
PAY005631,CUST00705,POL01155,2018-04-23,2076.21,Success
PAY005632,CUST00705,POL01155,2018-10-22,2076.21,Success
PAY005633,CUST00705,POL01156,2024-05-08,107.16,Success
PAY005634,CUST00705,POL01156,2024-08-07,107.16,Success
PAY005635,CUST00705,POL01156,2024-11-06,107.16,Success
PAY005636,CUST00705,POL01156,2025-02-05,107.16,Success
PAY005637,CUST00706,POL01157,2025-02-01,212.40,Success
PAY005638,CUST00706,POL01157,2025-05-03,212.40,Success
PAY005639,CUST00706,POL01157,2025-08-02,212.40,Success
PAY005640,CUST00706,POL01157,2025-11-01,212.40,Success
PAY005641,CUST00707,POL01158,2025-05-24,111.13,Success
PAY005642,CUST00707,POL01158,2025-06-23,111.13,Success
PAY005643,CUST00707,POL01158,2025-07-23,111.13,Success
PAY005644,CUST00707,POL01158,2025-08-22,111.13,Refunded
PAY005645,CUST00707,POL01158,2025-09-21,111.13,Success
PAY005646,CUST00707,POL01158,2025-10-21,111.13,Success
PAY005647,CUST00707,POL01158,2025-11-20,111.13,Success
PAY005648,CUST00707,POL01158,2025-12-20,111.13,Success
PAY005649,CUST00707,POL01158,2026-01-19,111.13,Success
PAY005650,CUST00707,POL01158,2026-02-18,111.13,Success
PAY005651,CUST00707,POL01158,2026-03-20,111.13,Pending
PAY005652,CUST00707,POL01158,2026-04-19,111.13,Success
PAY005653,CUST00708,POL01159,2019-04-16,68.48,Success
PAY005654,CUST00708,POL01159,2019-07-16,68.48,Pending
PAY005655,CUST00708,POL01159,2019-10-15,68.48,Success
PAY005656,CUST00708,POL01159,2020-01-14,68.48,Success
PAY005657,CUST00709,POL01160,2021-08-15,13.06,Success
PAY005658,CUST00709,POL01160,2021-09-14,13.06,Success
PAY005659,CUST00709,POL01160,2021-10-14,13.06,Pending
PAY005660,CUST00709,POL01160,2021-11-13,13.06,Success
PAY005661,CUST00709,POL01160,2021-12-13,13.06,Failed
PAY005662,CUST00709,POL01160,2022-01-12,13.06,Success
PAY005663,CUST00709,POL01160,2022-02-11,13.06,Failed
PAY005664,CUST00709,POL01160,2022-03-13,13.06,Failed
PAY005665,CUST00709,POL01160,2022-04-12,13.06,Failed
PAY005666,CUST00709,POL01160,2022-05-12,13.06,Success
PAY005667,CUST00709,POL01160,2022-06-11,13.06,Success
PAY005668,CUST00709,POL01160,2022-07-11,13.06,Success
PAY005669,CUST00710,POL01161,2020-09-27,205.62,Success
PAY005670,CUST00710,POL01161,2020-12-27,205.62,Success
PAY005671,CUST00710,POL01161,2021-03-28,205.62,Success
PAY005672,CUST00710,POL01161,2021-06-27,205.62,Success
PAY005673,CUST00711,POL01162,2019-05-13,886.01,Success
PAY005674,CUST00711,POL01162,2019-11-11,886.01,Success
PAY005675,CUST00711,POL01163,2019-02-22,1914.00,Success
PAY005676,CUST00712,POL01164,2018-07-05,183.90,Success
PAY005677,CUST00712,POL01164,2018-10-04,183.90,Success
PAY005678,CUST00712,POL01164,2019-01-03,183.90,Success
PAY005679,CUST00712,POL01164,2019-04-04,183.90,Success
PAY005680,CUST00712,POL01165,2018-12-18,170.46,Success
PAY005681,CUST00712,POL01165,2019-03-19,170.46,Success
PAY005682,CUST00712,POL01165,2019-06-18,170.46,Failed
PAY005683,CUST00712,POL01165,2019-09-17,170.46,Success
PAY005684,CUST00713,POL01166,2019-02-14,1532.20,Refunded
PAY005685,CUST00713,POL01167,2019-09-17,29.56,Success
PAY005686,CUST00713,POL01167,2019-10-17,29.56,Success
PAY005687,CUST00713,POL01167,2019-11-16,29.56,Success
PAY005688,CUST00713,POL01167,2019-12-16,29.56,Success
PAY005689,CUST00713,POL01167,2020-01-15,29.56,Success
PAY005690,CUST00713,POL01167,2020-02-14,29.56,Success
PAY005691,CUST00713,POL01167,2020-03-15,29.56,Success
PAY005692,CUST00713,POL01167,2020-04-14,29.56,Success
PAY005693,CUST00713,POL01167,2020-05-14,29.56,Pending
PAY005694,CUST00713,POL01167,2020-06-13,29.56,Success
PAY005695,CUST00713,POL01167,2020-07-13,29.56,Pending
PAY005696,CUST00713,POL01167,2020-08-12,29.56,Success
PAY005697,CUST00714,POL01168,2018-01-16,243.25,Success
PAY005698,CUST00714,POL01168,2018-07-17,243.25,Success
PAY005699,CUST00714,POL01169,2022-04-28,1441.42,Success
PAY005700,CUST00714,POL01169,2022-10-27,1441.42,Success
PAY005701,CUST00715,POL01170,2023-12-27,1130.88,Failed
PAY005702,CUST00715,POL01171,2022-06-27,206.38,Success
PAY005703,CUST00715,POL01171,2022-12-26,206.38,Refunded
PAY005704,CUST00716,POL01172,2018-04-14,2058.44,Success
PAY005705,CUST00717,POL01173,2018-06-01,72.13,Success
PAY005706,CUST00717,POL01173,2018-07-01,72.13,Success
PAY005707,CUST00717,POL01173,2018-07-31,72.13,Success
PAY005708,CUST00717,POL01173,2018-08-30,72.13,Success
PAY005709,CUST00717,POL01173,2018-09-29,72.13,Success
PAY005710,CUST00717,POL01173,2018-10-29,72.13,Success
PAY005711,CUST00717,POL01173,2018-11-28,72.13,Success
PAY005712,CUST00717,POL01173,2018-12-28,72.13,Pending
PAY005713,CUST00717,POL01173,2019-01-27,72.13,Success
PAY005714,CUST00717,POL01173,2019-02-26,72.13,Pending
PAY005715,CUST00717,POL01173,2019-03-28,72.13,Success
PAY005716,CUST00717,POL01173,2019-04-27,72.13,Success
PAY005717,CUST00718,POL01174,2018-12-19,642.51,Failed
PAY005718,CUST00718,POL01174,2019-06-19,642.51,Refunded
PAY005719,CUST00719,POL01175,2025-08-16,195.38,Failed
PAY005720,CUST00719,POL01175,2025-09-15,195.38,Success
PAY005721,CUST00719,POL01175,2025-10-15,195.38,Success
PAY005722,CUST00719,POL01175,2025-11-14,195.38,Success
PAY005723,CUST00719,POL01175,2025-12-14,195.38,Success
PAY005724,CUST00719,POL01175,2026-01-13,195.38,Success
PAY005725,CUST00719,POL01175,2026-02-12,195.38,Failed
PAY005726,CUST00719,POL01175,2026-03-14,195.38,Success
PAY005727,CUST00719,POL01175,2026-04-13,195.38,Success
PAY005728,CUST00719,POL01175,2026-05-13,195.38,Success
PAY005729,CUST00719,POL01175,2026-06-12,195.38,Success
PAY005730,CUST00719,POL01175,2026-07-12,195.38,Failed
PAY005731,CUST00719,POL01176,2021-11-26,847.40,Success
PAY005732,CUST00719,POL01176,2022-05-27,847.40,Failed
PAY005733,CUST00719,POL01177,2019-09-26,42.23,Success
PAY005734,CUST00719,POL01177,2019-10-26,42.23,Success
PAY005735,CUST00719,POL01177,2019-11-25,42.23,Success
PAY005736,CUST00719,POL01177,2019-12-25,42.23,Refunded
PAY005737,CUST00719,POL01177,2020-01-24,42.23,Success
PAY005738,CUST00719,POL01177,2020-02-23,42.23,Success
PAY005739,CUST00719,POL01177,2020-03-24,42.23,Success
PAY005740,CUST00719,POL01177,2020-04-23,42.23,Success
PAY005741,CUST00719,POL01177,2020-05-23,42.23,Success
PAY005742,CUST00719,POL01177,2020-06-22,42.23,Success
PAY005743,CUST00719,POL01177,2020-07-22,42.23,Refunded
PAY005744,CUST00719,POL01177,2020-08-21,42.23,Success
PAY005745,CUST00720,POL01178,2025-05-22,1096.54,Success
PAY005746,CUST00720,POL01178,2025-11-20,1096.54,Success
PAY005747,CUST00720,POL01179,2022-12-09,1686.09,Success
PAY005748,CUST00721,POL01180,2024-04-01,330.29,Success
PAY005749,CUST00722,POL01181,2023-06-14,1878.16,Success
PAY005750,CUST00722,POL01182,2019-09-11,40.18,Success
PAY005751,CUST00722,POL01182,2019-12-11,40.18,Success
PAY005752,CUST00722,POL01182,2020-03-11,40.18,Failed
PAY005753,CUST00722,POL01182,2020-06-10,40.18,Success
PAY005754,CUST00723,POL01183,2021-08-31,133.21,Success
PAY005755,CUST00723,POL01183,2021-11-30,133.21,Pending
PAY005756,CUST00723,POL01183,2022-03-01,133.21,Success
PAY005757,CUST00723,POL01183,2022-05-31,133.21,Failed
PAY005758,CUST00723,POL01184,2020-08-04,236.95,Success
PAY005759,CUST00724,POL01185,2019-06-08,32.35,Success
PAY005760,CUST00724,POL01185,2019-07-08,32.35,Success
PAY005761,CUST00724,POL01185,2019-08-07,32.35,Success
PAY005762,CUST00724,POL01185,2019-09-06,32.35,Success
PAY005763,CUST00724,POL01185,2019-10-06,32.35,Refunded
PAY005764,CUST00724,POL01185,2019-11-05,32.35,Success
PAY005765,CUST00724,POL01185,2019-12-05,32.35,Success
PAY005766,CUST00724,POL01185,2020-01-04,32.35,Success
PAY005767,CUST00724,POL01185,2020-02-03,32.35,Success
PAY005768,CUST00724,POL01185,2020-03-04,32.35,Success
PAY005769,CUST00724,POL01185,2020-04-03,32.35,Success
PAY005770,CUST00724,POL01185,2020-05-03,32.35,Success
PAY005771,CUST00724,POL01186,2022-01-26,495.13,Success
PAY005772,CUST00724,POL01186,2022-02-25,495.13,Success
PAY005773,CUST00724,POL01186,2022-03-27,495.13,Success
PAY005774,CUST00724,POL01186,2022-04-26,495.13,Success
PAY005775,CUST00724,POL01186,2022-05-26,495.13,Success
PAY005776,CUST00724,POL01186,2022-06-25,495.13,Success
PAY005777,CUST00724,POL01186,2022-07-25,495.13,Success
PAY005778,CUST00724,POL01186,2022-08-24,495.13,Success
PAY005779,CUST00724,POL01186,2022-09-23,495.13,Success
PAY005780,CUST00724,POL01186,2022-10-23,495.13,Success
PAY005781,CUST00724,POL01186,2022-11-22,495.13,Pending
PAY005782,CUST00724,POL01186,2022-12-22,495.13,Refunded
PAY005783,CUST00724,POL01187,2022-06-17,380.64,Success
PAY005784,CUST00724,POL01187,2022-09-16,380.64,Success
PAY005785,CUST00724,POL01187,2022-12-16,380.64,Success
PAY005786,CUST00724,POL01187,2023-03-17,380.64,Success
PAY005787,CUST00725,POL01188,2020-02-15,28.80,Success
PAY005788,CUST00725,POL01188,2020-03-16,28.80,Success
PAY005789,CUST00725,POL01188,2020-04-15,28.80,Success
PAY005790,CUST00725,POL01188,2020-05-15,28.80,Success
PAY005791,CUST00725,POL01188,2020-06-14,28.80,Success
PAY005792,CUST00725,POL01188,2020-07-14,28.80,Success
PAY005793,CUST00725,POL01188,2020-08-13,28.80,Success
PAY005794,CUST00725,POL01188,2020-09-12,28.80,Refunded
PAY005795,CUST00725,POL01188,2020-10-12,28.80,Success
PAY005796,CUST00725,POL01188,2020-11-11,28.80,Success
PAY005797,CUST00725,POL01188,2020-12-11,28.80,Success
PAY005798,CUST00725,POL01188,2021-01-10,28.80,Success
PAY005799,CUST00726,POL01189,2021-11-07,156.73,Success
PAY005800,CUST00726,POL01189,2021-12-07,156.73,Success
PAY005801,CUST00726,POL01189,2022-01-06,156.73,Success
PAY005802,CUST00726,POL01189,2022-02-05,156.73,Success
PAY005803,CUST00726,POL01189,2022-03-07,156.73,Success
PAY005804,CUST00726,POL01189,2022-04-06,156.73,Failed
PAY005805,CUST00726,POL01189,2022-05-06,156.73,Success
PAY005806,CUST00726,POL01189,2022-06-05,156.73,Refunded
PAY005807,CUST00726,POL01189,2022-07-05,156.73,Success
PAY005808,CUST00726,POL01189,2022-08-04,156.73,Success
PAY005809,CUST00726,POL01189,2022-09-03,156.73,Refunded
PAY005810,CUST00726,POL01189,2022-10-03,156.73,Success
PAY005811,CUST00727,POL01190,2019-11-09,285.58,Success
PAY005812,CUST00727,POL01191,2024-01-30,2244.35,Success
PAY005813,CUST00728,POL01192,2021-09-29,832.23,Success
PAY005814,CUST00728,POL01192,2022-03-30,832.23,Success
PAY005815,CUST00729,POL01193,2024-06-21,1905.42,Success
PAY005816,CUST00730,POL01194,2021-08-20,942.23,Failed
PAY005817,CUST00730,POL01194,2022-02-18,942.23,Failed
PAY005818,CUST00731,POL01195,2023-06-26,119.25,Success
PAY005819,CUST00731,POL01195,2023-07-26,119.25,Success
PAY005820,CUST00731,POL01195,2023-08-25,119.25,Success
PAY005821,CUST00731,POL01195,2023-09-24,119.25,Success
PAY005822,CUST00731,POL01195,2023-10-24,119.25,Success
PAY005823,CUST00731,POL01195,2023-11-23,119.25,Refunded
PAY005824,CUST00731,POL01195,2023-12-23,119.25,Success
PAY005825,CUST00731,POL01195,2024-01-22,119.25,Success
PAY005826,CUST00731,POL01195,2024-02-21,119.25,Success
PAY005827,CUST00731,POL01195,2024-03-22,119.25,Success
PAY005828,CUST00731,POL01195,2024-04-21,119.25,Success
PAY005829,CUST00731,POL01195,2024-05-21,119.25,Success
PAY005830,CUST00731,POL01196,2023-02-11,313.26,Success
PAY005831,CUST00731,POL01196,2023-08-12,313.26,Success
PAY005832,CUST00732,POL01197,2018-05-06,733.79,Success
PAY005833,CUST00732,POL01197,2018-11-04,733.79,Success
PAY005834,CUST00733,POL01198,2019-03-30,186.59,Success
PAY005835,CUST00733,POL01198,2019-04-29,186.59,Success
PAY005836,CUST00733,POL01198,2019-05-29,186.59,Success
PAY005837,CUST00733,POL01198,2019-06-28,186.59,Success
PAY005838,CUST00733,POL01198,2019-07-28,186.59,Failed
PAY005839,CUST00733,POL01198,2019-08-27,186.59,Success
PAY005840,CUST00733,POL01198,2019-09-26,186.59,Success
PAY005841,CUST00733,POL01198,2019-10-26,186.59,Success
PAY005842,CUST00733,POL01198,2019-11-25,186.59,Success
PAY005843,CUST00733,POL01198,2019-12-25,186.59,Success
PAY005844,CUST00733,POL01198,2020-01-24,186.59,Success
PAY005845,CUST00733,POL01198,2020-02-23,186.59,Success
PAY005846,CUST00734,POL01199,2019-07-02,1307.83,Success
PAY005847,CUST00734,POL01199,2019-12-31,1307.83,Pending
PAY005848,CUST00735,POL01200,2021-08-29,196.27,Pending
PAY005849,CUST00735,POL01200,2021-09-28,196.27,Success
PAY005850,CUST00735,POL01200,2021-10-28,196.27,Success
PAY005851,CUST00735,POL01200,2021-11-27,196.27,Pending
PAY005852,CUST00735,POL01200,2021-12-27,196.27,Success
PAY005853,CUST00735,POL01200,2022-01-26,196.27,Success
PAY005854,CUST00735,POL01200,2022-02-25,196.27,Success
PAY005855,CUST00735,POL01200,2022-03-27,196.27,Success
PAY005856,CUST00735,POL01200,2022-04-26,196.27,Failed
PAY005857,CUST00735,POL01200,2022-05-26,196.27,Success
PAY005858,CUST00735,POL01200,2022-06-25,196.27,Failed
PAY005859,CUST00735,POL01200,2022-07-25,196.27,Success
PAY005860,CUST00735,POL01201,2024-01-12,549.59,Success
PAY005861,CUST00735,POL01201,2024-04-12,549.59,Pending
PAY005862,CUST00735,POL01201,2024-07-12,549.59,Success
PAY005863,CUST00735,POL01201,2024-10-11,549.59,Success
PAY005864,CUST00736,POL01202,2020-02-19,1352.59,Success
PAY005865,CUST00736,POL01202,2020-08-19,1352.59,Success
PAY005866,CUST00736,POL01203,2018-05-04,300.67,Success
PAY005867,CUST00736,POL01203,2018-11-02,300.67,Success
PAY005868,CUST00737,POL01204,2020-11-07,225.30,Success
PAY005869,CUST00737,POL01204,2021-02-06,225.30,Success
PAY005870,CUST00737,POL01204,2021-05-08,225.30,Success
PAY005871,CUST00737,POL01204,2021-08-07,225.30,Success
PAY005872,CUST00738,POL01205,2025-05-10,106.80,Success
PAY005873,CUST00738,POL01205,2025-06-09,106.80,Success
PAY005874,CUST00738,POL01205,2025-07-09,106.80,Failed
PAY005875,CUST00738,POL01205,2025-08-08,106.80,Success
PAY005876,CUST00738,POL01205,2025-09-07,106.80,Success
PAY005877,CUST00738,POL01205,2025-10-07,106.80,Success
PAY005878,CUST00738,POL01205,2025-11-06,106.80,Success
PAY005879,CUST00738,POL01205,2025-12-06,106.80,Success
PAY005880,CUST00738,POL01205,2026-01-05,106.80,Failed
PAY005881,CUST00738,POL01205,2026-02-04,106.80,Pending
PAY005882,CUST00738,POL01205,2026-03-06,106.80,Success
PAY005883,CUST00738,POL01205,2026-04-05,106.80,Success
PAY005884,CUST00738,POL01206,2025-05-03,130.08,Pending
PAY005885,CUST00738,POL01206,2025-06-02,130.08,Failed
PAY005886,CUST00738,POL01206,2025-07-02,130.08,Success
PAY005887,CUST00738,POL01206,2025-08-01,130.08,Success
PAY005888,CUST00738,POL01206,2025-08-31,130.08,Success
PAY005889,CUST00738,POL01206,2025-09-30,130.08,Success
PAY005890,CUST00738,POL01206,2025-10-30,130.08,Success
PAY005891,CUST00738,POL01206,2025-11-29,130.08,Refunded
PAY005892,CUST00738,POL01206,2025-12-29,130.08,Success
PAY005893,CUST00738,POL01206,2026-01-28,130.08,Success
PAY005894,CUST00738,POL01206,2026-02-27,130.08,Success
PAY005895,CUST00738,POL01206,2026-03-29,130.08,Failed
PAY005896,CUST00739,POL01207,2019-06-30,114.88,Success
PAY005897,CUST00739,POL01207,2019-07-30,114.88,Pending
PAY005898,CUST00739,POL01207,2019-08-29,114.88,Success
PAY005899,CUST00739,POL01207,2019-09-28,114.88,Success
PAY005900,CUST00739,POL01207,2019-10-28,114.88,Success
PAY005901,CUST00739,POL01207,2019-11-27,114.88,Success
PAY005902,CUST00739,POL01207,2019-12-27,114.88,Success
PAY005903,CUST00739,POL01207,2020-01-26,114.88,Success
PAY005904,CUST00739,POL01207,2020-02-25,114.88,Success
PAY005905,CUST00739,POL01207,2020-03-26,114.88,Success
PAY005906,CUST00739,POL01207,2020-04-25,114.88,Success
PAY005907,CUST00739,POL01207,2020-05-25,114.88,Success
PAY005908,CUST00740,POL01208,2019-12-16,712.13,Success
PAY005909,CUST00740,POL01208,2020-06-15,712.13,Success
PAY005910,CUST00740,POL01209,2020-01-14,124.73,Success
PAY005911,CUST00740,POL01209,2020-07-14,124.73,Success
PAY005912,CUST00741,POL01210,2023-09-10,45.08,Success
PAY005913,CUST00741,POL01210,2023-12-10,45.08,Success
PAY005914,CUST00741,POL01210,2024-03-10,45.08,Success
PAY005915,CUST00741,POL01210,2024-06-09,45.08,Success
PAY005916,CUST00742,POL01211,2021-04-23,508.58,Success
PAY005917,CUST00742,POL01211,2021-10-22,508.58,Success
PAY005918,CUST00743,POL01212,2018-03-17,131.28,Success
PAY005919,CUST00743,POL01212,2018-09-15,131.28,Success
PAY005920,CUST00743,POL01213,2021-12-31,1393.88,Success
PAY005921,CUST00743,POL01213,2022-07-01,1393.88,Success
PAY005922,CUST00744,POL01214,2018-02-01,384.42,Success
PAY005923,CUST00744,POL01214,2018-05-03,384.42,Success
PAY005924,CUST00744,POL01214,2018-08-02,384.42,Refunded
PAY005925,CUST00744,POL01214,2018-11-01,384.42,Failed
PAY005926,CUST00744,POL01215,2023-07-24,551.38,Failed
PAY005927,CUST00744,POL01215,2024-01-22,551.38,Success
PAY005928,CUST00745,POL01216,2018-07-19,486.49,Pending
PAY005929,CUST00745,POL01216,2018-10-18,486.49,Success
PAY005930,CUST00745,POL01216,2019-01-17,486.49,Failed
PAY005931,CUST00745,POL01216,2019-04-18,486.49,Success
PAY005932,CUST00745,POL01217,2023-09-29,609.84,Success
PAY005933,CUST00745,POL01217,2023-12-29,609.84,Success
PAY005934,CUST00745,POL01217,2024-03-29,609.84,Success
PAY005935,CUST00745,POL01217,2024-06-28,609.84,Success
PAY005936,CUST00746,POL01218,2023-07-27,998.87,Success
PAY005937,CUST00746,POL01218,2024-01-25,998.87,Pending
PAY005938,CUST00747,POL01219,2018-06-27,168.69,Success
PAY005939,CUST00747,POL01219,2018-09-26,168.69,Success
PAY005940,CUST00747,POL01219,2018-12-26,168.69,Success
PAY005941,CUST00747,POL01219,2019-03-27,168.69,Success
PAY005942,CUST00747,POL01220,2024-05-15,410.21,Success
PAY005943,CUST00747,POL01220,2024-08-14,410.21,Success
PAY005944,CUST00747,POL01220,2024-11-13,410.21,Failed
PAY005945,CUST00747,POL01220,2025-02-12,410.21,Success
PAY005946,CUST00748,POL01221,2024-06-02,263.74,Success
PAY005947,CUST00748,POL01221,2024-09-01,263.74,Success
PAY005948,CUST00748,POL01221,2024-12-01,263.74,Success
PAY005949,CUST00748,POL01221,2025-03-02,263.74,Success
PAY005950,CUST00748,POL01222,2020-06-12,2210.48,Success
PAY005951,CUST00748,POL01223,2025-02-21,419.53,Success
PAY005952,CUST00748,POL01223,2025-05-23,419.53,Success
PAY005953,CUST00748,POL01223,2025-08-22,419.53,Success
PAY005954,CUST00748,POL01223,2025-11-21,419.53,Success
PAY005955,CUST00749,POL01224,2022-08-02,354.04,Success
PAY005956,CUST00749,POL01224,2022-11-01,354.04,Success
PAY005957,CUST00749,POL01224,2023-01-31,354.04,Success
PAY005958,CUST00749,POL01224,2023-05-02,354.04,Success
PAY005959,CUST00750,POL01225,2019-10-12,2266.45,Success
PAY005960,CUST00751,POL01226,2021-04-11,1825.98,Success
PAY005961,CUST00752,POL01227,2020-10-27,5680.07,Success
PAY005962,CUST00753,POL01228,2019-08-28,163.35,Success
PAY005963,CUST00753,POL01229,2020-08-28,264.11,Success
PAY005964,CUST00753,POL01229,2020-11-27,264.11,Success
PAY005965,CUST00753,POL01229,2021-02-26,264.11,Success
PAY005966,CUST00753,POL01229,2021-05-28,264.11,Success
PAY005967,CUST00753,POL01230,2019-06-01,78.64,Failed
PAY005968,CUST00753,POL01230,2019-08-31,78.64,Success
PAY005969,CUST00753,POL01230,2019-11-30,78.64,Success
PAY005970,CUST00753,POL01230,2020-02-29,78.64,Failed
PAY005971,CUST00754,POL01231,2025-08-10,1846.92,Pending
PAY005972,CUST00754,POL01232,2024-04-24,730.74,Success
PAY005973,CUST00754,POL01233,2023-03-09,167.40,Success
PAY005974,CUST00755,POL01234,2018-10-30,392.07,Success
PAY005975,CUST00755,POL01234,2019-01-29,392.07,Success
PAY005976,CUST00755,POL01234,2019-04-30,392.07,Success
PAY005977,CUST00755,POL01234,2019-07-30,392.07,Success
PAY005978,CUST00755,POL01235,2024-11-01,292.15,Failed
PAY005979,CUST00755,POL01235,2024-12-01,292.15,Refunded
PAY005980,CUST00755,POL01235,2024-12-31,292.15,Success
PAY005981,CUST00755,POL01235,2025-01-30,292.15,Success
PAY005982,CUST00755,POL01235,2025-03-01,292.15,Success
PAY005983,CUST00755,POL01235,2025-03-31,292.15,Success
PAY005984,CUST00755,POL01235,2025-04-30,292.15,Success
PAY005985,CUST00755,POL01235,2025-05-30,292.15,Success
PAY005986,CUST00755,POL01235,2025-06-29,292.15,Pending
PAY005987,CUST00755,POL01235,2025-07-29,292.15,Refunded
PAY005988,CUST00755,POL01235,2025-08-28,292.15,Success
PAY005989,CUST00755,POL01235,2025-09-27,292.15,Success
PAY005990,CUST00755,POL01236,2025-04-26,139.37,Success
PAY005991,CUST00755,POL01236,2025-10-25,139.37,Success
PAY005992,CUST00756,POL01237,2019-09-10,823.67,Success
PAY005993,CUST00756,POL01237,2020-03-10,823.67,Success
PAY005994,CUST00756,POL01238,2022-09-13,624.90,Success
PAY005995,CUST00756,POL01238,2022-12-13,624.90,Failed
PAY005996,CUST00756,POL01238,2023-03-14,624.90,Success
PAY005997,CUST00756,POL01238,2023-06-13,624.90,Success
PAY005998,CUST00756,POL01239,2020-12-22,19.13,Success
PAY005999,CUST00756,POL01239,2021-01-21,19.13,Success
PAY006000,CUST00756,POL01239,2021-02-20,19.13,Success
PAY006001,CUST00756,POL01239,2021-03-22,19.13,Success
PAY006002,CUST00756,POL01239,2021-04-21,19.13,Success
PAY006003,CUST00756,POL01239,2021-05-21,19.13,Success
PAY006004,CUST00756,POL01239,2021-06-20,19.13,Success
PAY006005,CUST00756,POL01239,2021-07-20,19.13,Success
PAY006006,CUST00756,POL01239,2021-08-19,19.13,Success
PAY006007,CUST00756,POL01239,2021-09-18,19.13,Failed
PAY006008,CUST00756,POL01239,2021-10-18,19.13,Success
PAY006009,CUST00756,POL01239,2021-11-17,19.13,Success
PAY006010,CUST00757,POL01240,2018-01-15,410.17,Success
PAY006011,CUST00757,POL01240,2018-02-14,410.17,Success
PAY006012,CUST00757,POL01240,2018-03-16,410.17,Success
PAY006013,CUST00757,POL01240,2018-04-15,410.17,Success
PAY006014,CUST00757,POL01240,2018-05-15,410.17,Success
PAY006015,CUST00757,POL01240,2018-06-14,410.17,Success
PAY006016,CUST00757,POL01240,2018-07-14,410.17,Success
PAY006017,CUST00757,POL01240,2018-08-13,410.17,Refunded
PAY006018,CUST00757,POL01240,2018-09-12,410.17,Success
PAY006019,CUST00757,POL01240,2018-10-12,410.17,Success
PAY006020,CUST00757,POL01240,2018-11-11,410.17,Failed
PAY006021,CUST00757,POL01240,2018-12-11,410.17,Success
PAY006022,CUST00758,POL01241,2023-11-10,77.27,Success
PAY006023,CUST00758,POL01241,2023-12-10,77.27,Success
PAY006024,CUST00758,POL01241,2024-01-09,77.27,Success
PAY006025,CUST00758,POL01241,2024-02-08,77.27,Success
PAY006026,CUST00758,POL01241,2024-03-09,77.27,Success
PAY006027,CUST00758,POL01241,2024-04-08,77.27,Success
PAY006028,CUST00758,POL01241,2024-05-08,77.27,Success
PAY006029,CUST00758,POL01241,2024-06-07,77.27,Success
PAY006030,CUST00758,POL01241,2024-07-07,77.27,Success
PAY006031,CUST00758,POL01241,2024-08-06,77.27,Success
PAY006032,CUST00758,POL01241,2024-09-05,77.27,Refunded
PAY006033,CUST00758,POL01241,2024-10-05,77.27,Success
PAY006034,CUST00758,POL01242,2020-03-13,701.63,Success
PAY006035,CUST00758,POL01242,2020-06-12,701.63,Success
PAY006036,CUST00758,POL01242,2020-09-11,701.63,Success
PAY006037,CUST00758,POL01242,2020-12-11,701.63,Success
PAY006038,CUST00759,POL01243,2024-06-22,176.36,Success
PAY006039,CUST00759,POL01243,2024-07-22,176.36,Success
PAY006040,CUST00759,POL01243,2024-08-21,176.36,Failed
PAY006041,CUST00759,POL01243,2024-09-20,176.36,Success
PAY006042,CUST00759,POL01243,2024-10-20,176.36,Success
PAY006043,CUST00759,POL01243,2024-11-19,176.36,Success
PAY006044,CUST00759,POL01243,2024-12-19,176.36,Success
PAY006045,CUST00759,POL01243,2025-01-18,176.36,Success
PAY006046,CUST00759,POL01243,2025-02-17,176.36,Success
PAY006047,CUST00759,POL01243,2025-03-19,176.36,Success
PAY006048,CUST00759,POL01243,2025-04-18,176.36,Success
PAY006049,CUST00759,POL01243,2025-05-18,176.36,Failed
PAY006050,CUST00760,POL01244,2022-06-22,1224.82,Success
PAY006051,CUST00760,POL01244,2022-12-21,1224.82,Success
PAY006052,CUST00760,POL01245,2022-06-28,1970.00,Success
PAY006053,CUST00761,POL01246,2024-09-11,1153.21,Success
PAY006054,CUST00761,POL01246,2025-03-12,1153.21,Success
PAY006055,CUST00761,POL01247,2023-04-05,667.38,Success
PAY006056,CUST00761,POL01247,2023-10-04,667.38,Success
PAY006057,CUST00762,POL01248,2018-05-15,78.50,Success
PAY006058,CUST00762,POL01248,2018-08-14,78.50,Success
PAY006059,CUST00762,POL01248,2018-11-13,78.50,Success
PAY006060,CUST00762,POL01248,2019-02-12,78.50,Success
PAY006061,CUST00762,POL01249,2021-09-29,403.36,Pending
PAY006062,CUST00762,POL01249,2021-12-29,403.36,Success
PAY006063,CUST00762,POL01249,2022-03-30,403.36,Success
PAY006064,CUST00762,POL01249,2022-06-29,403.36,Success
PAY006065,CUST00763,POL01250,2018-08-19,534.14,Success
PAY006066,CUST00763,POL01250,2019-02-17,534.14,Pending
PAY006067,CUST00763,POL01251,2020-09-03,246.66,Success
PAY006068,CUST00763,POL01251,2020-10-03,246.66,Success
PAY006069,CUST00763,POL01251,2020-11-02,246.66,Success
PAY006070,CUST00763,POL01251,2020-12-02,246.66,Success
PAY006071,CUST00763,POL01251,2021-01-01,246.66,Success
PAY006072,CUST00763,POL01251,2021-01-31,246.66,Success
PAY006073,CUST00763,POL01251,2021-03-02,246.66,Success
PAY006074,CUST00763,POL01251,2021-04-01,246.66,Success
PAY006075,CUST00763,POL01251,2021-05-01,246.66,Success
PAY006076,CUST00763,POL01251,2021-05-31,246.66,Failed
PAY006077,CUST00763,POL01251,2021-06-30,246.66,Success
PAY006078,CUST00763,POL01251,2021-07-30,246.66,Failed
PAY006079,CUST00764,POL01252,2018-01-20,5019.43,Success
PAY006080,CUST00765,POL01253,2024-11-12,330.35,Success
PAY006081,CUST00766,POL01254,2020-01-19,3318.59,Success
PAY006082,CUST00766,POL01255,2018-10-18,1112.91,Success
PAY006083,CUST00766,POL01255,2019-04-18,1112.91,Success
PAY006084,CUST00767,POL01256,2018-08-03,269.13,Failed
PAY006085,CUST00767,POL01256,2018-11-02,269.13,Pending
PAY006086,CUST00767,POL01256,2019-02-01,269.13,Success
PAY006087,CUST00767,POL01256,2019-05-03,269.13,Success
PAY006088,CUST00768,POL01257,2018-02-05,2574.32,Success
PAY006089,CUST00768,POL01257,2018-08-06,2574.32,Success
PAY006090,CUST00768,POL01258,2018-09-21,186.62,Success
PAY006091,CUST00768,POL01258,2018-10-21,186.62,Success
PAY006092,CUST00768,POL01258,2018-11-20,186.62,Success
PAY006093,CUST00768,POL01258,2018-12-20,186.62,Success
PAY006094,CUST00768,POL01258,2019-01-19,186.62,Success
PAY006095,CUST00768,POL01258,2019-02-18,186.62,Success
PAY006096,CUST00768,POL01258,2019-03-20,186.62,Success
PAY006097,CUST00768,POL01258,2019-04-19,186.62,Success
PAY006098,CUST00768,POL01258,2019-05-19,186.62,Success
PAY006099,CUST00768,POL01258,2019-06-18,186.62,Success
PAY006100,CUST00768,POL01258,2019-07-18,186.62,Success
PAY006101,CUST00768,POL01258,2019-08-17,186.62,Success
PAY006102,CUST00769,POL01259,2020-01-09,702.96,Success
PAY006103,CUST00769,POL01260,2022-10-19,2015.23,Success
PAY006104,CUST00769,POL01260,2023-04-19,2015.23,Success
PAY006105,CUST00770,POL01261,2020-08-23,203.84,Success
PAY006106,CUST00770,POL01261,2021-02-21,203.84,Success
PAY006107,CUST00771,POL01262,2021-09-25,498.86,Success
PAY006108,CUST00771,POL01262,2021-12-25,498.86,Success
PAY006109,CUST00771,POL01262,2022-03-26,498.86,Success
PAY006110,CUST00771,POL01262,2022-06-25,498.86,Failed
PAY006111,CUST00771,POL01263,2024-10-10,1770.38,Success
PAY006112,CUST00772,POL01264,2025-05-16,1003.52,Success
PAY006113,CUST00772,POL01265,2020-05-23,1080.68,Success
PAY006114,CUST00772,POL01265,2020-08-22,1080.68,Success
PAY006115,CUST00772,POL01265,2020-11-21,1080.68,Success
PAY006116,CUST00772,POL01265,2021-02-20,1080.68,Success
PAY006117,CUST00772,POL01266,2021-12-13,46.10,Refunded
PAY006118,CUST00772,POL01266,2022-03-14,46.10,Success
PAY006119,CUST00772,POL01266,2022-06-13,46.10,Success
PAY006120,CUST00772,POL01266,2022-09-12,46.10,Success
PAY006121,CUST00773,POL01267,2018-11-14,3651.15,Success
PAY006122,CUST00773,POL01268,2019-11-08,280.85,Success
PAY006123,CUST00773,POL01268,2020-05-08,280.85,Success
PAY006124,CUST00774,POL01269,2019-12-21,939.14,Success
PAY006125,CUST00774,POL01269,2020-03-21,939.14,Success
PAY006126,CUST00774,POL01269,2020-06-20,939.14,Success
PAY006127,CUST00774,POL01269,2020-09-19,939.14,Success
PAY006128,CUST00774,POL01270,2024-12-01,250.29,Failed
PAY006129,CUST00774,POL01270,2025-06-01,250.29,Success
PAY006130,CUST00775,POL01271,2023-05-23,812.97,Success
PAY006131,CUST00775,POL01271,2023-11-21,812.97,Success
PAY006132,CUST00775,POL01272,2023-09-03,2927.88,Success
PAY006133,CUST00775,POL01272,2024-03-03,2927.88,Success
PAY006134,CUST00775,POL01273,2025-02-20,1235.62,Success
PAY006135,CUST00776,POL01274,2023-12-14,36.16,Success
PAY006136,CUST00776,POL01274,2024-01-13,36.16,Success
PAY006137,CUST00776,POL01274,2024-02-12,36.16,Success
PAY006138,CUST00776,POL01274,2024-03-13,36.16,Success
PAY006139,CUST00776,POL01274,2024-04-12,36.16,Success
PAY006140,CUST00776,POL01274,2024-05-12,36.16,Success
PAY006141,CUST00776,POL01274,2024-06-11,36.16,Success
PAY006142,CUST00776,POL01274,2024-07-11,36.16,Success
PAY006143,CUST00776,POL01274,2024-08-10,36.16,Success
PAY006144,CUST00776,POL01274,2024-09-09,36.16,Success
PAY006145,CUST00776,POL01274,2024-10-09,36.16,Success
PAY006146,CUST00776,POL01274,2024-11-08,36.16,Success
PAY006147,CUST00777,POL01275,2019-10-31,118.79,Failed
PAY006148,CUST00777,POL01275,2020-01-30,118.79,Success
PAY006149,CUST00777,POL01275,2020-04-30,118.79,Pending
PAY006150,CUST00777,POL01275,2020-07-30,118.79,Success
PAY006151,CUST00777,POL01276,2023-02-20,112.39,Success
PAY006152,CUST00777,POL01276,2023-03-22,112.39,Refunded
PAY006153,CUST00777,POL01276,2023-04-21,112.39,Success
PAY006154,CUST00777,POL01276,2023-05-21,112.39,Success
PAY006155,CUST00777,POL01276,2023-06-20,112.39,Success
PAY006156,CUST00777,POL01276,2023-07-20,112.39,Success
PAY006157,CUST00777,POL01276,2023-08-19,112.39,Success
PAY006158,CUST00777,POL01276,2023-09-18,112.39,Success
PAY006159,CUST00777,POL01276,2023-10-18,112.39,Success
PAY006160,CUST00777,POL01276,2023-11-17,112.39,Success
PAY006161,CUST00777,POL01276,2023-12-17,112.39,Success
PAY006162,CUST00777,POL01276,2024-01-16,112.39,Success
PAY006163,CUST00777,POL01277,2023-03-01,2847.69,Success
PAY006164,CUST00778,POL01278,2020-04-28,174.72,Success
PAY006165,CUST00778,POL01278,2020-05-28,174.72,Success
PAY006166,CUST00778,POL01278,2020-06-27,174.72,Success
PAY006167,CUST00778,POL01278,2020-07-27,174.72,Success
PAY006168,CUST00778,POL01278,2020-08-26,174.72,Success
PAY006169,CUST00778,POL01278,2020-09-25,174.72,Success
PAY006170,CUST00778,POL01278,2020-10-25,174.72,Success
PAY006171,CUST00778,POL01278,2020-11-24,174.72,Success
PAY006172,CUST00778,POL01278,2020-12-24,174.72,Success
PAY006173,CUST00778,POL01278,2021-01-23,174.72,Failed
PAY006174,CUST00778,POL01278,2021-02-22,174.72,Success
PAY006175,CUST00778,POL01278,2021-03-24,174.72,Success
PAY006176,CUST00779,POL01279,2020-09-06,1350.69,Success
PAY006177,CUST00780,POL01280,2018-07-13,296.96,Success
PAY006178,CUST00780,POL01280,2018-10-12,296.96,Success
PAY006179,CUST00780,POL01280,2019-01-11,296.96,Success
PAY006180,CUST00780,POL01280,2019-04-12,296.96,Success
PAY006181,CUST00781,POL01281,2018-08-07,113.29,Success
PAY006182,CUST00781,POL01281,2018-11-06,113.29,Success
PAY006183,CUST00781,POL01281,2019-02-05,113.29,Success
PAY006184,CUST00781,POL01281,2019-05-07,113.29,Success
PAY006185,CUST00782,POL01282,2019-06-14,320.95,Success
PAY006186,CUST00782,POL01282,2019-09-13,320.95,Success
PAY006187,CUST00782,POL01282,2019-12-13,320.95,Success
PAY006188,CUST00782,POL01282,2020-03-13,320.95,Success
PAY006189,CUST00783,POL01283,2021-10-27,330.50,Success
PAY006190,CUST00783,POL01283,2022-01-26,330.50,Success
PAY006191,CUST00783,POL01283,2022-04-27,330.50,Success
PAY006192,CUST00783,POL01283,2022-07-27,330.50,Success
PAY006193,CUST00784,POL01284,2022-02-02,230.18,Success
PAY006194,CUST00784,POL01284,2022-08-03,230.18,Success
PAY006195,CUST00785,POL01285,2022-06-04,71.18,Success
PAY006196,CUST00785,POL01285,2022-09-03,71.18,Success
PAY006197,CUST00785,POL01285,2022-12-03,71.18,Success
PAY006198,CUST00785,POL01285,2023-03-04,71.18,Success
PAY006199,CUST00785,POL01286,2025-06-16,1525.72,Success
PAY006200,CUST00785,POL01287,2020-09-18,425.57,Success
PAY006201,CUST00785,POL01287,2020-12-18,425.57,Success
PAY006202,CUST00785,POL01287,2021-03-19,425.57,Success
PAY006203,CUST00785,POL01287,2021-06-18,425.57,Pending
PAY006204,CUST00786,POL01288,2019-01-05,152.92,Success
PAY006205,CUST00786,POL01288,2019-02-04,152.92,Failed
PAY006206,CUST00786,POL01288,2019-03-06,152.92,Success
PAY006207,CUST00786,POL01288,2019-04-05,152.92,Success
PAY006208,CUST00786,POL01288,2019-05-05,152.92,Success
PAY006209,CUST00786,POL01288,2019-06-04,152.92,Success
PAY006210,CUST00786,POL01288,2019-07-04,152.92,Success
PAY006211,CUST00786,POL01288,2019-08-03,152.92,Success
PAY006212,CUST00786,POL01288,2019-09-02,152.92,Success
PAY006213,CUST00786,POL01288,2019-10-02,152.92,Success
PAY006214,CUST00786,POL01288,2019-11-01,152.92,Success
PAY006215,CUST00786,POL01288,2019-12-01,152.92,Success
PAY006216,CUST00786,POL01289,2023-05-14,171.75,Success
PAY006217,CUST00786,POL01289,2023-06-13,171.75,Success
PAY006218,CUST00786,POL01289,2023-07-13,171.75,Success
PAY006219,CUST00786,POL01289,2023-08-12,171.75,Success
PAY006220,CUST00786,POL01289,2023-09-11,171.75,Success
PAY006221,CUST00786,POL01289,2023-10-11,171.75,Success
PAY006222,CUST00786,POL01289,2023-11-10,171.75,Success
PAY006223,CUST00786,POL01289,2023-12-10,171.75,Success
PAY006224,CUST00786,POL01289,2024-01-09,171.75,Pending
PAY006225,CUST00786,POL01289,2024-02-08,171.75,Success
PAY006226,CUST00786,POL01289,2024-03-09,171.75,Success
PAY006227,CUST00786,POL01289,2024-04-08,171.75,Pending
PAY006228,CUST00787,POL01290,2020-08-13,1340.58,Success
PAY006229,CUST00788,POL01291,2019-06-11,166.77,Success
PAY006230,CUST00788,POL01291,2019-07-11,166.77,Success
PAY006231,CUST00788,POL01291,2019-08-10,166.77,Success
PAY006232,CUST00788,POL01291,2019-09-09,166.77,Success
PAY006233,CUST00788,POL01291,2019-10-09,166.77,Success
PAY006234,CUST00788,POL01291,2019-11-08,166.77,Success
PAY006235,CUST00788,POL01291,2019-12-08,166.77,Success
PAY006236,CUST00788,POL01291,2020-01-07,166.77,Failed
PAY006237,CUST00788,POL01291,2020-02-06,166.77,Success
PAY006238,CUST00788,POL01291,2020-03-07,166.77,Success
PAY006239,CUST00788,POL01291,2020-04-06,166.77,Success
PAY006240,CUST00788,POL01291,2020-05-06,166.77,Success
PAY006241,CUST00789,POL01292,2024-03-27,576.84,Success
PAY006242,CUST00789,POL01292,2024-06-26,576.84,Success
PAY006243,CUST00789,POL01292,2024-09-25,576.84,Success
PAY006244,CUST00789,POL01292,2024-12-25,576.84,Success
PAY006245,CUST00789,POL01293,2023-10-03,131.55,Refunded
PAY006246,CUST00789,POL01293,2024-01-02,131.55,Refunded
PAY006247,CUST00789,POL01293,2024-04-02,131.55,Success
PAY006248,CUST00789,POL01293,2024-07-02,131.55,Success
PAY006249,CUST00790,POL01294,2021-05-15,1020.15,Success
PAY006250,CUST00790,POL01294,2021-11-13,1020.15,Success
PAY006251,CUST00791,POL01295,2020-09-06,451.77,Success
PAY006252,CUST00791,POL01295,2020-12-06,451.77,Success
PAY006253,CUST00791,POL01295,2021-03-07,451.77,Refunded
PAY006254,CUST00791,POL01295,2021-06-06,451.77,Failed
PAY006255,CUST00791,POL01296,2022-05-20,109.53,Success
PAY006256,CUST00791,POL01296,2022-11-18,109.53,Success
PAY006257,CUST00792,POL01297,2020-03-13,2127.43,Success
PAY006258,CUST00793,POL01298,2018-09-05,427.00,Success
PAY006259,CUST00793,POL01298,2018-12-05,427.00,Success
PAY006260,CUST00793,POL01298,2019-03-06,427.00,Pending
PAY006261,CUST00793,POL01298,2019-06-05,427.00,Success
PAY006262,CUST00793,POL01299,2019-07-15,143.24,Success
PAY006263,CUST00793,POL01299,2019-08-14,143.24,Success
PAY006264,CUST00793,POL01299,2019-09-13,143.24,Pending
PAY006265,CUST00793,POL01299,2019-10-13,143.24,Success
PAY006266,CUST00793,POL01299,2019-11-12,143.24,Success
PAY006267,CUST00793,POL01299,2019-12-12,143.24,Success
PAY006268,CUST00793,POL01299,2020-01-11,143.24,Success
PAY006269,CUST00793,POL01299,2020-02-10,143.24,Success
PAY006270,CUST00793,POL01299,2020-03-11,143.24,Success
PAY006271,CUST00793,POL01299,2020-04-10,143.24,Success
PAY006272,CUST00793,POL01299,2020-05-10,143.24,Success
PAY006273,CUST00793,POL01299,2020-06-09,143.24,Success
PAY006274,CUST00793,POL01300,2018-07-18,289.38,Pending
PAY006275,CUST00793,POL01300,2018-10-17,289.38,Success
PAY006276,CUST00793,POL01300,2019-01-16,289.38,Success
PAY006277,CUST00793,POL01300,2019-04-17,289.38,Success
PAY006278,CUST00794,POL01301,2024-12-27,185.90,Refunded
PAY006279,CUST00794,POL01301,2025-06-27,185.90,Pending
PAY006280,CUST00794,POL01302,2024-03-04,727.28,Pending
PAY006281,CUST00794,POL01302,2024-09-02,727.28,Success
PAY006282,CUST00795,POL01303,2024-02-01,478.68,Success
PAY006283,CUST00795,POL01303,2024-05-02,478.68,Success
PAY006284,CUST00795,POL01303,2024-08-01,478.68,Success
PAY006285,CUST00795,POL01303,2024-10-31,478.68,Success
PAY006286,CUST00795,POL01304,2020-11-11,5037.90,Success
PAY006287,CUST00795,POL01305,2018-06-08,87.25,Success
PAY006288,CUST00795,POL01305,2018-09-07,87.25,Success
PAY006289,CUST00795,POL01305,2018-12-07,87.25,Success
PAY006290,CUST00795,POL01305,2019-03-08,87.25,Success
PAY006291,CUST00796,POL01306,2022-02-23,985.53,Success
PAY006292,CUST00796,POL01307,2020-03-23,537.03,Success
PAY006293,CUST00797,POL01308,2022-04-05,149.06,Success
PAY006294,CUST00797,POL01308,2022-07-05,149.06,Success
PAY006295,CUST00797,POL01308,2022-10-04,149.06,Success
PAY006296,CUST00797,POL01308,2023-01-03,149.06,Success
PAY006297,CUST00797,POL01309,2021-01-21,705.55,Success
PAY006298,CUST00797,POL01309,2021-07-22,705.55,Success
PAY006299,CUST00798,POL01310,2020-06-22,2008.91,Success
PAY006300,CUST00798,POL01311,2023-12-13,2861.53,Success
PAY006301,CUST00798,POL01311,2024-06-12,2861.53,Pending
PAY006302,CUST00798,POL01312,2024-10-12,138.26,Success
PAY006303,CUST00798,POL01312,2025-01-11,138.26,Success
PAY006304,CUST00798,POL01312,2025-04-12,138.26,Success
PAY006305,CUST00798,POL01312,2025-07-12,138.26,Success
PAY006306,CUST00799,POL01313,2025-01-17,29.88,Success
PAY006307,CUST00799,POL01313,2025-02-16,29.88,Success
PAY006308,CUST00799,POL01313,2025-03-18,29.88,Success
PAY006309,CUST00799,POL01313,2025-04-17,29.88,Success
PAY006310,CUST00799,POL01313,2025-05-17,29.88,Success
PAY006311,CUST00799,POL01313,2025-06-16,29.88,Success
PAY006312,CUST00799,POL01313,2025-07-16,29.88,Failed
PAY006313,CUST00799,POL01313,2025-08-15,29.88,Success
PAY006314,CUST00799,POL01313,2025-09-14,29.88,Success
PAY006315,CUST00799,POL01313,2025-10-14,29.88,Success
PAY006316,CUST00799,POL01313,2025-11-13,29.88,Success
PAY006317,CUST00799,POL01313,2025-12-13,29.88,Success
PAY006318,CUST00800,POL01314,2021-06-02,1469.05,Failed
PAY006319,CUST00801,POL01315,2019-06-19,2427.90,Success
PAY006320,CUST00801,POL01316,2021-01-14,400.51,Success
PAY006321,CUST00801,POL01316,2021-02-13,400.51,Success
PAY006322,CUST00801,POL01316,2021-03-15,400.51,Success
PAY006323,CUST00801,POL01316,2021-04-14,400.51,Success
PAY006324,CUST00801,POL01316,2021-05-14,400.51,Success
PAY006325,CUST00801,POL01316,2021-06-13,400.51,Success
PAY006326,CUST00801,POL01316,2021-07-13,400.51,Success
PAY006327,CUST00801,POL01316,2021-08-12,400.51,Success
PAY006328,CUST00801,POL01316,2021-09-11,400.51,Success
PAY006329,CUST00801,POL01316,2021-10-11,400.51,Success
PAY006330,CUST00801,POL01316,2021-11-10,400.51,Success
PAY006331,CUST00801,POL01316,2021-12-10,400.51,Success
PAY006332,CUST00802,POL01317,2024-10-18,190.72,Pending
PAY006333,CUST00803,POL01318,2018-11-03,5743.13,Failed
PAY006334,CUST00803,POL01319,2020-10-01,551.37,Pending
PAY006335,CUST00804,POL01320,2024-06-08,1594.93,Success
PAY006336,CUST00804,POL01320,2024-12-07,1594.93,Success
PAY006337,CUST00805,POL01321,2023-11-20,177.30,Pending
PAY006338,CUST00805,POL01321,2023-12-20,177.30,Refunded
PAY006339,CUST00805,POL01321,2024-01-19,177.30,Success
PAY006340,CUST00805,POL01321,2024-02-18,177.30,Success
PAY006341,CUST00805,POL01321,2024-03-19,177.30,Success
PAY006342,CUST00805,POL01321,2024-04-18,177.30,Refunded
PAY006343,CUST00805,POL01321,2024-05-18,177.30,Success
PAY006344,CUST00805,POL01321,2024-06-17,177.30,Success
PAY006345,CUST00805,POL01321,2024-07-17,177.30,Success
PAY006346,CUST00805,POL01321,2024-08-16,177.30,Success
PAY006347,CUST00805,POL01321,2024-09-15,177.30,Success
PAY006348,CUST00805,POL01321,2024-10-15,177.30,Success
PAY006349,CUST00806,POL01322,2020-11-21,1499.23,Success
PAY006350,CUST00806,POL01322,2021-02-20,1499.23,Success
PAY006351,CUST00806,POL01322,2021-05-22,1499.23,Success
PAY006352,CUST00806,POL01322,2021-08-21,1499.23,Success
PAY006353,CUST00807,POL01323,2025-07-09,5856.33,Success
PAY006354,CUST00807,POL01324,2023-07-23,862.50,Success
PAY006355,CUST00807,POL01324,2024-01-21,862.50,Pending
PAY006356,CUST00807,POL01325,2018-05-07,99.47,Success
PAY006357,CUST00807,POL01325,2018-06-06,99.47,Success
PAY006358,CUST00807,POL01325,2018-07-06,99.47,Success
PAY006359,CUST00807,POL01325,2018-08-05,99.47,Success
PAY006360,CUST00807,POL01325,2018-09-04,99.47,Failed
PAY006361,CUST00807,POL01325,2018-10-04,99.47,Success
PAY006362,CUST00807,POL01325,2018-11-03,99.47,Success
PAY006363,CUST00807,POL01325,2018-12-03,99.47,Success
PAY006364,CUST00807,POL01325,2019-01-02,99.47,Success
PAY006365,CUST00807,POL01325,2019-02-01,99.47,Success
PAY006366,CUST00807,POL01325,2019-03-03,99.47,Refunded
PAY006367,CUST00807,POL01325,2019-04-02,99.47,Success
PAY006368,CUST00808,POL01326,2024-05-28,131.97,Success
PAY006369,CUST00808,POL01326,2024-06-27,131.97,Success
PAY006370,CUST00808,POL01326,2024-07-27,131.97,Success
PAY006371,CUST00808,POL01326,2024-08-26,131.97,Success
PAY006372,CUST00808,POL01326,2024-09-25,131.97,Success
PAY006373,CUST00808,POL01326,2024-10-25,131.97,Success
PAY006374,CUST00808,POL01326,2024-11-24,131.97,Success
PAY006375,CUST00808,POL01326,2024-12-24,131.97,Success
PAY006376,CUST00808,POL01326,2025-01-23,131.97,Success
PAY006377,CUST00808,POL01326,2025-02-22,131.97,Success
PAY006378,CUST00808,POL01326,2025-03-24,131.97,Success
PAY006379,CUST00808,POL01326,2025-04-23,131.97,Failed
PAY006380,CUST00808,POL01327,2018-02-09,96.02,Success
PAY006381,CUST00808,POL01327,2018-05-11,96.02,Success
PAY006382,CUST00808,POL01327,2018-08-10,96.02,Success
PAY006383,CUST00808,POL01327,2018-11-09,96.02,Pending
PAY006384,CUST00809,POL01328,2019-11-04,48.65,Refunded
PAY006385,CUST00809,POL01328,2019-12-04,48.65,Success
PAY006386,CUST00809,POL01328,2020-01-03,48.65,Success
PAY006387,CUST00809,POL01328,2020-02-02,48.65,Success
PAY006388,CUST00809,POL01328,2020-03-03,48.65,Refunded
PAY006389,CUST00809,POL01328,2020-04-02,48.65,Success
PAY006390,CUST00809,POL01328,2020-05-02,48.65,Success
PAY006391,CUST00809,POL01328,2020-06-01,48.65,Success
PAY006392,CUST00809,POL01328,2020-07-01,48.65,Success
PAY006393,CUST00809,POL01328,2020-07-31,48.65,Failed
PAY006394,CUST00809,POL01328,2020-08-30,48.65,Success
PAY006395,CUST00809,POL01328,2020-09-29,48.65,Failed
PAY006396,CUST00809,POL01329,2023-07-08,1338.28,Failed
PAY006397,CUST00809,POL01329,2024-01-06,1338.28,Pending
PAY006398,CUST00810,POL01330,2023-04-13,3647.19,Success
PAY006399,CUST00811,POL01331,2021-09-29,1262.42,Success
PAY006400,CUST00812,POL01332,2022-12-21,937.32,Success
PAY006401,CUST00812,POL01332,2023-06-21,937.32,Refunded
PAY006402,CUST00813,POL01333,2019-08-24,112.75,Refunded
PAY006403,CUST00813,POL01333,2019-09-23,112.75,Success
PAY006404,CUST00813,POL01333,2019-10-23,112.75,Success
PAY006405,CUST00813,POL01333,2019-11-22,112.75,Success
PAY006406,CUST00813,POL01333,2019-12-22,112.75,Success
PAY006407,CUST00813,POL01333,2020-01-21,112.75,Pending
PAY006408,CUST00813,POL01333,2020-02-20,112.75,Success
PAY006409,CUST00813,POL01333,2020-03-21,112.75,Success
PAY006410,CUST00813,POL01333,2020-04-20,112.75,Success
PAY006411,CUST00813,POL01333,2020-05-20,112.75,Success
PAY006412,CUST00813,POL01333,2020-06-19,112.75,Success
PAY006413,CUST00813,POL01333,2020-07-19,112.75,Success
PAY006414,CUST00814,POL01334,2022-06-25,91.77,Success
PAY006415,CUST00814,POL01334,2022-07-25,91.77,Success
PAY006416,CUST00814,POL01334,2022-08-24,91.77,Success
PAY006417,CUST00814,POL01334,2022-09-23,91.77,Success
PAY006418,CUST00814,POL01334,2022-10-23,91.77,Success
PAY006419,CUST00814,POL01334,2022-11-22,91.77,Pending
PAY006420,CUST00814,POL01334,2022-12-22,91.77,Success
PAY006421,CUST00814,POL01334,2023-01-21,91.77,Success
PAY006422,CUST00814,POL01334,2023-02-20,91.77,Refunded
PAY006423,CUST00814,POL01334,2023-03-22,91.77,Success
PAY006424,CUST00814,POL01334,2023-04-21,91.77,Success
PAY006425,CUST00814,POL01334,2023-05-21,91.77,Success
PAY006426,CUST00815,POL01335,2020-06-16,183.16,Success
PAY006427,CUST00815,POL01335,2020-07-16,183.16,Success
PAY006428,CUST00815,POL01335,2020-08-15,183.16,Success
PAY006429,CUST00815,POL01335,2020-09-14,183.16,Success
PAY006430,CUST00815,POL01335,2020-10-14,183.16,Success
PAY006431,CUST00815,POL01335,2020-11-13,183.16,Success
PAY006432,CUST00815,POL01335,2020-12-13,183.16,Success
PAY006433,CUST00815,POL01335,2021-01-12,183.16,Success
PAY006434,CUST00815,POL01335,2021-02-11,183.16,Success
PAY006435,CUST00815,POL01335,2021-03-13,183.16,Failed
PAY006436,CUST00815,POL01335,2021-04-12,183.16,Pending
PAY006437,CUST00815,POL01335,2021-05-12,183.16,Success
PAY006438,CUST00815,POL01336,2024-02-04,181.00,Success
PAY006439,CUST00815,POL01336,2024-03-05,181.00,Success
PAY006440,CUST00815,POL01336,2024-04-04,181.00,Success
PAY006441,CUST00815,POL01336,2024-05-04,181.00,Failed
PAY006442,CUST00815,POL01336,2024-06-03,181.00,Success
PAY006443,CUST00815,POL01336,2024-07-03,181.00,Success
PAY006444,CUST00815,POL01336,2024-08-02,181.00,Success
PAY006445,CUST00815,POL01336,2024-09-01,181.00,Success
PAY006446,CUST00815,POL01336,2024-10-01,181.00,Refunded
PAY006447,CUST00815,POL01336,2024-10-31,181.00,Success
PAY006448,CUST00815,POL01336,2024-11-30,181.00,Success
PAY006449,CUST00815,POL01336,2024-12-30,181.00,Success
PAY006450,CUST00816,POL01337,2023-12-25,220.28,Success
PAY006451,CUST00816,POL01337,2024-06-24,220.28,Pending
PAY006452,CUST00816,POL01338,2025-03-13,187.42,Success
PAY006453,CUST00816,POL01338,2025-04-12,187.42,Success
PAY006454,CUST00816,POL01338,2025-05-12,187.42,Success
PAY006455,CUST00816,POL01338,2025-06-11,187.42,Success
PAY006456,CUST00816,POL01338,2025-07-11,187.42,Success
PAY006457,CUST00816,POL01338,2025-08-10,187.42,Success
PAY006458,CUST00816,POL01338,2025-09-09,187.42,Success
PAY006459,CUST00816,POL01338,2025-10-09,187.42,Pending
PAY006460,CUST00816,POL01338,2025-11-08,187.42,Success
PAY006461,CUST00816,POL01338,2025-12-08,187.42,Success
PAY006462,CUST00816,POL01338,2026-01-07,187.42,Success
PAY006463,CUST00816,POL01338,2026-02-06,187.42,Success
PAY006464,CUST00817,POL01339,2019-08-14,371.66,Success
PAY006465,CUST00817,POL01339,2019-11-13,371.66,Success
PAY006466,CUST00817,POL01339,2020-02-12,371.66,Refunded
PAY006467,CUST00817,POL01339,2020-05-13,371.66,Success
PAY006468,CUST00818,POL01340,2023-11-10,149.10,Success
PAY006469,CUST00818,POL01340,2024-02-09,149.10,Success
PAY006470,CUST00818,POL01340,2024-05-10,149.10,Success
PAY006471,CUST00818,POL01340,2024-08-09,149.10,Success
PAY006472,CUST00818,POL01341,2025-08-04,2987.01,Success
PAY006473,CUST00819,POL01342,2018-05-03,83.08,Success
PAY006474,CUST00819,POL01342,2018-06-02,83.08,Success
PAY006475,CUST00819,POL01342,2018-07-02,83.08,Success
PAY006476,CUST00819,POL01342,2018-08-01,83.08,Success
PAY006477,CUST00819,POL01342,2018-08-31,83.08,Success
PAY006478,CUST00819,POL01342,2018-09-30,83.08,Success
PAY006479,CUST00819,POL01342,2018-10-30,83.08,Pending
PAY006480,CUST00819,POL01342,2018-11-29,83.08,Success
PAY006481,CUST00819,POL01342,2018-12-29,83.08,Success
PAY006482,CUST00819,POL01342,2019-01-28,83.08,Success
PAY006483,CUST00819,POL01342,2019-02-27,83.08,Success
PAY006484,CUST00819,POL01342,2019-03-29,83.08,Success
PAY006485,CUST00820,POL01343,2021-05-04,359.65,Success
PAY006486,CUST00820,POL01343,2021-08-03,359.65,Success
PAY006487,CUST00820,POL01343,2021-11-02,359.65,Success
PAY006488,CUST00820,POL01343,2022-02-01,359.65,Success
PAY006489,CUST00821,POL01344,2019-09-18,489.59,Success
PAY006490,CUST00821,POL01344,2019-12-18,489.59,Success
PAY006491,CUST00821,POL01344,2020-03-18,489.59,Success
PAY006492,CUST00821,POL01344,2020-06-17,489.59,Success
PAY006493,CUST00822,POL01345,2024-03-28,256.54,Success
PAY006494,CUST00822,POL01345,2024-06-27,256.54,Success
PAY006495,CUST00822,POL01345,2024-09-26,256.54,Success
PAY006496,CUST00822,POL01345,2024-12-26,256.54,Success
PAY006497,CUST00822,POL01346,2019-01-08,197.26,Success
PAY006498,CUST00822,POL01346,2019-02-07,197.26,Success
PAY006499,CUST00822,POL01346,2019-03-09,197.26,Success
PAY006500,CUST00822,POL01346,2019-04-08,197.26,Success
PAY006501,CUST00822,POL01346,2019-05-08,197.26,Success
PAY006502,CUST00822,POL01346,2019-06-07,197.26,Success
PAY006503,CUST00822,POL01346,2019-07-07,197.26,Failed
PAY006504,CUST00822,POL01346,2019-08-06,197.26,Refunded
PAY006505,CUST00822,POL01346,2019-09-05,197.26,Success
PAY006506,CUST00822,POL01346,2019-10-05,197.26,Pending
PAY006507,CUST00822,POL01346,2019-11-04,197.26,Success
PAY006508,CUST00822,POL01346,2019-12-04,197.26,Success
PAY006509,CUST00823,POL01347,2019-11-28,151.00,Success
PAY006510,CUST00823,POL01347,2019-12-28,151.00,Success
PAY006511,CUST00823,POL01347,2020-01-27,151.00,Success
PAY006512,CUST00823,POL01347,2020-02-26,151.00,Success
PAY006513,CUST00823,POL01347,2020-03-27,151.00,Success
PAY006514,CUST00823,POL01347,2020-04-26,151.00,Success
PAY006515,CUST00823,POL01347,2020-05-26,151.00,Success
PAY006516,CUST00823,POL01347,2020-06-25,151.00,Success
PAY006517,CUST00823,POL01347,2020-07-25,151.00,Success
PAY006518,CUST00823,POL01347,2020-08-24,151.00,Success
PAY006519,CUST00823,POL01347,2020-09-23,151.00,Refunded
PAY006520,CUST00823,POL01347,2020-10-23,151.00,Success
PAY006521,CUST00824,POL01348,2018-04-04,671.45,Success
PAY006522,CUST00824,POL01348,2018-07-04,671.45,Success
PAY006523,CUST00824,POL01348,2018-10-03,671.45,Success
PAY006524,CUST00824,POL01348,2019-01-02,671.45,Success
PAY006525,CUST00824,POL01349,2022-01-03,126.93,Success
PAY006526,CUST00824,POL01349,2022-04-04,126.93,Success
PAY006527,CUST00824,POL01349,2022-07-04,126.93,Success
PAY006528,CUST00824,POL01349,2022-10-03,126.93,Success
PAY006529,CUST00825,POL01350,2021-03-15,156.22,Success
PAY006530,CUST00825,POL01350,2021-04-14,156.22,Success
PAY006531,CUST00825,POL01350,2021-05-14,156.22,Success
PAY006532,CUST00825,POL01350,2021-06-13,156.22,Success
PAY006533,CUST00825,POL01350,2021-07-13,156.22,Pending
PAY006534,CUST00825,POL01350,2021-08-12,156.22,Success
PAY006535,CUST00825,POL01350,2021-09-11,156.22,Success
PAY006536,CUST00825,POL01350,2021-10-11,156.22,Success
PAY006537,CUST00825,POL01350,2021-11-10,156.22,Success
PAY006538,CUST00825,POL01350,2021-12-10,156.22,Success
PAY006539,CUST00825,POL01350,2022-01-09,156.22,Success
PAY006540,CUST00825,POL01350,2022-02-08,156.22,Success
PAY006541,CUST00825,POL01351,2022-12-10,165.66,Success
PAY006542,CUST00825,POL01351,2023-01-09,165.66,Success
PAY006543,CUST00825,POL01351,2023-02-08,165.66,Failed
PAY006544,CUST00825,POL01351,2023-03-10,165.66,Success
PAY006545,CUST00825,POL01351,2023-04-09,165.66,Success
PAY006546,CUST00825,POL01351,2023-05-09,165.66,Success
PAY006547,CUST00825,POL01351,2023-06-08,165.66,Failed
PAY006548,CUST00825,POL01351,2023-07-08,165.66,Failed
PAY006549,CUST00825,POL01351,2023-08-07,165.66,Success
PAY006550,CUST00825,POL01351,2023-09-06,165.66,Failed
PAY006551,CUST00825,POL01351,2023-10-06,165.66,Success
PAY006552,CUST00825,POL01351,2023-11-05,165.66,Success
PAY006553,CUST00825,POL01352,2024-03-15,3356.93,Success
PAY006554,CUST00826,POL01353,2022-07-10,147.76,Success
PAY006555,CUST00826,POL01353,2023-01-08,147.76,Success
PAY006556,CUST00827,POL01354,2025-03-05,21.92,Failed
PAY006557,CUST00827,POL01354,2025-04-04,21.92,Success
PAY006558,CUST00827,POL01354,2025-05-04,21.92,Success
PAY006559,CUST00827,POL01354,2025-06-03,21.92,Success
PAY006560,CUST00827,POL01354,2025-07-03,21.92,Success
PAY006561,CUST00827,POL01354,2025-08-02,21.92,Refunded
PAY006562,CUST00827,POL01354,2025-09-01,21.92,Success
PAY006563,CUST00827,POL01354,2025-10-01,21.92,Success
PAY006564,CUST00827,POL01354,2025-10-31,21.92,Success
PAY006565,CUST00827,POL01354,2025-11-30,21.92,Success
PAY006566,CUST00827,POL01354,2025-12-30,21.92,Success
PAY006567,CUST00827,POL01354,2026-01-29,21.92,Success
PAY006568,CUST00828,POL01355,2023-08-29,154.22,Success
PAY006569,CUST00828,POL01355,2023-09-28,154.22,Success
PAY006570,CUST00828,POL01355,2023-10-28,154.22,Success
PAY006571,CUST00828,POL01355,2023-11-27,154.22,Success
PAY006572,CUST00828,POL01355,2023-12-27,154.22,Success
PAY006573,CUST00828,POL01355,2024-01-26,154.22,Success
PAY006574,CUST00828,POL01355,2024-02-25,154.22,Success
PAY006575,CUST00828,POL01355,2024-03-26,154.22,Success
PAY006576,CUST00828,POL01355,2024-04-25,154.22,Success
PAY006577,CUST00828,POL01355,2024-05-25,154.22,Success
PAY006578,CUST00828,POL01355,2024-06-24,154.22,Success
PAY006579,CUST00828,POL01355,2024-07-24,154.22,Success
PAY006580,CUST00829,POL01356,2021-02-05,4760.05,Success
PAY006581,CUST00830,POL01357,2021-12-09,380.76,Success
PAY006582,CUST00830,POL01357,2022-01-08,380.76,Success
PAY006583,CUST00830,POL01357,2022-02-07,380.76,Refunded
PAY006584,CUST00830,POL01357,2022-03-09,380.76,Success
PAY006585,CUST00830,POL01357,2022-04-08,380.76,Success
PAY006586,CUST00830,POL01357,2022-05-08,380.76,Success
PAY006587,CUST00830,POL01357,2022-06-07,380.76,Success
PAY006588,CUST00830,POL01357,2022-07-07,380.76,Success
PAY006589,CUST00830,POL01357,2022-08-06,380.76,Success
PAY006590,CUST00830,POL01357,2022-09-05,380.76,Success
PAY006591,CUST00830,POL01357,2022-10-05,380.76,Success
PAY006592,CUST00830,POL01357,2022-11-04,380.76,Success
PAY006593,CUST00830,POL01358,2020-05-30,303.79,Success
PAY006594,CUST00830,POL01358,2020-08-29,303.79,Refunded
PAY006595,CUST00830,POL01358,2020-11-28,303.79,Success
PAY006596,CUST00830,POL01358,2021-02-27,303.79,Success
PAY006597,CUST00831,POL01359,2023-10-26,2084.93,Success
PAY006598,CUST00831,POL01360,2025-05-03,171.52,Success
PAY006599,CUST00831,POL01360,2025-06-02,171.52,Success
PAY006600,CUST00831,POL01360,2025-07-02,171.52,Success
PAY006601,CUST00831,POL01360,2025-08-01,171.52,Success
PAY006602,CUST00831,POL01360,2025-08-31,171.52,Success
PAY006603,CUST00831,POL01360,2025-09-30,171.52,Success
PAY006604,CUST00831,POL01360,2025-10-30,171.52,Success
PAY006605,CUST00831,POL01360,2025-11-29,171.52,Success
PAY006606,CUST00831,POL01360,2025-12-29,171.52,Success
PAY006607,CUST00831,POL01360,2026-01-28,171.52,Success
PAY006608,CUST00831,POL01360,2026-02-27,171.52,Success
PAY006609,CUST00831,POL01360,2026-03-29,171.52,Refunded
PAY006610,CUST00832,POL01361,2024-06-18,92.28,Success
PAY006611,CUST00832,POL01361,2024-12-17,92.28,Success
PAY006612,CUST00832,POL01362,2019-10-30,240.84,Success
PAY006613,CUST00832,POL01362,2019-11-29,240.84,Pending
PAY006614,CUST00832,POL01362,2019-12-29,240.84,Success
PAY006615,CUST00832,POL01362,2020-01-28,240.84,Success
PAY006616,CUST00832,POL01362,2020-02-27,240.84,Success
PAY006617,CUST00832,POL01362,2020-03-28,240.84,Success
PAY006618,CUST00832,POL01362,2020-04-27,240.84,Success
PAY006619,CUST00832,POL01362,2020-05-27,240.84,Success
PAY006620,CUST00832,POL01362,2020-06-26,240.84,Success
PAY006621,CUST00832,POL01362,2020-07-26,240.84,Success
PAY006622,CUST00832,POL01362,2020-08-25,240.84,Success
PAY006623,CUST00832,POL01362,2020-09-24,240.84,Success
PAY006624,CUST00833,POL01363,2021-02-18,517.72,Success
PAY006625,CUST00833,POL01363,2021-08-19,517.72,Success
PAY006626,CUST00833,POL01364,2018-10-27,154.43,Success
PAY006627,CUST00833,POL01364,2018-11-26,154.43,Failed
PAY006628,CUST00833,POL01364,2018-12-26,154.43,Success
PAY006629,CUST00833,POL01364,2019-01-25,154.43,Success
PAY006630,CUST00833,POL01364,2019-02-24,154.43,Success
PAY006631,CUST00833,POL01364,2019-03-26,154.43,Pending
PAY006632,CUST00833,POL01364,2019-04-25,154.43,Success
PAY006633,CUST00833,POL01364,2019-05-25,154.43,Success
PAY006634,CUST00833,POL01364,2019-06-24,154.43,Success
PAY006635,CUST00833,POL01364,2019-07-24,154.43,Success
PAY006636,CUST00833,POL01364,2019-08-23,154.43,Success
PAY006637,CUST00833,POL01364,2019-09-22,154.43,Success
PAY006638,CUST00834,POL01365,2020-07-29,1010.29,Success
PAY006639,CUST00834,POL01365,2021-01-27,1010.29,Success
PAY006640,CUST00834,POL01366,2024-01-30,2018.59,Success
PAY006641,CUST00834,POL01367,2022-01-02,115.81,Success
PAY006642,CUST00834,POL01367,2022-02-01,115.81,Success
PAY006643,CUST00834,POL01367,2022-03-03,115.81,Refunded
PAY006644,CUST00834,POL01367,2022-04-02,115.81,Success
PAY006645,CUST00834,POL01367,2022-05-02,115.81,Success
PAY006646,CUST00834,POL01367,2022-06-01,115.81,Success
PAY006647,CUST00834,POL01367,2022-07-01,115.81,Success
PAY006648,CUST00834,POL01367,2022-07-31,115.81,Pending
PAY006649,CUST00834,POL01367,2022-08-30,115.81,Success
PAY006650,CUST00834,POL01367,2022-09-29,115.81,Success
PAY006651,CUST00834,POL01367,2022-10-29,115.81,Failed
PAY006652,CUST00834,POL01367,2022-11-28,115.81,Failed
PAY006653,CUST00835,POL01368,2018-03-24,33.03,Success
PAY006654,CUST00835,POL01368,2018-04-23,33.03,Success
PAY006655,CUST00835,POL01368,2018-05-23,33.03,Success
PAY006656,CUST00835,POL01368,2018-06-22,33.03,Success
PAY006657,CUST00835,POL01368,2018-07-22,33.03,Success
PAY006658,CUST00835,POL01368,2018-08-21,33.03,Pending
PAY006659,CUST00835,POL01368,2018-09-20,33.03,Success
PAY006660,CUST00835,POL01368,2018-10-20,33.03,Success
PAY006661,CUST00835,POL01368,2018-11-19,33.03,Success
PAY006662,CUST00835,POL01368,2018-12-19,33.03,Success
PAY006663,CUST00835,POL01368,2019-01-18,33.03,Success
PAY006664,CUST00835,POL01368,2019-02-17,33.03,Success
PAY006665,CUST00835,POL01369,2020-06-08,102.65,Success
PAY006666,CUST00835,POL01369,2020-09-07,102.65,Success
PAY006667,CUST00835,POL01369,2020-12-07,102.65,Pending
PAY006668,CUST00835,POL01369,2021-03-08,102.65,Refunded
PAY006669,CUST00836,POL01370,2020-11-17,924.00,Success
PAY006670,CUST00836,POL01370,2021-05-18,924.00,Success
PAY006671,CUST00836,POL01371,2021-09-23,1696.16,Success
PAY006672,CUST00836,POL01371,2022-03-24,1696.16,Success
PAY006673,CUST00836,POL01372,2025-05-02,53.59,Success
PAY006674,CUST00836,POL01372,2025-08-01,53.59,Pending
PAY006675,CUST00836,POL01372,2025-10-31,53.59,Pending
PAY006676,CUST00836,POL01372,2026-01-30,53.59,Pending
PAY006677,CUST00837,POL01373,2025-07-25,131.25,Success
PAY006678,CUST00837,POL01373,2025-08-24,131.25,Success
PAY006679,CUST00837,POL01373,2025-09-23,131.25,Success
PAY006680,CUST00837,POL01373,2025-10-23,131.25,Failed
PAY006681,CUST00837,POL01373,2025-11-22,131.25,Success
PAY006682,CUST00837,POL01373,2025-12-22,131.25,Failed
PAY006683,CUST00837,POL01373,2026-01-21,131.25,Success
PAY006684,CUST00837,POL01373,2026-02-20,131.25,Success
PAY006685,CUST00837,POL01373,2026-03-22,131.25,Failed
PAY006686,CUST00837,POL01373,2026-04-21,131.25,Success
PAY006687,CUST00837,POL01373,2026-05-21,131.25,Success
PAY006688,CUST00837,POL01373,2026-06-20,131.25,Success
PAY006689,CUST00837,POL01374,2025-01-24,1779.05,Refunded
PAY006690,CUST00837,POL01375,2023-01-01,138.16,Pending
PAY006691,CUST00837,POL01375,2023-04-02,138.16,Success
PAY006692,CUST00837,POL01375,2023-07-02,138.16,Success
PAY006693,CUST00837,POL01375,2023-10-01,138.16,Success
PAY006694,CUST00838,POL01376,2025-04-18,185.49,Pending
PAY006695,CUST00838,POL01376,2025-10-17,185.49,Success
PAY006696,CUST00838,POL01377,2020-04-24,515.17,Success
PAY006697,CUST00838,POL01377,2020-07-24,515.17,Success
PAY006698,CUST00838,POL01377,2020-10-23,515.17,Success
PAY006699,CUST00838,POL01377,2021-01-22,515.17,Pending
PAY006700,CUST00838,POL01378,2023-11-11,384.29,Success
PAY006701,CUST00838,POL01378,2024-02-10,384.29,Failed
PAY006702,CUST00838,POL01378,2024-05-11,384.29,Success
PAY006703,CUST00838,POL01378,2024-08-10,384.29,Refunded
PAY006704,CUST00839,POL01379,2020-02-11,663.53,Success
PAY006705,CUST00839,POL01379,2020-08-11,663.53,Success
PAY006706,CUST00840,POL01380,2019-08-25,221.89,Success
PAY006707,CUST00840,POL01380,2019-11-24,221.89,Success
PAY006708,CUST00840,POL01380,2020-02-23,221.89,Success
PAY006709,CUST00840,POL01380,2020-05-24,221.89,Success
PAY006710,CUST00841,POL01381,2020-03-17,160.45,Success
PAY006711,CUST00841,POL01381,2020-04-16,160.45,Success
PAY006712,CUST00841,POL01381,2020-05-16,160.45,Success
PAY006713,CUST00841,POL01381,2020-06-15,160.45,Success
PAY006714,CUST00841,POL01381,2020-07-15,160.45,Success
PAY006715,CUST00841,POL01381,2020-08-14,160.45,Success
PAY006716,CUST00841,POL01381,2020-09-13,160.45,Success
PAY006717,CUST00841,POL01381,2020-10-13,160.45,Success
PAY006718,CUST00841,POL01381,2020-11-12,160.45,Success
PAY006719,CUST00841,POL01381,2020-12-12,160.45,Success
PAY006720,CUST00841,POL01381,2021-01-11,160.45,Success
PAY006721,CUST00841,POL01381,2021-02-10,160.45,Success
PAY006722,CUST00841,POL01382,2020-06-07,163.17,Success
PAY006723,CUST00841,POL01382,2020-07-07,163.17,Success
PAY006724,CUST00841,POL01382,2020-08-06,163.17,Success
PAY006725,CUST00841,POL01382,2020-09-05,163.17,Success
PAY006726,CUST00841,POL01382,2020-10-05,163.17,Success
PAY006727,CUST00841,POL01382,2020-11-04,163.17,Failed
PAY006728,CUST00841,POL01382,2020-12-04,163.17,Success
PAY006729,CUST00841,POL01382,2021-01-03,163.17,Success
PAY006730,CUST00841,POL01382,2021-02-02,163.17,Success
PAY006731,CUST00841,POL01382,2021-03-04,163.17,Success
PAY006732,CUST00841,POL01382,2021-04-03,163.17,Success
PAY006733,CUST00841,POL01382,2021-05-03,163.17,Success
PAY006734,CUST00841,POL01383,2019-10-29,86.46,Success
PAY006735,CUST00841,POL01383,2020-01-28,86.46,Success
PAY006736,CUST00841,POL01383,2020-04-28,86.46,Success
PAY006737,CUST00841,POL01383,2020-07-28,86.46,Pending
PAY006738,CUST00842,POL01384,2022-09-05,110.10,Success
PAY006739,CUST00842,POL01384,2022-10-05,110.10,Success
PAY006740,CUST00842,POL01384,2022-11-04,110.10,Success
PAY006741,CUST00842,POL01384,2022-12-04,110.10,Success
PAY006742,CUST00842,POL01384,2023-01-03,110.10,Success
PAY006743,CUST00842,POL01384,2023-02-02,110.10,Success
PAY006744,CUST00842,POL01384,2023-03-04,110.10,Pending
PAY006745,CUST00842,POL01384,2023-04-03,110.10,Success
PAY006746,CUST00842,POL01384,2023-05-03,110.10,Success
PAY006747,CUST00842,POL01384,2023-06-02,110.10,Pending
PAY006748,CUST00842,POL01384,2023-07-02,110.10,Success
PAY006749,CUST00842,POL01384,2023-08-01,110.10,Success
PAY006750,CUST00843,POL01385,2019-04-24,2927.99,Failed
PAY006751,CUST00843,POL01386,2023-09-24,1271.04,Success
PAY006752,CUST00844,POL01387,2018-11-20,43.31,Success
PAY006753,CUST00844,POL01387,2018-12-20,43.31,Success
PAY006754,CUST00844,POL01387,2019-01-19,43.31,Success
PAY006755,CUST00844,POL01387,2019-02-18,43.31,Success
PAY006756,CUST00844,POL01387,2019-03-20,43.31,Failed
PAY006757,CUST00844,POL01387,2019-04-19,43.31,Refunded
PAY006758,CUST00844,POL01387,2019-05-19,43.31,Refunded
PAY006759,CUST00844,POL01387,2019-06-18,43.31,Success
PAY006760,CUST00844,POL01387,2019-07-18,43.31,Success
PAY006761,CUST00844,POL01387,2019-08-17,43.31,Success
PAY006762,CUST00844,POL01387,2019-09-16,43.31,Failed
PAY006763,CUST00844,POL01387,2019-10-16,43.31,Success
PAY006764,CUST00844,POL01388,2019-07-13,436.56,Success
PAY006765,CUST00844,POL01388,2019-08-12,436.56,Success
PAY006766,CUST00844,POL01388,2019-09-11,436.56,Success
PAY006767,CUST00844,POL01388,2019-10-11,436.56,Failed
PAY006768,CUST00844,POL01388,2019-11-10,436.56,Success
PAY006769,CUST00844,POL01388,2019-12-10,436.56,Success
PAY006770,CUST00844,POL01388,2020-01-09,436.56,Success
PAY006771,CUST00844,POL01388,2020-02-08,436.56,Success
PAY006772,CUST00844,POL01388,2020-03-09,436.56,Success
PAY006773,CUST00844,POL01388,2020-04-08,436.56,Success
PAY006774,CUST00844,POL01388,2020-05-08,436.56,Success
PAY006775,CUST00844,POL01388,2020-06-07,436.56,Success
PAY006776,CUST00845,POL01389,2021-03-18,54.68,Success
PAY006777,CUST00845,POL01389,2021-04-17,54.68,Success
PAY006778,CUST00845,POL01389,2021-05-17,54.68,Success
PAY006779,CUST00845,POL01389,2021-06-16,54.68,Success
PAY006780,CUST00845,POL01389,2021-07-16,54.68,Success
PAY006781,CUST00845,POL01389,2021-08-15,54.68,Success
PAY006782,CUST00845,POL01389,2021-09-14,54.68,Refunded
PAY006783,CUST00845,POL01389,2021-10-14,54.68,Success
PAY006784,CUST00845,POL01389,2021-11-13,54.68,Success
PAY006785,CUST00845,POL01389,2021-12-13,54.68,Success
PAY006786,CUST00845,POL01389,2022-01-12,54.68,Success
PAY006787,CUST00845,POL01389,2022-02-11,54.68,Failed
PAY006788,CUST00845,POL01390,2019-02-01,199.90,Refunded
PAY006789,CUST00845,POL01390,2019-05-03,199.90,Success
PAY006790,CUST00845,POL01390,2019-08-02,199.90,Success
PAY006791,CUST00845,POL01390,2019-11-01,199.90,Success
PAY006792,CUST00846,POL01391,2020-07-15,2039.16,Success
PAY006793,CUST00846,POL01392,2023-05-05,2491.15,Success
PAY006794,CUST00847,POL01393,2023-07-05,354.05,Success
PAY006795,CUST00847,POL01393,2024-01-03,354.05,Success
PAY006796,CUST00848,POL01394,2019-04-27,1354.06,Success
PAY006797,CUST00848,POL01394,2019-10-26,1354.06,Success
PAY006798,CUST00849,POL01395,2022-08-11,753.15,Success
PAY006799,CUST00849,POL01395,2022-11-10,753.15,Pending
PAY006800,CUST00849,POL01395,2023-02-09,753.15,Success
PAY006801,CUST00849,POL01395,2023-05-11,753.15,Success
PAY006802,CUST00850,POL01396,2024-07-07,904.13,Success
PAY006803,CUST00850,POL01396,2025-01-05,904.13,Success
PAY006804,CUST00850,POL01397,2020-03-20,507.84,Success
PAY006805,CUST00850,POL01397,2020-06-19,507.84,Success
PAY006806,CUST00850,POL01397,2020-09-18,507.84,Success
PAY006807,CUST00850,POL01397,2020-12-18,507.84,Success
PAY006808,CUST00851,POL01398,2019-01-23,192.24,Refunded
PAY006809,CUST00851,POL01398,2019-07-24,192.24,Success
PAY006810,CUST00851,POL01399,2022-11-09,58.24,Success
PAY006811,CUST00851,POL01399,2022-12-09,58.24,Success
PAY006812,CUST00851,POL01399,2023-01-08,58.24,Success
PAY006813,CUST00851,POL01399,2023-02-07,58.24,Success
PAY006814,CUST00851,POL01399,2023-03-09,58.24,Failed
PAY006815,CUST00851,POL01399,2023-04-08,58.24,Success
PAY006816,CUST00851,POL01399,2023-05-08,58.24,Success
PAY006817,CUST00851,POL01399,2023-06-07,58.24,Success
PAY006818,CUST00851,POL01399,2023-07-07,58.24,Success
PAY006819,CUST00851,POL01399,2023-08-06,58.24,Success
PAY006820,CUST00851,POL01399,2023-09-05,58.24,Success
PAY006821,CUST00851,POL01399,2023-10-05,58.24,Success
PAY006822,CUST00851,POL01400,2020-07-12,427.18,Success
PAY006823,CUST00851,POL01400,2021-01-10,427.18,Success
PAY006824,CUST00852,POL01401,2018-10-28,61.18,Success
PAY006825,CUST00852,POL01401,2018-11-27,61.18,Success
PAY006826,CUST00852,POL01401,2018-12-27,61.18,Failed
PAY006827,CUST00852,POL01401,2019-01-26,61.18,Success
PAY006828,CUST00852,POL01401,2019-02-25,61.18,Success
PAY006829,CUST00852,POL01401,2019-03-27,61.18,Success
PAY006830,CUST00852,POL01401,2019-04-26,61.18,Pending
PAY006831,CUST00852,POL01401,2019-05-26,61.18,Failed
PAY006832,CUST00852,POL01401,2019-06-25,61.18,Success
PAY006833,CUST00852,POL01401,2019-07-25,61.18,Success
PAY006834,CUST00852,POL01401,2019-08-24,61.18,Success
PAY006835,CUST00852,POL01401,2019-09-23,61.18,Success
PAY006836,CUST00852,POL01402,2022-10-18,147.62,Success
PAY006837,CUST00852,POL01402,2022-11-17,147.62,Success
PAY006838,CUST00852,POL01402,2022-12-17,147.62,Success
PAY006839,CUST00852,POL01402,2023-01-16,147.62,Success
PAY006840,CUST00852,POL01402,2023-02-15,147.62,Success
PAY006841,CUST00852,POL01402,2023-03-17,147.62,Success
PAY006842,CUST00852,POL01402,2023-04-16,147.62,Success
PAY006843,CUST00852,POL01402,2023-05-16,147.62,Success
PAY006844,CUST00852,POL01402,2023-06-15,147.62,Success
PAY006845,CUST00852,POL01402,2023-07-15,147.62,Success
PAY006846,CUST00852,POL01402,2023-08-14,147.62,Success
PAY006847,CUST00852,POL01402,2023-09-13,147.62,Success
PAY006848,CUST00853,POL01403,2018-04-07,44.56,Success
PAY006849,CUST00853,POL01403,2018-05-07,44.56,Success
PAY006850,CUST00853,POL01403,2018-06-06,44.56,Failed
PAY006851,CUST00853,POL01403,2018-07-06,44.56,Success
PAY006852,CUST00853,POL01403,2018-08-05,44.56,Success
PAY006853,CUST00853,POL01403,2018-09-04,44.56,Success
PAY006854,CUST00853,POL01403,2018-10-04,44.56,Success
PAY006855,CUST00853,POL01403,2018-11-03,44.56,Success
PAY006856,CUST00853,POL01403,2018-12-03,44.56,Success
PAY006857,CUST00853,POL01403,2019-01-02,44.56,Success
PAY006858,CUST00853,POL01403,2019-02-01,44.56,Success
PAY006859,CUST00853,POL01403,2019-03-03,44.56,Success
PAY006860,CUST00854,POL01404,2018-12-02,1497.62,Success
PAY006861,CUST00854,POL01405,2024-07-24,48.44,Success
PAY006862,CUST00854,POL01405,2024-10-23,48.44,Success
PAY006863,CUST00854,POL01405,2025-01-22,48.44,Success
PAY006864,CUST00854,POL01405,2025-04-23,48.44,Success
PAY006865,CUST00854,POL01406,2021-07-01,1754.90,Success
PAY006866,CUST00854,POL01406,2021-12-30,1754.90,Success
PAY006867,CUST00855,POL01407,2024-07-20,153.18,Success
PAY006868,CUST00855,POL01407,2024-10-19,153.18,Success
PAY006869,CUST00855,POL01407,2025-01-18,153.18,Success
PAY006870,CUST00855,POL01407,2025-04-19,153.18,Success
PAY006871,CUST00856,POL01408,2022-01-27,1078.67,Success
PAY006872,CUST00856,POL01408,2022-07-28,1078.67,Success
PAY006873,CUST00857,POL01409,2023-03-26,953.17,Success
PAY006874,CUST00857,POL01409,2023-09-24,953.17,Success
PAY006875,CUST00857,POL01410,2024-03-04,878.89,Failed
PAY006876,CUST00857,POL01410,2024-09-02,878.89,Success
PAY006877,CUST00858,POL01411,2020-03-07,34.36,Success
PAY006878,CUST00858,POL01411,2020-04-06,34.36,Success
PAY006879,CUST00858,POL01411,2020-05-06,34.36,Success
PAY006880,CUST00858,POL01411,2020-06-05,34.36,Success
PAY006881,CUST00858,POL01411,2020-07-05,34.36,Success
PAY006882,CUST00858,POL01411,2020-08-04,34.36,Success
PAY006883,CUST00858,POL01411,2020-09-03,34.36,Success
PAY006884,CUST00858,POL01411,2020-10-03,34.36,Failed
PAY006885,CUST00858,POL01411,2020-11-02,34.36,Success
PAY006886,CUST00858,POL01411,2020-12-02,34.36,Failed
PAY006887,CUST00858,POL01411,2021-01-01,34.36,Failed
PAY006888,CUST00858,POL01411,2021-01-31,34.36,Refunded
PAY006889,CUST00858,POL01412,2020-12-16,543.49,Success
PAY006890,CUST00858,POL01412,2021-03-17,543.49,Failed
PAY006891,CUST00858,POL01412,2021-06-16,543.49,Refunded
PAY006892,CUST00858,POL01412,2021-09-15,543.49,Success
PAY006893,CUST00859,POL01413,2020-11-01,328.22,Success
PAY006894,CUST00859,POL01413,2021-01-31,328.22,Success
PAY006895,CUST00859,POL01413,2021-05-02,328.22,Success
PAY006896,CUST00859,POL01413,2021-08-01,328.22,Success
PAY006897,CUST00860,POL01414,2020-07-18,1265.67,Success
PAY006898,CUST00860,POL01414,2020-10-17,1265.67,Failed
PAY006899,CUST00860,POL01414,2021-01-16,1265.67,Success
PAY006900,CUST00860,POL01414,2021-04-17,1265.67,Success
PAY006901,CUST00860,POL01415,2020-06-03,593.21,Success
PAY006902,CUST00860,POL01415,2020-12-02,593.21,Success
PAY006903,CUST00861,POL01416,2023-04-29,1225.48,Success
PAY006904,CUST00862,POL01417,2022-07-28,671.61,Success
PAY006905,CUST00862,POL01417,2022-10-27,671.61,Success
PAY006906,CUST00862,POL01417,2023-01-26,671.61,Success
PAY006907,CUST00862,POL01417,2023-04-27,671.61,Success
PAY006908,CUST00863,POL01418,2018-06-02,882.83,Failed
PAY006909,CUST00863,POL01418,2018-09-01,882.83,Failed
PAY006910,CUST00863,POL01418,2018-12-01,882.83,Success
PAY006911,CUST00863,POL01418,2019-03-02,882.83,Success
PAY006912,CUST00863,POL01419,2024-06-15,36.06,Success
PAY006913,CUST00863,POL01419,2024-07-15,36.06,Success
PAY006914,CUST00863,POL01419,2024-08-14,36.06,Success
PAY006915,CUST00863,POL01419,2024-09-13,36.06,Success
PAY006916,CUST00863,POL01419,2024-10-13,36.06,Success
PAY006917,CUST00863,POL01419,2024-11-12,36.06,Success
PAY006918,CUST00863,POL01419,2024-12-12,36.06,Pending
PAY006919,CUST00863,POL01419,2025-01-11,36.06,Success
PAY006920,CUST00863,POL01419,2025-02-10,36.06,Success
PAY006921,CUST00863,POL01419,2025-03-12,36.06,Success
PAY006922,CUST00863,POL01419,2025-04-11,36.06,Success
PAY006923,CUST00863,POL01419,2025-05-11,36.06,Success
PAY006924,CUST00864,POL01420,2020-12-10,119.17,Success
PAY006925,CUST00864,POL01420,2021-06-10,119.17,Success
PAY006926,CUST00865,POL01421,2023-04-22,87.61,Success
PAY006927,CUST00865,POL01421,2023-07-22,87.61,Success
PAY006928,CUST00865,POL01421,2023-10-21,87.61,Success
PAY006929,CUST00865,POL01421,2024-01-20,87.61,Pending
PAY006930,CUST00865,POL01422,2022-07-11,218.22,Success
PAY006931,CUST00865,POL01422,2023-01-09,218.22,Success
PAY006932,CUST00865,POL01423,2022-06-23,890.38,Success
PAY006933,CUST00865,POL01423,2022-09-22,890.38,Success
PAY006934,CUST00865,POL01423,2022-12-22,890.38,Success
PAY006935,CUST00865,POL01423,2023-03-23,890.38,Success
PAY006936,CUST00866,POL01424,2023-08-03,139.18,Success
PAY006937,CUST00866,POL01424,2023-09-02,139.18,Success
PAY006938,CUST00866,POL01424,2023-10-02,139.18,Success
PAY006939,CUST00866,POL01424,2023-11-01,139.18,Success
PAY006940,CUST00866,POL01424,2023-12-01,139.18,Success
PAY006941,CUST00866,POL01424,2023-12-31,139.18,Success
PAY006942,CUST00866,POL01424,2024-01-30,139.18,Success
PAY006943,CUST00866,POL01424,2024-02-29,139.18,Success
PAY006944,CUST00866,POL01424,2024-03-30,139.18,Success
PAY006945,CUST00866,POL01424,2024-04-29,139.18,Success
PAY006946,CUST00866,POL01424,2024-05-29,139.18,Pending
PAY006947,CUST00866,POL01424,2024-06-28,139.18,Refunded
PAY006948,CUST00867,POL01425,2022-10-17,39.46,Success
PAY006949,CUST00867,POL01425,2022-11-16,39.46,Success
PAY006950,CUST00867,POL01425,2022-12-16,39.46,Success
PAY006951,CUST00867,POL01425,2023-01-15,39.46,Success
PAY006952,CUST00867,POL01425,2023-02-14,39.46,Success
PAY006953,CUST00867,POL01425,2023-03-16,39.46,Pending
PAY006954,CUST00867,POL01425,2023-04-15,39.46,Success
PAY006955,CUST00867,POL01425,2023-05-15,39.46,Success
PAY006956,CUST00867,POL01425,2023-06-14,39.46,Success
PAY006957,CUST00867,POL01425,2023-07-14,39.46,Success
PAY006958,CUST00867,POL01425,2023-08-13,39.46,Success
PAY006959,CUST00867,POL01425,2023-09-12,39.46,Success
PAY006960,CUST00868,POL01426,2023-03-10,437.96,Pending
PAY006961,CUST00868,POL01426,2023-06-09,437.96,Success
PAY006962,CUST00868,POL01426,2023-09-08,437.96,Failed
PAY006963,CUST00868,POL01426,2023-12-08,437.96,Success
PAY006964,CUST00869,POL01427,2024-03-19,1483.23,Success
PAY006965,CUST00869,POL01427,2024-06-18,1483.23,Success
PAY006966,CUST00869,POL01427,2024-09-17,1483.23,Success
PAY006967,CUST00869,POL01427,2024-12-17,1483.23,Success
PAY006968,CUST00870,POL01428,2024-04-20,796.38,Success
PAY006969,CUST00870,POL01428,2024-10-19,796.38,Success
PAY006970,CUST00870,POL01429,2021-11-02,581.00,Success
PAY006971,CUST00870,POL01429,2022-05-03,581.00,Success
PAY006972,CUST00870,POL01430,2022-04-10,21.72,Success
PAY006973,CUST00870,POL01430,2022-05-10,21.72,Success
PAY006974,CUST00870,POL01430,2022-06-09,21.72,Refunded
PAY006975,CUST00870,POL01430,2022-07-09,21.72,Success
PAY006976,CUST00870,POL01430,2022-08-08,21.72,Success
PAY006977,CUST00870,POL01430,2022-09-07,21.72,Success
PAY006978,CUST00870,POL01430,2022-10-07,21.72,Success
PAY006979,CUST00870,POL01430,2022-11-06,21.72,Success
PAY006980,CUST00870,POL01430,2022-12-06,21.72,Success
PAY006981,CUST00870,POL01430,2023-01-05,21.72,Success
PAY006982,CUST00870,POL01430,2023-02-04,21.72,Success
PAY006983,CUST00870,POL01430,2023-03-06,21.72,Failed
PAY006984,CUST00871,POL01431,2021-02-01,923.88,Success
PAY006985,CUST00871,POL01431,2021-08-02,923.88,Success
PAY006986,CUST00871,POL01432,2018-04-01,198.68,Success
PAY006987,CUST00871,POL01432,2018-05-01,198.68,Success
PAY006988,CUST00871,POL01432,2018-05-31,198.68,Success
PAY006989,CUST00871,POL01432,2018-06-30,198.68,Failed
PAY006990,CUST00871,POL01432,2018-07-30,198.68,Success
PAY006991,CUST00871,POL01432,2018-08-29,198.68,Success
PAY006992,CUST00871,POL01432,2018-09-28,198.68,Success
PAY006993,CUST00871,POL01432,2018-10-28,198.68,Success
PAY006994,CUST00871,POL01432,2018-11-27,198.68,Success
PAY006995,CUST00871,POL01432,2018-12-27,198.68,Success
PAY006996,CUST00871,POL01432,2019-01-26,198.68,Success
PAY006997,CUST00871,POL01432,2019-02-25,198.68,Success
PAY006998,CUST00872,POL01433,2021-11-20,1355.24,Pending
PAY006999,CUST00872,POL01434,2021-01-14,346.45,Success
PAY007000,CUST00872,POL01434,2021-04-15,346.45,Success
PAY007001,CUST00872,POL01434,2021-07-15,346.45,Failed
PAY007002,CUST00872,POL01434,2021-10-14,346.45,Success
PAY007003,CUST00872,POL01435,2021-01-29,270.94,Success
PAY007004,CUST00872,POL01435,2021-07-30,270.94,Success
PAY007005,CUST00873,POL01436,2024-08-20,47.72,Success
PAY007006,CUST00873,POL01436,2024-09-19,47.72,Success
PAY007007,CUST00873,POL01436,2024-10-19,47.72,Success
PAY007008,CUST00873,POL01436,2024-11-18,47.72,Success
PAY007009,CUST00873,POL01436,2024-12-18,47.72,Success
PAY007010,CUST00873,POL01436,2025-01-17,47.72,Success
PAY007011,CUST00873,POL01436,2025-02-16,47.72,Success
PAY007012,CUST00873,POL01436,2025-03-18,47.72,Success
PAY007013,CUST00873,POL01436,2025-04-17,47.72,Success
PAY007014,CUST00873,POL01436,2025-05-17,47.72,Success
PAY007015,CUST00873,POL01436,2025-06-16,47.72,Pending
PAY007016,CUST00873,POL01436,2025-07-16,47.72,Success
PAY007017,CUST00874,POL01437,2023-10-01,75.59,Success
PAY007018,CUST00874,POL01437,2023-10-31,75.59,Success
PAY007019,CUST00874,POL01437,2023-11-30,75.59,Success
PAY007020,CUST00874,POL01437,2023-12-30,75.59,Success
PAY007021,CUST00874,POL01437,2024-01-29,75.59,Success
PAY007022,CUST00874,POL01437,2024-02-28,75.59,Success
PAY007023,CUST00874,POL01437,2024-03-29,75.59,Success
PAY007024,CUST00874,POL01437,2024-04-28,75.59,Success
PAY007025,CUST00874,POL01437,2024-05-28,75.59,Success
PAY007026,CUST00874,POL01437,2024-06-27,75.59,Success
PAY007027,CUST00874,POL01437,2024-07-27,75.59,Failed
PAY007028,CUST00874,POL01437,2024-08-26,75.59,Success
PAY007029,CUST00874,POL01438,2021-09-23,402.61,Success
PAY007030,CUST00874,POL01438,2021-12-23,402.61,Success
PAY007031,CUST00874,POL01438,2022-03-24,402.61,Success
PAY007032,CUST00874,POL01438,2022-06-23,402.61,Success
PAY007033,CUST00875,POL01439,2019-09-17,216.21,Refunded
PAY007034,CUST00875,POL01439,2020-03-17,216.21,Success
PAY007035,CUST00875,POL01440,2019-06-01,79.68,Success
PAY007036,CUST00875,POL01440,2019-07-01,79.68,Success
PAY007037,CUST00875,POL01440,2019-07-31,79.68,Success
PAY007038,CUST00875,POL01440,2019-08-30,79.68,Success
PAY007039,CUST00875,POL01440,2019-09-29,79.68,Success
PAY007040,CUST00875,POL01440,2019-10-29,79.68,Success
PAY007041,CUST00875,POL01440,2019-11-28,79.68,Success
PAY007042,CUST00875,POL01440,2019-12-28,79.68,Success
PAY007043,CUST00875,POL01440,2020-01-27,79.68,Success
PAY007044,CUST00875,POL01440,2020-02-26,79.68,Success
PAY007045,CUST00875,POL01440,2020-03-27,79.68,Success
PAY007046,CUST00875,POL01440,2020-04-26,79.68,Success
PAY007047,CUST00875,POL01441,2022-01-31,245.80,Success
PAY007048,CUST00875,POL01441,2022-05-02,245.80,Success
PAY007049,CUST00875,POL01441,2022-08-01,245.80,Success
PAY007050,CUST00875,POL01441,2022-10-31,245.80,Success
PAY007051,CUST00876,POL01442,2019-04-26,1343.39,Success
PAY007052,CUST00876,POL01443,2019-09-27,14.85,Success
PAY007053,CUST00876,POL01443,2019-10-27,14.85,Success
PAY007054,CUST00876,POL01443,2019-11-26,14.85,Success
PAY007055,CUST00876,POL01443,2019-12-26,14.85,Success
PAY007056,CUST00876,POL01443,2020-01-25,14.85,Refunded
PAY007057,CUST00876,POL01443,2020-02-24,14.85,Success
PAY007058,CUST00876,POL01443,2020-03-25,14.85,Success
PAY007059,CUST00876,POL01443,2020-04-24,14.85,Success
PAY007060,CUST00876,POL01443,2020-05-24,14.85,Success
PAY007061,CUST00876,POL01443,2020-06-23,14.85,Success
PAY007062,CUST00876,POL01443,2020-07-23,14.85,Success
PAY007063,CUST00876,POL01443,2020-08-22,14.85,Success
PAY007064,CUST00877,POL01444,2021-03-04,1005.50,Success
PAY007065,CUST00877,POL01445,2025-06-10,146.69,Success
PAY007066,CUST00877,POL01445,2025-09-09,146.69,Success
PAY007067,CUST00877,POL01445,2025-12-09,146.69,Failed
PAY007068,CUST00877,POL01445,2026-03-10,146.69,Success
PAY007069,CUST00877,POL01446,2021-05-20,903.29,Success
PAY007070,CUST00877,POL01446,2021-11-18,903.29,Success
PAY007071,CUST00878,POL01447,2024-07-16,35.60,Success
PAY007072,CUST00878,POL01447,2024-08-15,35.60,Success
PAY007073,CUST00878,POL01447,2024-09-14,35.60,Success
PAY007074,CUST00878,POL01447,2024-10-14,35.60,Success
PAY007075,CUST00878,POL01447,2024-11-13,35.60,Pending
PAY007076,CUST00878,POL01447,2024-12-13,35.60,Success
PAY007077,CUST00878,POL01447,2025-01-12,35.60,Failed
PAY007078,CUST00878,POL01447,2025-02-11,35.60,Success
PAY007079,CUST00878,POL01447,2025-03-13,35.60,Success
PAY007080,CUST00878,POL01447,2025-04-12,35.60,Success
PAY007081,CUST00878,POL01447,2025-05-12,35.60,Success
PAY007082,CUST00878,POL01447,2025-06-11,35.60,Success
PAY007083,CUST00878,POL01448,2023-10-22,135.20,Success
PAY007084,CUST00878,POL01448,2023-11-21,135.20,Success
PAY007085,CUST00878,POL01448,2023-12-21,135.20,Success
PAY007086,CUST00878,POL01448,2024-01-20,135.20,Success
PAY007087,CUST00878,POL01448,2024-02-19,135.20,Success
PAY007088,CUST00878,POL01448,2024-03-20,135.20,Success
PAY007089,CUST00878,POL01448,2024-04-19,135.20,Success
PAY007090,CUST00878,POL01448,2024-05-19,135.20,Success
PAY007091,CUST00878,POL01448,2024-06-18,135.20,Success
PAY007092,CUST00878,POL01448,2024-07-18,135.20,Success
PAY007093,CUST00878,POL01448,2024-08-17,135.20,Success
PAY007094,CUST00878,POL01448,2024-09-16,135.20,Success
PAY007095,CUST00879,POL01449,2021-03-13,2360.57,Success
PAY007096,CUST00879,POL01449,2021-09-11,2360.57,Failed
PAY007097,CUST00880,POL01450,2019-11-26,286.31,Failed
PAY007098,CUST00880,POL01450,2020-05-26,286.31,Pending
PAY007099,CUST00880,POL01451,2021-01-23,2278.47,Success
PAY007100,CUST00880,POL01451,2021-07-24,2278.47,Success
PAY007101,CUST00880,POL01452,2021-06-11,431.54,Success
PAY007102,CUST00880,POL01452,2021-09-10,431.54,Success
PAY007103,CUST00880,POL01452,2021-12-10,431.54,Success
PAY007104,CUST00880,POL01452,2022-03-11,431.54,Success
PAY007105,CUST00881,POL01453,2024-03-01,99.88,Failed
PAY007106,CUST00881,POL01453,2024-03-31,99.88,Success
PAY007107,CUST00881,POL01453,2024-04-30,99.88,Success
PAY007108,CUST00881,POL01453,2024-05-30,99.88,Success
PAY007109,CUST00881,POL01453,2024-06-29,99.88,Failed
PAY007110,CUST00881,POL01453,2024-07-29,99.88,Success
PAY007111,CUST00881,POL01453,2024-08-28,99.88,Success
PAY007112,CUST00881,POL01453,2024-09-27,99.88,Success
PAY007113,CUST00881,POL01453,2024-10-27,99.88,Success
PAY007114,CUST00881,POL01453,2024-11-26,99.88,Pending
PAY007115,CUST00881,POL01453,2024-12-26,99.88,Success
PAY007116,CUST00881,POL01453,2025-01-25,99.88,Success
PAY007117,CUST00882,POL01454,2019-01-12,426.77,Success
PAY007118,CUST00882,POL01455,2024-05-04,288.73,Success
PAY007119,CUST00882,POL01455,2024-08-03,288.73,Success
PAY007120,CUST00882,POL01455,2024-11-02,288.73,Pending
PAY007121,CUST00882,POL01455,2025-02-01,288.73,Success
PAY007122,CUST00882,POL01456,2019-08-21,133.08,Success
PAY007123,CUST00882,POL01456,2019-09-20,133.08,Failed
PAY007124,CUST00882,POL01456,2019-10-20,133.08,Success
PAY007125,CUST00882,POL01456,2019-11-19,133.08,Success
PAY007126,CUST00882,POL01456,2019-12-19,133.08,Success
PAY007127,CUST00882,POL01456,2020-01-18,133.08,Success
PAY007128,CUST00882,POL01456,2020-02-17,133.08,Success
PAY007129,CUST00882,POL01456,2020-03-18,133.08,Success
PAY007130,CUST00882,POL01456,2020-04-17,133.08,Success
PAY007131,CUST00882,POL01456,2020-05-17,133.08,Success
PAY007132,CUST00882,POL01456,2020-06-16,133.08,Success
PAY007133,CUST00882,POL01456,2020-07-16,133.08,Success
PAY007134,CUST00883,POL01457,2022-05-04,580.96,Success
PAY007135,CUST00883,POL01457,2022-08-03,580.96,Success
PAY007136,CUST00883,POL01457,2022-11-02,580.96,Success
PAY007137,CUST00883,POL01457,2023-02-01,580.96,Success
PAY007138,CUST00883,POL01458,2022-04-27,404.10,Success
PAY007139,CUST00883,POL01458,2022-07-27,404.10,Success
PAY007140,CUST00883,POL01458,2022-10-26,404.10,Success
PAY007141,CUST00883,POL01458,2023-01-25,404.10,Success
PAY007142,CUST00884,POL01459,2019-06-24,1546.96,Success
PAY007143,CUST00885,POL01460,2021-12-25,747.49,Success
PAY007144,CUST00885,POL01460,2022-06-25,747.49,Success
PAY007145,CUST00886,POL01461,2018-12-06,1064.72,Success
PAY007146,CUST00887,POL01462,2025-01-07,1090.00,Success
PAY007147,CUST00887,POL01462,2025-07-08,1090.00,Success
PAY007148,CUST00888,POL01463,2019-06-12,384.01,Success
PAY007149,CUST00888,POL01463,2019-12-11,384.01,Success
PAY007150,CUST00888,POL01464,2024-10-06,1140.20,Success
PAY007151,CUST00888,POL01464,2025-04-06,1140.20,Success
PAY007152,CUST00889,POL01465,2021-12-10,414.82,Success
PAY007153,CUST00889,POL01465,2022-06-10,414.82,Failed
PAY007154,CUST00890,POL01466,2020-06-23,162.72,Failed
PAY007155,CUST00890,POL01466,2020-07-23,162.72,Success
PAY007156,CUST00890,POL01466,2020-08-22,162.72,Success
PAY007157,CUST00890,POL01466,2020-09-21,162.72,Success
PAY007158,CUST00890,POL01466,2020-10-21,162.72,Success
PAY007159,CUST00890,POL01466,2020-11-20,162.72,Pending
PAY007160,CUST00890,POL01466,2020-12-20,162.72,Success
PAY007161,CUST00890,POL01466,2021-01-19,162.72,Success
PAY007162,CUST00890,POL01466,2021-02-18,162.72,Success
PAY007163,CUST00890,POL01466,2021-03-20,162.72,Success
PAY007164,CUST00890,POL01466,2021-04-19,162.72,Success
PAY007165,CUST00890,POL01466,2021-05-19,162.72,Refunded
PAY007166,CUST00890,POL01467,2019-03-28,183.09,Success
PAY007167,CUST00890,POL01467,2019-04-27,183.09,Success
PAY007168,CUST00890,POL01467,2019-05-27,183.09,Success
PAY007169,CUST00890,POL01467,2019-06-26,183.09,Success
PAY007170,CUST00890,POL01467,2019-07-26,183.09,Success
PAY007171,CUST00890,POL01467,2019-08-25,183.09,Success
PAY007172,CUST00890,POL01467,2019-09-24,183.09,Success
PAY007173,CUST00890,POL01467,2019-10-24,183.09,Success
PAY007174,CUST00890,POL01467,2019-11-23,183.09,Success
PAY007175,CUST00890,POL01467,2019-12-23,183.09,Success
PAY007176,CUST00890,POL01467,2020-01-22,183.09,Success
PAY007177,CUST00890,POL01467,2020-02-21,183.09,Success
PAY007178,CUST00891,POL01468,2019-12-20,63.52,Failed
PAY007179,CUST00891,POL01468,2020-01-19,63.52,Success
PAY007180,CUST00891,POL01468,2020-02-18,63.52,Success
PAY007181,CUST00891,POL01468,2020-03-19,63.52,Success
PAY007182,CUST00891,POL01468,2020-04-18,63.52,Success
PAY007183,CUST00891,POL01468,2020-05-18,63.52,Success
PAY007184,CUST00891,POL01468,2020-06-17,63.52,Success
PAY007185,CUST00891,POL01468,2020-07-17,63.52,Success
PAY007186,CUST00891,POL01468,2020-08-16,63.52,Success
PAY007187,CUST00891,POL01468,2020-09-15,63.52,Failed
PAY007188,CUST00891,POL01468,2020-10-15,63.52,Success
PAY007189,CUST00891,POL01468,2020-11-14,63.52,Success
PAY007190,CUST00892,POL01469,2025-07-25,282.33,Success
PAY007191,CUST00892,POL01469,2025-10-24,282.33,Refunded
PAY007192,CUST00892,POL01469,2026-01-23,282.33,Success
PAY007193,CUST00892,POL01469,2026-04-24,282.33,Success
PAY007194,CUST00893,POL01470,2022-10-12,19.17,Success
PAY007195,CUST00893,POL01470,2022-11-11,19.17,Success
PAY007196,CUST00893,POL01470,2022-12-11,19.17,Success
PAY007197,CUST00893,POL01470,2023-01-10,19.17,Success
PAY007198,CUST00893,POL01470,2023-02-09,19.17,Pending
PAY007199,CUST00893,POL01470,2023-03-11,19.17,Success
PAY007200,CUST00893,POL01470,2023-04-10,19.17,Success
PAY007201,CUST00893,POL01470,2023-05-10,19.17,Success
PAY007202,CUST00893,POL01470,2023-06-09,19.17,Success
PAY007203,CUST00893,POL01470,2023-07-09,19.17,Success
PAY007204,CUST00893,POL01470,2023-08-08,19.17,Success
PAY007205,CUST00893,POL01470,2023-09-07,19.17,Failed
PAY007206,CUST00893,POL01471,2020-09-13,1212.29,Success
PAY007207,CUST00893,POL01471,2020-12-13,1212.29,Success
PAY007208,CUST00893,POL01471,2021-03-14,1212.29,Success
PAY007209,CUST00893,POL01471,2021-06-13,1212.29,Success
PAY007210,CUST00893,POL01472,2018-12-02,995.52,Success
PAY007211,CUST00894,POL01473,2021-10-01,45.24,Success
PAY007212,CUST00894,POL01473,2021-12-31,45.24,Success
PAY007213,CUST00894,POL01473,2022-04-01,45.24,Success
PAY007214,CUST00894,POL01473,2022-07-01,45.24,Success
PAY007215,CUST00895,POL01474,2020-06-25,168.75,Success
PAY007216,CUST00895,POL01474,2020-12-24,168.75,Success
PAY007217,CUST00896,POL01475,2024-06-24,504.87,Success
PAY007218,CUST00896,POL01475,2024-09-23,504.87,Success
PAY007219,CUST00896,POL01475,2024-12-23,504.87,Success
PAY007220,CUST00896,POL01475,2025-03-24,504.87,Success
PAY007221,CUST00896,POL01476,2021-01-09,107.52,Refunded
PAY007222,CUST00896,POL01476,2021-04-10,107.52,Success
PAY007223,CUST00896,POL01476,2021-07-10,107.52,Success
PAY007224,CUST00896,POL01476,2021-10-09,107.52,Success
PAY007225,CUST00897,POL01477,2023-01-14,1026.15,Success
PAY007226,CUST00897,POL01477,2023-04-15,1026.15,Success
PAY007227,CUST00897,POL01477,2023-07-15,1026.15,Success
PAY007228,CUST00897,POL01477,2023-10-14,1026.15,Success
PAY007229,CUST00897,POL01478,2018-05-06,541.47,Success
PAY007230,CUST00897,POL01478,2018-08-05,541.47,Success
PAY007231,CUST00897,POL01478,2018-11-04,541.47,Success
PAY007232,CUST00897,POL01478,2019-02-03,541.47,Success
PAY007233,CUST00898,POL01479,2021-03-23,389.07,Success
PAY007234,CUST00898,POL01479,2021-04-22,389.07,Refunded
PAY007235,CUST00898,POL01479,2021-05-22,389.07,Success
PAY007236,CUST00898,POL01479,2021-06-21,389.07,Success
PAY007237,CUST00898,POL01479,2021-07-21,389.07,Success
PAY007238,CUST00898,POL01479,2021-08-20,389.07,Success
PAY007239,CUST00898,POL01479,2021-09-19,389.07,Success
PAY007240,CUST00898,POL01479,2021-10-19,389.07,Success
PAY007241,CUST00898,POL01479,2021-11-18,389.07,Success
PAY007242,CUST00898,POL01479,2021-12-18,389.07,Success
PAY007243,CUST00898,POL01479,2022-01-17,389.07,Success
PAY007244,CUST00898,POL01479,2022-02-16,389.07,Failed
PAY007245,CUST00899,POL01480,2023-03-29,619.76,Success
PAY007246,CUST00899,POL01480,2023-06-28,619.76,Success
PAY007247,CUST00899,POL01480,2023-09-27,619.76,Success
PAY007248,CUST00899,POL01480,2023-12-27,619.76,Success
PAY007249,CUST00899,POL01481,2025-04-26,166.19,Success
PAY007250,CUST00899,POL01481,2025-05-26,166.19,Success
PAY007251,CUST00899,POL01481,2025-06-25,166.19,Success
PAY007252,CUST00899,POL01481,2025-07-25,166.19,Success
PAY007253,CUST00899,POL01481,2025-08-24,166.19,Success
PAY007254,CUST00899,POL01481,2025-09-23,166.19,Success
PAY007255,CUST00899,POL01481,2025-10-23,166.19,Success
PAY007256,CUST00899,POL01481,2025-11-22,166.19,Success
PAY007257,CUST00899,POL01481,2025-12-22,166.19,Success
PAY007258,CUST00899,POL01481,2026-01-21,166.19,Success
PAY007259,CUST00899,POL01481,2026-02-20,166.19,Success
PAY007260,CUST00899,POL01481,2026-03-22,166.19,Failed
PAY007261,CUST00899,POL01482,2024-04-17,1326.67,Success
PAY007262,CUST00900,POL01483,2025-05-01,332.80,Success
PAY007263,CUST00900,POL01484,2023-03-20,966.02,Success
PAY007264,CUST00900,POL01484,2023-09-18,966.02,Success
PAY007265,CUST00901,POL01485,2021-06-07,208.79,Success
PAY007266,CUST00901,POL01485,2021-12-06,208.79,Success
PAY007267,CUST00901,POL01486,2021-12-21,5651.79,Success
PAY007268,CUST00902,POL01487,2023-07-25,49.21,Success
PAY007269,CUST00902,POL01487,2023-08-24,49.21,Success
PAY007270,CUST00902,POL01487,2023-09-23,49.21,Success
PAY007271,CUST00902,POL01487,2023-10-23,49.21,Refunded
PAY007272,CUST00902,POL01487,2023-11-22,49.21,Success
PAY007273,CUST00902,POL01487,2023-12-22,49.21,Success
PAY007274,CUST00902,POL01487,2024-01-21,49.21,Success
PAY007275,CUST00902,POL01487,2024-02-20,49.21,Success
PAY007276,CUST00902,POL01487,2024-03-21,49.21,Success
PAY007277,CUST00902,POL01487,2024-04-20,49.21,Pending
PAY007278,CUST00902,POL01487,2024-05-20,49.21,Success
PAY007279,CUST00902,POL01487,2024-06-19,49.21,Failed
PAY007280,CUST00903,POL01488,2023-01-15,47.32,Success
PAY007281,CUST00903,POL01488,2023-02-14,47.32,Failed
PAY007282,CUST00903,POL01488,2023-03-16,47.32,Failed
PAY007283,CUST00903,POL01488,2023-04-15,47.32,Success
PAY007284,CUST00903,POL01488,2023-05-15,47.32,Refunded
PAY007285,CUST00903,POL01488,2023-06-14,47.32,Success
PAY007286,CUST00903,POL01488,2023-07-14,47.32,Success
PAY007287,CUST00903,POL01488,2023-08-13,47.32,Success
PAY007288,CUST00903,POL01488,2023-09-12,47.32,Success
PAY007289,CUST00903,POL01488,2023-10-12,47.32,Success
PAY007290,CUST00903,POL01488,2023-11-11,47.32,Failed
PAY007291,CUST00903,POL01488,2023-12-11,47.32,Failed
PAY007292,CUST00904,POL01489,2019-05-24,44.43,Success
PAY007293,CUST00904,POL01489,2019-08-23,44.43,Success
PAY007294,CUST00904,POL01489,2019-11-22,44.43,Success
PAY007295,CUST00904,POL01489,2020-02-21,44.43,Success
PAY007296,CUST00904,POL01490,2024-06-22,2211.93,Success
PAY007297,CUST00905,POL01491,2023-10-13,460.30,Failed
PAY007298,CUST00905,POL01492,2019-05-23,489.17,Success
PAY007299,CUST00905,POL01492,2019-11-21,489.17,Pending
PAY007300,CUST00906,POL01493,2025-03-26,5007.44,Success
PAY007301,CUST00907,POL01494,2025-05-28,1700.83,Success
PAY007302,CUST00907,POL01494,2025-11-26,1700.83,Success
PAY007303,CUST00908,POL01495,2021-09-15,516.54,Success
PAY007304,CUST00908,POL01495,2022-03-16,516.54,Success
PAY007305,CUST00908,POL01496,2023-01-21,34.12,Success
PAY007306,CUST00908,POL01496,2023-02-20,34.12,Success
PAY007307,CUST00908,POL01496,2023-03-22,34.12,Success
PAY007308,CUST00908,POL01496,2023-04-21,34.12,Pending
PAY007309,CUST00908,POL01496,2023-05-21,34.12,Success
PAY007310,CUST00908,POL01496,2023-06-20,34.12,Success
PAY007311,CUST00908,POL01496,2023-07-20,34.12,Success
PAY007312,CUST00908,POL01496,2023-08-19,34.12,Success
PAY007313,CUST00908,POL01496,2023-09-18,34.12,Success
PAY007314,CUST00908,POL01496,2023-10-18,34.12,Success
PAY007315,CUST00908,POL01496,2023-11-17,34.12,Success
PAY007316,CUST00908,POL01496,2023-12-17,34.12,Success
PAY007317,CUST00908,POL01497,2021-07-15,224.75,Success
PAY007318,CUST00908,POL01497,2021-10-14,224.75,Success
PAY007319,CUST00908,POL01497,2022-01-13,224.75,Success
PAY007320,CUST00908,POL01497,2022-04-14,224.75,Failed
PAY007321,CUST00909,POL01498,2024-12-23,12.55,Success
PAY007322,CUST00909,POL01498,2025-01-22,12.55,Success
PAY007323,CUST00909,POL01498,2025-02-21,12.55,Success
PAY007324,CUST00909,POL01498,2025-03-23,12.55,Failed
PAY007325,CUST00909,POL01498,2025-04-22,12.55,Success
PAY007326,CUST00909,POL01498,2025-05-22,12.55,Success
PAY007327,CUST00909,POL01498,2025-06-21,12.55,Success
PAY007328,CUST00909,POL01498,2025-07-21,12.55,Failed
PAY007329,CUST00909,POL01498,2025-08-20,12.55,Success
PAY007330,CUST00909,POL01498,2025-09-19,12.55,Success
PAY007331,CUST00909,POL01498,2025-10-19,12.55,Success
PAY007332,CUST00909,POL01498,2025-11-18,12.55,Success
PAY007333,CUST00909,POL01499,2024-12-24,4212.75,Success
PAY007334,CUST00909,POL01500,2019-02-17,449.69,Success
PAY007335,CUST00909,POL01500,2019-05-19,449.69,Success
PAY007336,CUST00909,POL01500,2019-08-18,449.69,Success
PAY007337,CUST00909,POL01500,2019-11-17,449.69,Pending
PAY007338,CUST00910,POL01501,2021-05-21,640.60,Success
PAY007339,CUST00910,POL01501,2021-11-19,640.60,Success
PAY007340,CUST00911,POL01502,2024-05-22,651.92,Success
PAY007341,CUST00911,POL01502,2024-08-21,651.92,Success
PAY007342,CUST00911,POL01502,2024-11-20,651.92,Success
PAY007343,CUST00911,POL01502,2025-02-19,651.92,Failed
PAY007344,CUST00912,POL01503,2018-07-23,424.82,Pending
PAY007345,CUST00912,POL01503,2019-01-21,424.82,Success
PAY007346,CUST00912,POL01504,2018-11-02,100.18,Success
PAY007347,CUST00912,POL01504,2018-12-02,100.18,Failed
PAY007348,CUST00912,POL01504,2019-01-01,100.18,Success
PAY007349,CUST00912,POL01504,2019-01-31,100.18,Success
PAY007350,CUST00912,POL01504,2019-03-02,100.18,Success
PAY007351,CUST00912,POL01504,2019-04-01,100.18,Success
PAY007352,CUST00912,POL01504,2019-05-01,100.18,Success
PAY007353,CUST00912,POL01504,2019-05-31,100.18,Success
PAY007354,CUST00912,POL01504,2019-06-30,100.18,Success
PAY007355,CUST00912,POL01504,2019-07-30,100.18,Success
PAY007356,CUST00912,POL01504,2019-08-29,100.18,Success
PAY007357,CUST00912,POL01504,2019-09-28,100.18,Success
PAY007358,CUST00913,POL01505,2025-06-14,519.36,Refunded
PAY007359,CUST00913,POL01505,2025-12-13,519.36,Failed
PAY007360,CUST00914,POL01506,2022-11-01,696.74,Success
PAY007361,CUST00914,POL01506,2023-05-02,696.74,Success
PAY007362,CUST00914,POL01507,2019-11-29,857.44,Success
PAY007363,CUST00914,POL01507,2020-05-29,857.44,Success
PAY007364,CUST00915,POL01508,2022-01-22,18.82,Success
PAY007365,CUST00915,POL01508,2022-02-21,18.82,Success
PAY007366,CUST00915,POL01508,2022-03-23,18.82,Success
PAY007367,CUST00915,POL01508,2022-04-22,18.82,Success
PAY007368,CUST00915,POL01508,2022-05-22,18.82,Success
PAY007369,CUST00915,POL01508,2022-06-21,18.82,Success
PAY007370,CUST00915,POL01508,2022-07-21,18.82,Success
PAY007371,CUST00915,POL01508,2022-08-20,18.82,Success
PAY007372,CUST00915,POL01508,2022-09-19,18.82,Success
PAY007373,CUST00915,POL01508,2022-10-19,18.82,Success
PAY007374,CUST00915,POL01508,2022-11-18,18.82,Success
PAY007375,CUST00915,POL01508,2022-12-18,18.82,Success
PAY007376,CUST00916,POL01509,2019-09-16,1514.70,Refunded
PAY007377,CUST00917,POL01510,2024-09-23,692.34,Success
PAY007378,CUST00917,POL01510,2024-12-23,692.34,Pending
PAY007379,CUST00917,POL01510,2025-03-24,692.34,Success
PAY007380,CUST00917,POL01510,2025-06-23,692.34,Success
PAY007381,CUST00917,POL01511,2021-07-07,193.87,Success
PAY007382,CUST00917,POL01511,2021-08-06,193.87,Success
PAY007383,CUST00917,POL01511,2021-09-05,193.87,Success
PAY007384,CUST00917,POL01511,2021-10-05,193.87,Pending
PAY007385,CUST00917,POL01511,2021-11-04,193.87,Success
PAY007386,CUST00917,POL01511,2021-12-04,193.87,Success
PAY007387,CUST00917,POL01511,2022-01-03,193.87,Success
PAY007388,CUST00917,POL01511,2022-02-02,193.87,Success
PAY007389,CUST00917,POL01511,2022-03-04,193.87,Success
PAY007390,CUST00917,POL01511,2022-04-03,193.87,Success
PAY007391,CUST00917,POL01511,2022-05-03,193.87,Success
PAY007392,CUST00917,POL01511,2022-06-02,193.87,Pending
PAY007393,CUST00918,POL01512,2021-04-02,1420.90,Success
PAY007394,CUST00918,POL01512,2021-10-01,1420.90,Success
PAY007395,CUST00918,POL01513,2025-01-23,47.65,Success
PAY007396,CUST00918,POL01513,2025-02-22,47.65,Refunded
PAY007397,CUST00918,POL01513,2025-03-24,47.65,Success
PAY007398,CUST00918,POL01513,2025-04-23,47.65,Refunded
PAY007399,CUST00918,POL01513,2025-05-23,47.65,Success
PAY007400,CUST00918,POL01513,2025-06-22,47.65,Success
PAY007401,CUST00918,POL01513,2025-07-22,47.65,Pending
PAY007402,CUST00918,POL01513,2025-08-21,47.65,Pending
PAY007403,CUST00918,POL01513,2025-09-20,47.65,Success
PAY007404,CUST00918,POL01513,2025-10-20,47.65,Success
PAY007405,CUST00918,POL01513,2025-11-19,47.65,Success
PAY007406,CUST00918,POL01513,2025-12-19,47.65,Success
PAY007407,CUST00919,POL01514,2018-05-02,1082.17,Success
PAY007408,CUST00919,POL01514,2018-08-01,1082.17,Pending
PAY007409,CUST00919,POL01514,2018-10-31,1082.17,Success
PAY007410,CUST00919,POL01514,2019-01-30,1082.17,Refunded
PAY007411,CUST00920,POL01515,2021-05-23,3596.19,Success
PAY007412,CUST00921,POL01516,2018-05-27,161.20,Success
PAY007413,CUST00921,POL01516,2018-08-26,161.20,Success
PAY007414,CUST00921,POL01516,2018-11-25,161.20,Success
PAY007415,CUST00921,POL01516,2019-02-24,161.20,Success
PAY007416,CUST00922,POL01517,2021-11-19,2973.09,Success
PAY007417,CUST00922,POL01517,2022-05-20,2973.09,Refunded
PAY007418,CUST00923,POL01518,2020-01-29,31.67,Success
PAY007419,CUST00923,POL01518,2020-02-28,31.67,Success
PAY007420,CUST00923,POL01518,2020-03-29,31.67,Success
PAY007421,CUST00923,POL01518,2020-04-28,31.67,Failed
PAY007422,CUST00923,POL01518,2020-05-28,31.67,Success
PAY007423,CUST00923,POL01518,2020-06-27,31.67,Success
PAY007424,CUST00923,POL01518,2020-07-27,31.67,Success
PAY007425,CUST00923,POL01518,2020-08-26,31.67,Success
PAY007426,CUST00923,POL01518,2020-09-25,31.67,Success
PAY007427,CUST00923,POL01518,2020-10-25,31.67,Success
PAY007428,CUST00923,POL01518,2020-11-24,31.67,Success
PAY007429,CUST00923,POL01518,2020-12-24,31.67,Failed
PAY007430,CUST00923,POL01519,2024-02-28,205.36,Success
PAY007431,CUST00923,POL01519,2024-03-29,205.36,Success
PAY007432,CUST00923,POL01519,2024-04-28,205.36,Failed
PAY007433,CUST00923,POL01519,2024-05-28,205.36,Failed
PAY007434,CUST00923,POL01519,2024-06-27,205.36,Success
PAY007435,CUST00923,POL01519,2024-07-27,205.36,Success
PAY007436,CUST00923,POL01519,2024-08-26,205.36,Success
PAY007437,CUST00923,POL01519,2024-09-25,205.36,Success
PAY007438,CUST00923,POL01519,2024-10-25,205.36,Success
PAY007439,CUST00923,POL01519,2024-11-24,205.36,Failed
PAY007440,CUST00923,POL01519,2024-12-24,205.36,Success
PAY007441,CUST00923,POL01519,2025-01-23,205.36,Success
PAY007442,CUST00924,POL01520,2018-10-17,401.25,Success
PAY007443,CUST00924,POL01520,2019-01-16,401.25,Refunded
PAY007444,CUST00924,POL01520,2019-04-17,401.25,Success
PAY007445,CUST00924,POL01520,2019-07-17,401.25,Success
PAY007446,CUST00924,POL01521,2025-05-08,1499.90,Success
PAY007447,CUST00925,POL01522,2023-08-29,195.07,Success
PAY007448,CUST00925,POL01522,2023-09-28,195.07,Failed
PAY007449,CUST00925,POL01522,2023-10-28,195.07,Success
PAY007450,CUST00925,POL01522,2023-11-27,195.07,Success
PAY007451,CUST00925,POL01522,2023-12-27,195.07,Success
PAY007452,CUST00925,POL01522,2024-01-26,195.07,Failed
PAY007453,CUST00925,POL01522,2024-02-25,195.07,Failed
PAY007454,CUST00925,POL01522,2024-03-26,195.07,Success
PAY007455,CUST00925,POL01522,2024-04-25,195.07,Refunded
PAY007456,CUST00925,POL01522,2024-05-25,195.07,Success
PAY007457,CUST00925,POL01522,2024-06-24,195.07,Success
PAY007458,CUST00925,POL01522,2024-07-24,195.07,Success
PAY007459,CUST00926,POL01523,2019-10-30,365.76,Success
PAY007460,CUST00926,POL01523,2020-04-29,365.76,Success
PAY007461,CUST00926,POL01524,2021-12-22,2289.60,Success
PAY007462,CUST00927,POL01525,2021-10-04,53.52,Success
PAY007463,CUST00927,POL01525,2022-01-03,53.52,Success
PAY007464,CUST00927,POL01525,2022-04-04,53.52,Success
PAY007465,CUST00927,POL01525,2022-07-04,53.52,Success
PAY007466,CUST00927,POL01526,2018-06-11,497.58,Success
PAY007467,CUST00927,POL01526,2018-09-10,497.58,Success
PAY007468,CUST00927,POL01526,2018-12-10,497.58,Success
PAY007469,CUST00927,POL01526,2019-03-11,497.58,Success
PAY007470,CUST00928,POL01527,2021-06-12,660.97,Success
PAY007471,CUST00928,POL01527,2021-09-11,660.97,Refunded
PAY007472,CUST00928,POL01527,2021-12-11,660.97,Success
PAY007473,CUST00928,POL01527,2022-03-12,660.97,Success
PAY007474,CUST00928,POL01528,2023-08-02,179.23,Success
PAY007475,CUST00928,POL01528,2023-09-01,179.23,Success
PAY007476,CUST00928,POL01528,2023-10-01,179.23,Success
PAY007477,CUST00928,POL01528,2023-10-31,179.23,Pending
PAY007478,CUST00928,POL01528,2023-11-30,179.23,Success
PAY007479,CUST00928,POL01528,2023-12-30,179.23,Success
PAY007480,CUST00928,POL01528,2024-01-29,179.23,Success
PAY007481,CUST00928,POL01528,2024-02-28,179.23,Success
PAY007482,CUST00928,POL01528,2024-03-29,179.23,Success
PAY007483,CUST00928,POL01528,2024-04-28,179.23,Failed
PAY007484,CUST00928,POL01528,2024-05-28,179.23,Success
PAY007485,CUST00928,POL01528,2024-06-27,179.23,Success
PAY007486,CUST00929,POL01529,2024-07-09,408.37,Failed
PAY007487,CUST00929,POL01529,2025-01-07,408.37,Success
PAY007488,CUST00930,POL01530,2019-06-13,1301.44,Success
PAY007489,CUST00931,POL01531,2020-01-23,171.32,Success
PAY007490,CUST00931,POL01531,2020-02-22,171.32,Failed
PAY007491,CUST00931,POL01531,2020-03-23,171.32,Refunded
PAY007492,CUST00931,POL01531,2020-04-22,171.32,Success
PAY007493,CUST00931,POL01531,2020-05-22,171.32,Success
PAY007494,CUST00931,POL01531,2020-06-21,171.32,Success
PAY007495,CUST00931,POL01531,2020-07-21,171.32,Success
PAY007496,CUST00931,POL01531,2020-08-20,171.32,Failed
PAY007497,CUST00931,POL01531,2020-09-19,171.32,Success
PAY007498,CUST00931,POL01531,2020-10-19,171.32,Success
PAY007499,CUST00931,POL01531,2020-11-18,171.32,Success
PAY007500,CUST00931,POL01531,2020-12-18,171.32,Success
PAY007501,CUST00932,POL01532,2019-06-16,553.93,Pending
PAY007502,CUST00932,POL01532,2019-09-15,553.93,Success
PAY007503,CUST00932,POL01532,2019-12-15,553.93,Refunded
PAY007504,CUST00932,POL01532,2020-03-15,553.93,Success
PAY007505,CUST00932,POL01533,2021-09-29,49.94,Success
PAY007506,CUST00932,POL01533,2021-10-29,49.94,Success
PAY007507,CUST00932,POL01533,2021-11-28,49.94,Success
PAY007508,CUST00932,POL01533,2021-12-28,49.94,Success
PAY007509,CUST00932,POL01533,2022-01-27,49.94,Success
PAY007510,CUST00932,POL01533,2022-02-26,49.94,Failed
PAY007511,CUST00932,POL01533,2022-03-28,49.94,Success
PAY007512,CUST00932,POL01533,2022-04-27,49.94,Success
PAY007513,CUST00932,POL01533,2022-05-27,49.94,Success
PAY007514,CUST00932,POL01533,2022-06-26,49.94,Success
PAY007515,CUST00932,POL01533,2022-07-26,49.94,Success
PAY007516,CUST00932,POL01533,2022-08-25,49.94,Success
PAY007517,CUST00933,POL01534,2023-06-27,196.05,Success
PAY007518,CUST00933,POL01534,2023-09-26,196.05,Success
PAY007519,CUST00933,POL01534,2023-12-26,196.05,Success
PAY007520,CUST00933,POL01534,2024-03-26,196.05,Success
PAY007521,CUST00933,POL01535,2022-10-01,862.00,Success
PAY007522,CUST00933,POL01535,2023-04-01,862.00,Success
PAY007523,CUST00934,POL01536,2021-02-11,346.60,Success
PAY007524,CUST00934,POL01536,2021-08-12,346.60,Success
PAY007525,CUST00934,POL01537,2020-07-03,50.35,Success
PAY007526,CUST00934,POL01537,2020-08-02,50.35,Success
PAY007527,CUST00934,POL01537,2020-09-01,50.35,Success
PAY007528,CUST00934,POL01537,2020-10-01,50.35,Success
PAY007529,CUST00934,POL01537,2020-10-31,50.35,Success
PAY007530,CUST00934,POL01537,2020-11-30,50.35,Refunded
PAY007531,CUST00934,POL01537,2020-12-30,50.35,Success
PAY007532,CUST00934,POL01537,2021-01-29,50.35,Success
PAY007533,CUST00934,POL01537,2021-02-28,50.35,Success
PAY007534,CUST00934,POL01537,2021-03-30,50.35,Success
PAY007535,CUST00934,POL01537,2021-04-29,50.35,Success
PAY007536,CUST00934,POL01537,2021-05-29,50.35,Success
PAY007537,CUST00935,POL01538,2021-07-30,406.89,Failed
PAY007538,CUST00935,POL01538,2021-08-29,406.89,Success
PAY007539,CUST00935,POL01538,2021-09-28,406.89,Success
PAY007540,CUST00935,POL01538,2021-10-28,406.89,Success
PAY007541,CUST00935,POL01538,2021-11-27,406.89,Pending
PAY007542,CUST00935,POL01538,2021-12-27,406.89,Success
PAY007543,CUST00935,POL01538,2022-01-26,406.89,Success
PAY007544,CUST00935,POL01538,2022-02-25,406.89,Success
PAY007545,CUST00935,POL01538,2022-03-27,406.89,Success
PAY007546,CUST00935,POL01538,2022-04-26,406.89,Success
PAY007547,CUST00935,POL01538,2022-05-26,406.89,Success
PAY007548,CUST00935,POL01538,2022-06-25,406.89,Success
PAY007549,CUST00936,POL01539,2023-01-10,1358.88,Success
PAY007550,CUST00936,POL01540,2018-11-02,276.45,Success
PAY007551,CUST00936,POL01540,2019-05-03,276.45,Success
PAY007552,CUST00937,POL01541,2024-08-27,610.43,Success
PAY007553,CUST00937,POL01541,2025-02-25,610.43,Success
PAY007554,CUST00937,POL01542,2019-03-10,4397.20,Success
PAY007555,CUST00937,POL01543,2019-12-13,276.88,Success
PAY007556,CUST00937,POL01543,2020-03-13,276.88,Success
PAY007557,CUST00937,POL01543,2020-06-12,276.88,Success
PAY007558,CUST00937,POL01543,2020-09-11,276.88,Success
PAY007559,CUST00938,POL01544,2018-12-02,820.09,Success
PAY007560,CUST00938,POL01544,2019-03-03,820.09,Success
PAY007561,CUST00938,POL01544,2019-06-02,820.09,Pending
PAY007562,CUST00938,POL01544,2019-09-01,820.09,Success
PAY007563,CUST00939,POL01545,2019-04-27,616.87,Success
PAY007564,CUST00939,POL01545,2019-10-26,616.87,Success
PAY007565,CUST00940,POL01546,2025-05-24,293.15,Success
PAY007566,CUST00940,POL01546,2025-06-23,293.15,Success
PAY007567,CUST00940,POL01546,2025-07-23,293.15,Success
PAY007568,CUST00940,POL01546,2025-08-22,293.15,Success
PAY007569,CUST00940,POL01546,2025-09-21,293.15,Refunded
PAY007570,CUST00940,POL01546,2025-10-21,293.15,Success
PAY007571,CUST00940,POL01546,2025-11-20,293.15,Refunded
PAY007572,CUST00940,POL01546,2025-12-20,293.15,Success
PAY007573,CUST00940,POL01546,2026-01-19,293.15,Success
PAY007574,CUST00940,POL01546,2026-02-18,293.15,Success
PAY007575,CUST00940,POL01546,2026-03-20,293.15,Success
PAY007576,CUST00940,POL01546,2026-04-19,293.15,Success
PAY007577,CUST00941,POL01547,2022-12-17,22.29,Success
PAY007578,CUST00941,POL01547,2023-01-16,22.29,Success
PAY007579,CUST00941,POL01547,2023-02-15,22.29,Success
PAY007580,CUST00941,POL01547,2023-03-17,22.29,Success
PAY007581,CUST00941,POL01547,2023-04-16,22.29,Success
PAY007582,CUST00941,POL01547,2023-05-16,22.29,Success
PAY007583,CUST00941,POL01547,2023-06-15,22.29,Success
PAY007584,CUST00941,POL01547,2023-07-15,22.29,Success
PAY007585,CUST00941,POL01547,2023-08-14,22.29,Failed
PAY007586,CUST00941,POL01547,2023-09-13,22.29,Success
PAY007587,CUST00941,POL01547,2023-10-13,22.29,Success
PAY007588,CUST00941,POL01547,2023-11-12,22.29,Success
PAY007589,CUST00941,POL01548,2025-08-17,253.27,Success
PAY007590,CUST00941,POL01548,2026-02-15,253.27,Success
PAY007591,CUST00941,POL01549,2019-05-26,1013.62,Success
PAY007592,CUST00941,POL01549,2019-11-24,1013.62,Success
PAY007593,CUST00942,POL01550,2021-04-27,1393.45,Success
PAY007594,CUST00942,POL01550,2021-10-26,1393.45,Success
PAY007595,CUST00943,POL01551,2019-04-11,952.37,Success
PAY007596,CUST00943,POL01551,2019-10-10,952.37,Success
PAY007597,CUST00944,POL01552,2025-07-27,73.05,Success
PAY007598,CUST00944,POL01552,2025-08-26,73.05,Failed
PAY007599,CUST00944,POL01552,2025-09-25,73.05,Success
PAY007600,CUST00944,POL01552,2025-10-25,73.05,Success
PAY007601,CUST00944,POL01552,2025-11-24,73.05,Pending
PAY007602,CUST00944,POL01552,2025-12-24,73.05,Success
PAY007603,CUST00944,POL01552,2026-01-23,73.05,Success
PAY007604,CUST00944,POL01552,2026-02-22,73.05,Success
PAY007605,CUST00944,POL01552,2026-03-24,73.05,Success
PAY007606,CUST00944,POL01552,2026-04-23,73.05,Success
PAY007607,CUST00944,POL01552,2026-05-23,73.05,Success
PAY007608,CUST00944,POL01552,2026-06-22,73.05,Success
PAY007609,CUST00945,POL01553,2022-08-04,1066.99,Success
PAY007610,CUST00945,POL01553,2023-02-02,1066.99,Refunded
PAY007611,CUST00945,POL01554,2021-07-12,109.70,Success
PAY007612,CUST00945,POL01554,2022-01-10,109.70,Success
PAY007613,CUST00946,POL01555,2020-01-20,1114.96,Success
PAY007614,CUST00946,POL01556,2023-09-12,454.47,Success
PAY007615,CUST00947,POL01557,2021-04-22,460.68,Pending
PAY007616,CUST00947,POL01557,2021-07-22,460.68,Success
PAY007617,CUST00947,POL01557,2021-10-21,460.68,Success
PAY007618,CUST00947,POL01557,2022-01-20,460.68,Success
PAY007619,CUST00948,POL01558,2018-07-19,207.84,Pending
PAY007620,CUST00948,POL01558,2019-01-17,207.84,Success
PAY007621,CUST00949,POL01559,2020-07-22,39.83,Success
PAY007622,CUST00949,POL01559,2020-10-21,39.83,Success
PAY007623,CUST00949,POL01559,2021-01-20,39.83,Success
PAY007624,CUST00949,POL01559,2021-04-21,39.83,Success
PAY007625,CUST00950,POL01560,2020-03-22,104.59,Success
PAY007626,CUST00950,POL01560,2020-04-21,104.59,Success
PAY007627,CUST00950,POL01560,2020-05-21,104.59,Success
PAY007628,CUST00950,POL01560,2020-06-20,104.59,Failed
PAY007629,CUST00950,POL01560,2020-07-20,104.59,Success
PAY007630,CUST00950,POL01560,2020-08-19,104.59,Success
PAY007631,CUST00950,POL01560,2020-09-18,104.59,Success
PAY007632,CUST00950,POL01560,2020-10-18,104.59,Success
PAY007633,CUST00950,POL01560,2020-11-17,104.59,Success
PAY007634,CUST00950,POL01560,2020-12-17,104.59,Failed
PAY007635,CUST00950,POL01560,2021-01-16,104.59,Refunded
PAY007636,CUST00950,POL01560,2021-02-15,104.59,Success
PAY007637,CUST00951,POL01561,2022-01-16,1546.18,Success
PAY007638,CUST00951,POL01561,2022-07-17,1546.18,Success
PAY007639,CUST00951,POL01562,2021-05-02,2033.97,Refunded
PAY007640,CUST00952,POL01563,2022-08-24,309.45,Success
PAY007641,CUST00952,POL01564,2019-03-24,158.44,Success
PAY007642,CUST00952,POL01564,2019-04-23,158.44,Success
PAY007643,CUST00952,POL01564,2019-05-23,158.44,Pending
PAY007644,CUST00952,POL01564,2019-06-22,158.44,Success
PAY007645,CUST00952,POL01564,2019-07-22,158.44,Success
PAY007646,CUST00952,POL01564,2019-08-21,158.44,Success
PAY007647,CUST00952,POL01564,2019-09-20,158.44,Success
PAY007648,CUST00952,POL01564,2019-10-20,158.44,Success
PAY007649,CUST00952,POL01564,2019-11-19,158.44,Success
PAY007650,CUST00952,POL01564,2019-12-19,158.44,Success
PAY007651,CUST00952,POL01564,2020-01-18,158.44,Success
PAY007652,CUST00952,POL01564,2020-02-17,158.44,Success
PAY007653,CUST00952,POL01565,2019-10-24,465.69,Success
PAY007654,CUST00952,POL01565,2019-11-23,465.69,Success
PAY007655,CUST00952,POL01565,2019-12-23,465.69,Success
PAY007656,CUST00952,POL01565,2020-01-22,465.69,Success
PAY007657,CUST00952,POL01565,2020-02-21,465.69,Success
PAY007658,CUST00952,POL01565,2020-03-22,465.69,Success
PAY007659,CUST00952,POL01565,2020-04-21,465.69,Success
PAY007660,CUST00952,POL01565,2020-05-21,465.69,Success
PAY007661,CUST00952,POL01565,2020-06-20,465.69,Success
PAY007662,CUST00952,POL01565,2020-07-20,465.69,Success
PAY007663,CUST00952,POL01565,2020-08-19,465.69,Success
PAY007664,CUST00952,POL01565,2020-09-18,465.69,Success
PAY007665,CUST00953,POL01566,2021-10-09,301.86,Success
PAY007666,CUST00953,POL01566,2021-11-08,301.86,Success
PAY007667,CUST00953,POL01566,2021-12-08,301.86,Success
PAY007668,CUST00953,POL01566,2022-01-07,301.86,Success
PAY007669,CUST00953,POL01566,2022-02-06,301.86,Success
PAY007670,CUST00953,POL01566,2022-03-08,301.86,Pending
PAY007671,CUST00953,POL01566,2022-04-07,301.86,Refunded
PAY007672,CUST00953,POL01566,2022-05-07,301.86,Success
PAY007673,CUST00953,POL01566,2022-06-06,301.86,Success
PAY007674,CUST00953,POL01566,2022-07-06,301.86,Success
PAY007675,CUST00953,POL01566,2022-08-05,301.86,Success
PAY007676,CUST00953,POL01566,2022-09-04,301.86,Success
PAY007677,CUST00954,POL01567,2025-04-15,811.25,Success
PAY007678,CUST00954,POL01567,2025-10-14,811.25,Success
PAY007679,CUST00954,POL01568,2021-01-22,560.43,Success
PAY007680,CUST00954,POL01568,2021-04-23,560.43,Success
PAY007681,CUST00954,POL01568,2021-07-23,560.43,Success
PAY007682,CUST00954,POL01568,2021-10-22,560.43,Success
PAY007683,CUST00955,POL01569,2024-06-27,80.18,Success
PAY007684,CUST00955,POL01569,2024-09-26,80.18,Success
PAY007685,CUST00955,POL01569,2024-12-26,80.18,Success
PAY007686,CUST00955,POL01569,2025-03-27,80.18,Success
PAY007687,CUST00955,POL01570,2023-11-08,5862.00,Success
PAY007688,CUST00955,POL01571,2018-04-18,127.56,Success
PAY007689,CUST00955,POL01571,2018-05-18,127.56,Success
PAY007690,CUST00955,POL01571,2018-06-17,127.56,Success
PAY007691,CUST00955,POL01571,2018-07-17,127.56,Success
PAY007692,CUST00955,POL01571,2018-08-16,127.56,Success
PAY007693,CUST00955,POL01571,2018-09-15,127.56,Success
PAY007694,CUST00955,POL01571,2018-10-15,127.56,Success
PAY007695,CUST00955,POL01571,2018-11-14,127.56,Refunded
PAY007696,CUST00955,POL01571,2018-12-14,127.56,Success
PAY007697,CUST00955,POL01571,2019-01-13,127.56,Pending
PAY007698,CUST00955,POL01571,2019-02-12,127.56,Success
PAY007699,CUST00955,POL01571,2019-03-14,127.56,Success
PAY007700,CUST00956,POL01572,2019-03-08,2973.37,Success
PAY007701,CUST00957,POL01573,2019-09-04,136.37,Success
PAY007702,CUST00957,POL01573,2019-10-04,136.37,Success
PAY007703,CUST00957,POL01573,2019-11-03,136.37,Success
PAY007704,CUST00957,POL01573,2019-12-03,136.37,Success
PAY007705,CUST00957,POL01573,2020-01-02,136.37,Success
PAY007706,CUST00957,POL01573,2020-02-01,136.37,Success
PAY007707,CUST00957,POL01573,2020-03-02,136.37,Success
PAY007708,CUST00957,POL01573,2020-04-01,136.37,Success
PAY007709,CUST00957,POL01573,2020-05-01,136.37,Success
PAY007710,CUST00957,POL01573,2020-05-31,136.37,Success
PAY007711,CUST00957,POL01573,2020-06-30,136.37,Success
PAY007712,CUST00957,POL01573,2020-07-30,136.37,Success
PAY007713,CUST00957,POL01574,2021-02-17,723.98,Success
PAY007714,CUST00957,POL01575,2024-12-30,42.11,Success
PAY007715,CUST00957,POL01575,2025-01-29,42.11,Success
PAY007716,CUST00957,POL01575,2025-02-28,42.11,Success
PAY007717,CUST00957,POL01575,2025-03-30,42.11,Success
PAY007718,CUST00957,POL01575,2025-04-29,42.11,Failed
PAY007719,CUST00957,POL01575,2025-05-29,42.11,Success
PAY007720,CUST00957,POL01575,2025-06-28,42.11,Success
PAY007721,CUST00957,POL01575,2025-07-28,42.11,Success
PAY007722,CUST00957,POL01575,2025-08-27,42.11,Success
PAY007723,CUST00957,POL01575,2025-09-26,42.11,Success
PAY007724,CUST00957,POL01575,2025-10-26,42.11,Pending
PAY007725,CUST00957,POL01575,2025-11-25,42.11,Success
PAY007726,CUST00958,POL01576,2024-10-14,174.18,Success
PAY007727,CUST00958,POL01576,2024-11-13,174.18,Success
PAY007728,CUST00958,POL01576,2024-12-13,174.18,Success
PAY007729,CUST00958,POL01576,2025-01-12,174.18,Success
PAY007730,CUST00958,POL01576,2025-02-11,174.18,Success
PAY007731,CUST00958,POL01576,2025-03-13,174.18,Success
PAY007732,CUST00958,POL01576,2025-04-12,174.18,Success
PAY007733,CUST00958,POL01576,2025-05-12,174.18,Refunded
PAY007734,CUST00958,POL01576,2025-06-11,174.18,Success
PAY007735,CUST00958,POL01576,2025-07-11,174.18,Success
PAY007736,CUST00958,POL01576,2025-08-10,174.18,Success
PAY007737,CUST00958,POL01576,2025-09-09,174.18,Success
PAY007738,CUST00959,POL01577,2021-08-22,204.38,Failed
PAY007739,CUST00959,POL01577,2022-02-20,204.38,Success
PAY007740,CUST00959,POL01578,2022-05-20,513.58,Success
PAY007741,CUST00959,POL01578,2022-08-19,513.58,Success
PAY007742,CUST00959,POL01578,2022-11-18,513.58,Failed
PAY007743,CUST00959,POL01578,2023-02-17,513.58,Success
PAY007744,CUST00960,POL01579,2021-08-19,2253.06,Success
PAY007745,CUST00960,POL01580,2021-03-19,198.71,Success
PAY007746,CUST00960,POL01580,2021-04-18,198.71,Failed
PAY007747,CUST00960,POL01580,2021-05-18,198.71,Success
PAY007748,CUST00960,POL01580,2021-06-17,198.71,Pending
PAY007749,CUST00960,POL01580,2021-07-17,198.71,Success
PAY007750,CUST00960,POL01580,2021-08-16,198.71,Success
PAY007751,CUST00960,POL01580,2021-09-15,198.71,Success
PAY007752,CUST00960,POL01580,2021-10-15,198.71,Success
PAY007753,CUST00960,POL01580,2021-11-14,198.71,Success
PAY007754,CUST00960,POL01580,2021-12-14,198.71,Success
PAY007755,CUST00960,POL01580,2022-01-13,198.71,Success
PAY007756,CUST00960,POL01580,2022-02-12,198.71,Success
PAY007757,CUST00960,POL01581,2024-04-27,1303.12,Success
PAY007758,CUST00960,POL01581,2024-07-27,1303.12,Failed
PAY007759,CUST00960,POL01581,2024-10-26,1303.12,Success
PAY007760,CUST00960,POL01581,2025-01-25,1303.12,Success
PAY007761,CUST00961,POL01582,2021-04-01,1680.04,Failed
PAY007762,CUST00961,POL01582,2021-09-30,1680.04,Failed
PAY007763,CUST00961,POL01583,2019-03-25,363.82,Success
PAY007764,CUST00961,POL01583,2019-06-24,363.82,Pending
PAY007765,CUST00961,POL01583,2019-09-23,363.82,Success
PAY007766,CUST00961,POL01583,2019-12-23,363.82,Success
PAY007767,CUST00961,POL01584,2021-04-14,189.51,Success
PAY007768,CUST00961,POL01584,2021-10-13,189.51,Success
PAY007769,CUST00962,POL01585,2020-06-22,311.33,Success
PAY007770,CUST00962,POL01585,2020-09-21,311.33,Success
PAY007771,CUST00962,POL01585,2020-12-21,311.33,Success
PAY007772,CUST00962,POL01585,2021-03-22,311.33,Success
PAY007773,CUST00963,POL01586,2025-05-26,397.84,Success
PAY007774,CUST00963,POL01586,2025-08-25,397.84,Failed
PAY007775,CUST00963,POL01586,2025-11-24,397.84,Success
PAY007776,CUST00963,POL01586,2026-02-23,397.84,Success
PAY007777,CUST00963,POL01587,2018-01-04,2168.07,Pending
PAY007778,CUST00963,POL01587,2018-07-05,2168.07,Success
PAY007779,CUST00964,POL01588,2025-05-03,5693.81,Success
PAY007780,CUST00964,POL01589,2018-04-24,88.69,Success
PAY007781,CUST00964,POL01589,2018-07-24,88.69,Success
PAY007782,CUST00964,POL01589,2018-10-23,88.69,Success
PAY007783,CUST00964,POL01589,2019-01-22,88.69,Success
PAY007784,CUST00965,POL01590,2021-06-19,62.88,Success
PAY007785,CUST00965,POL01590,2021-07-19,62.88,Success
PAY007786,CUST00965,POL01590,2021-08-18,62.88,Success
PAY007787,CUST00965,POL01590,2021-09-17,62.88,Success
PAY007788,CUST00965,POL01590,2021-10-17,62.88,Success
PAY007789,CUST00965,POL01590,2021-11-16,62.88,Success
PAY007790,CUST00965,POL01590,2021-12-16,62.88,Success
PAY007791,CUST00965,POL01590,2022-01-15,62.88,Success
PAY007792,CUST00965,POL01590,2022-02-14,62.88,Success
PAY007793,CUST00965,POL01590,2022-03-16,62.88,Success
PAY007794,CUST00965,POL01590,2022-04-15,62.88,Success
PAY007795,CUST00965,POL01590,2022-05-15,62.88,Success
PAY007796,CUST00965,POL01591,2022-01-05,4747.46,Success
PAY007797,CUST00966,POL01592,2021-01-27,640.13,Refunded
PAY007798,CUST00966,POL01592,2021-07-28,640.13,Success
PAY007799,CUST00967,POL01593,2019-07-13,991.49,Success
PAY007800,CUST00967,POL01593,2020-01-11,991.49,Success
PAY007801,CUST00968,POL01594,2025-06-03,313.86,Success
PAY007802,CUST00968,POL01594,2025-09-02,313.86,Success
PAY007803,CUST00968,POL01594,2025-12-02,313.86,Failed
PAY007804,CUST00968,POL01594,2026-03-03,313.86,Success
PAY007805,CUST00969,POL01595,2021-04-30,133.81,Success
PAY007806,CUST00969,POL01595,2021-05-30,133.81,Success
PAY007807,CUST00969,POL01595,2021-06-29,133.81,Pending
PAY007808,CUST00969,POL01595,2021-07-29,133.81,Success
PAY007809,CUST00969,POL01595,2021-08-28,133.81,Success
PAY007810,CUST00969,POL01595,2021-09-27,133.81,Success
PAY007811,CUST00969,POL01595,2021-10-27,133.81,Success
PAY007812,CUST00969,POL01595,2021-11-26,133.81,Success
PAY007813,CUST00969,POL01595,2021-12-26,133.81,Success
PAY007814,CUST00969,POL01595,2022-01-25,133.81,Success
PAY007815,CUST00969,POL01595,2022-02-24,133.81,Success
PAY007816,CUST00969,POL01595,2022-03-26,133.81,Success
PAY007817,CUST00969,POL01596,2025-06-26,172.43,Success
PAY007818,CUST00969,POL01596,2025-12-25,172.43,Success
PAY007819,CUST00969,POL01597,2025-07-12,964.88,Success
PAY007820,CUST00969,POL01597,2026-01-10,964.88,Success
PAY007821,CUST00970,POL01598,2023-08-16,56.24,Success
PAY007822,CUST00970,POL01598,2023-11-15,56.24,Success
PAY007823,CUST00970,POL01598,2024-02-14,56.24,Success
PAY007824,CUST00970,POL01598,2024-05-15,56.24,Success
PAY007825,CUST00971,POL01599,2025-08-14,320.96,Success
PAY007826,CUST00971,POL01600,2018-12-26,527.90,Success
PAY007827,CUST00971,POL01600,2019-03-27,527.90,Success
PAY007828,CUST00971,POL01600,2019-06-26,527.90,Failed
PAY007829,CUST00971,POL01600,2019-09-25,527.90,Success
PAY007830,CUST00972,POL01601,2021-12-19,108.60,Success
PAY007831,CUST00972,POL01601,2022-01-18,108.60,Success
PAY007832,CUST00972,POL01601,2022-02-17,108.60,Success
PAY007833,CUST00972,POL01601,2022-03-19,108.60,Success
PAY007834,CUST00972,POL01601,2022-04-18,108.60,Failed
PAY007835,CUST00972,POL01601,2022-05-18,108.60,Success
PAY007836,CUST00972,POL01601,2022-06-17,108.60,Pending
PAY007837,CUST00972,POL01601,2022-07-17,108.60,Success
PAY007838,CUST00972,POL01601,2022-08-16,108.60,Success
PAY007839,CUST00972,POL01601,2022-09-15,108.60,Success
PAY007840,CUST00972,POL01601,2022-10-15,108.60,Success
PAY007841,CUST00972,POL01601,2022-11-14,108.60,Success
PAY007842,CUST00972,POL01602,2023-02-17,680.86,Success
PAY007843,CUST00972,POL01602,2023-05-19,680.86,Success
PAY007844,CUST00972,POL01602,2023-08-18,680.86,Success
PAY007845,CUST00972,POL01602,2023-11-17,680.86,Success
PAY007846,CUST00973,POL01603,2022-06-16,2228.89,Success
PAY007847,CUST00974,POL01604,2025-04-30,461.58,Refunded
PAY007848,CUST00974,POL01604,2025-05-30,461.58,Success
PAY007849,CUST00974,POL01604,2025-06-29,461.58,Refunded
PAY007850,CUST00974,POL01604,2025-07-29,461.58,Success
PAY007851,CUST00974,POL01604,2025-08-28,461.58,Success
PAY007852,CUST00974,POL01604,2025-09-27,461.58,Success
PAY007853,CUST00974,POL01604,2025-10-27,461.58,Success
PAY007854,CUST00974,POL01604,2025-11-26,461.58,Success
PAY007855,CUST00974,POL01604,2025-12-26,461.58,Success
PAY007856,CUST00974,POL01604,2026-01-25,461.58,Failed
PAY007857,CUST00974,POL01604,2026-02-24,461.58,Success
PAY007858,CUST00974,POL01604,2026-03-26,461.58,Success
PAY007859,CUST00975,POL01605,2024-10-04,1010.29,Success
PAY007860,CUST00975,POL01605,2025-01-03,1010.29,Success
PAY007861,CUST00975,POL01605,2025-04-04,1010.29,Success
PAY007862,CUST00975,POL01605,2025-07-04,1010.29,Success
PAY007863,CUST00976,POL01606,2023-02-18,171.88,Success
PAY007864,CUST00977,POL01607,2025-08-01,476.51,Success
PAY007865,CUST00977,POL01607,2025-10-31,476.51,Success
PAY007866,CUST00977,POL01607,2026-01-30,476.51,Success
PAY007867,CUST00977,POL01607,2026-05-01,476.51,Success
PAY007868,CUST00977,POL01608,2021-12-12,617.42,Success
PAY007869,CUST00977,POL01608,2022-03-13,617.42,Success
PAY007870,CUST00977,POL01608,2022-06-12,617.42,Success
PAY007871,CUST00977,POL01608,2022-09-11,617.42,Success
PAY007872,CUST00978,POL01609,2018-05-30,294.62,Success
PAY007873,CUST00978,POL01609,2018-11-28,294.62,Success
PAY007874,CUST00979,POL01610,2025-07-17,117.67,Success
PAY007875,CUST00979,POL01610,2026-01-15,117.67,Pending
PAY007876,CUST00979,POL01611,2020-10-07,426.81,Success
PAY007877,CUST00979,POL01611,2021-01-06,426.81,Success
PAY007878,CUST00979,POL01611,2021-04-07,426.81,Success
PAY007879,CUST00979,POL01611,2021-07-07,426.81,Success
PAY007880,CUST00979,POL01612,2024-12-13,1242.50,Success
PAY007881,CUST00980,POL01613,2021-11-06,145.00,Failed
PAY007882,CUST00980,POL01613,2022-02-05,145.00,Success
PAY007883,CUST00980,POL01613,2022-05-07,145.00,Success
PAY007884,CUST00980,POL01613,2022-08-06,145.00,Success
PAY007885,CUST00981,POL01614,2019-03-10,408.76,Success
PAY007886,CUST00981,POL01614,2019-04-09,408.76,Success
PAY007887,CUST00981,POL01614,2019-05-09,408.76,Success
PAY007888,CUST00981,POL01614,2019-06-08,408.76,Success
PAY007889,CUST00981,POL01614,2019-07-08,408.76,Success
PAY007890,CUST00981,POL01614,2019-08-07,408.76,Success
PAY007891,CUST00981,POL01614,2019-09-06,408.76,Success
PAY007892,CUST00981,POL01614,2019-10-06,408.76,Failed
PAY007893,CUST00981,POL01614,2019-11-05,408.76,Success
PAY007894,CUST00981,POL01614,2019-12-05,408.76,Success
PAY007895,CUST00981,POL01614,2020-01-04,408.76,Success
PAY007896,CUST00981,POL01614,2020-02-03,408.76,Success
PAY007897,CUST00982,POL01615,2020-04-30,947.46,Success
PAY007898,CUST00982,POL01615,2020-10-29,947.46,Success
PAY007899,CUST00983,POL01616,2023-04-23,5190.46,Success
PAY007900,CUST00984,POL01617,2020-09-19,48.09,Success
PAY007901,CUST00984,POL01617,2020-10-19,48.09,Success
PAY007902,CUST00984,POL01617,2020-11-18,48.09,Success
PAY007903,CUST00984,POL01617,2020-12-18,48.09,Success
PAY007904,CUST00984,POL01617,2021-01-17,48.09,Success
PAY007905,CUST00984,POL01617,2021-02-16,48.09,Success
PAY007906,CUST00984,POL01617,2021-03-18,48.09,Success
PAY007907,CUST00984,POL01617,2021-04-17,48.09,Pending
PAY007908,CUST00984,POL01617,2021-05-17,48.09,Success
PAY007909,CUST00984,POL01617,2021-06-16,48.09,Success
PAY007910,CUST00984,POL01617,2021-07-16,48.09,Failed
PAY007911,CUST00984,POL01617,2021-08-15,48.09,Success
PAY007912,CUST00985,POL01618,2025-04-30,5203.97,Refunded
PAY007913,CUST00986,POL01619,2020-11-01,308.95,Refunded
PAY007914,CUST00986,POL01619,2021-01-31,308.95,Success
PAY007915,CUST00986,POL01619,2021-05-02,308.95,Success
PAY007916,CUST00986,POL01619,2021-08-01,308.95,Success
PAY007917,CUST00986,POL01620,2019-10-06,1315.50,Success
PAY007918,CUST00987,POL01621,2018-02-28,121.53,Success
PAY007919,CUST00987,POL01621,2018-03-30,121.53,Success
PAY007920,CUST00987,POL01621,2018-04-29,121.53,Failed
PAY007921,CUST00987,POL01621,2018-05-29,121.53,Success
PAY007922,CUST00987,POL01621,2018-06-28,121.53,Success
PAY007923,CUST00987,POL01621,2018-07-28,121.53,Success
PAY007924,CUST00987,POL01621,2018-08-27,121.53,Success
PAY007925,CUST00987,POL01621,2018-09-26,121.53,Success
PAY007926,CUST00987,POL01621,2018-10-26,121.53,Refunded
PAY007927,CUST00987,POL01621,2018-11-25,121.53,Failed
PAY007928,CUST00987,POL01621,2018-12-25,121.53,Success
PAY007929,CUST00987,POL01621,2019-01-24,121.53,Success
PAY007930,CUST00988,POL01622,2024-03-09,1747.75,Success
PAY007931,CUST00989,POL01623,2023-12-05,1198.28,Pending
PAY007932,CUST00989,POL01623,2024-03-05,1198.28,Success
PAY007933,CUST00989,POL01623,2024-06-04,1198.28,Success
PAY007934,CUST00989,POL01623,2024-09-03,1198.28,Success
PAY007935,CUST00990,POL01624,2023-08-09,462.00,Pending
PAY007936,CUST00990,POL01624,2023-11-08,462.00,Success
PAY007937,CUST00990,POL01624,2024-02-07,462.00,Success
PAY007938,CUST00990,POL01624,2024-05-08,462.00,Success
PAY007939,CUST00990,POL01625,2020-07-25,100.49,Success
PAY007940,CUST00990,POL01625,2020-08-24,100.49,Failed
PAY007941,CUST00990,POL01625,2020-09-23,100.49,Success
PAY007942,CUST00990,POL01625,2020-10-23,100.49,Success
PAY007943,CUST00990,POL01625,2020-11-22,100.49,Success
PAY007944,CUST00990,POL01625,2020-12-22,100.49,Success
PAY007945,CUST00990,POL01625,2021-01-21,100.49,Success
PAY007946,CUST00990,POL01625,2021-02-20,100.49,Success
PAY007947,CUST00990,POL01625,2021-03-22,100.49,Success
PAY007948,CUST00990,POL01625,2021-04-21,100.49,Success
PAY007949,CUST00990,POL01625,2021-05-21,100.49,Success
PAY007950,CUST00990,POL01625,2021-06-20,100.49,Success
PAY007951,CUST00990,POL01626,2021-08-28,315.72,Refunded
PAY007952,CUST00991,POL01627,2021-06-11,318.05,Success
PAY007953,CUST00991,POL01627,2021-07-11,318.05,Pending
PAY007954,CUST00991,POL01627,2021-08-10,318.05,Success
PAY007955,CUST00991,POL01627,2021-09-09,318.05,Success
PAY007956,CUST00991,POL01627,2021-10-09,318.05,Success
PAY007957,CUST00991,POL01627,2021-11-08,318.05,Success
PAY007958,CUST00991,POL01627,2021-12-08,318.05,Success
PAY007959,CUST00991,POL01627,2022-01-07,318.05,Success
PAY007960,CUST00991,POL01627,2022-02-06,318.05,Success
PAY007961,CUST00991,POL01627,2022-03-08,318.05,Success
PAY007962,CUST00991,POL01627,2022-04-07,318.05,Success
PAY007963,CUST00991,POL01627,2022-05-07,318.05,Success
PAY007964,CUST00992,POL01628,2025-07-12,998.87,Pending
PAY007965,CUST00992,POL01629,2023-03-03,520.50,Success
PAY007966,CUST00992,POL01629,2023-06-02,520.50,Success
PAY007967,CUST00992,POL01629,2023-09-01,520.50,Success
PAY007968,CUST00992,POL01629,2023-12-01,520.50,Success
PAY007969,CUST00993,POL01630,2018-04-09,85.98,Success
PAY007970,CUST00993,POL01630,2018-07-09,85.98,Success
PAY007971,CUST00993,POL01630,2018-10-08,85.98,Success
PAY007972,CUST00993,POL01630,2019-01-07,85.98,Success
PAY007973,CUST00994,POL01631,2020-05-11,119.49,Success
PAY007974,CUST00994,POL01631,2020-08-10,119.49,Success
PAY007975,CUST00994,POL01631,2020-11-09,119.49,Success
PAY007976,CUST00994,POL01631,2021-02-08,119.49,Success
PAY007977,CUST00994,POL01632,2020-01-26,155.49,Success
PAY007978,CUST00994,POL01632,2020-04-26,155.49,Success
PAY007979,CUST00994,POL01632,2020-07-26,155.49,Success
PAY007980,CUST00994,POL01632,2020-10-25,155.49,Success
PAY007981,CUST00995,POL01633,2018-08-13,36.43,Success
PAY007982,CUST00995,POL01633,2018-09-12,36.43,Pending
PAY007983,CUST00995,POL01633,2018-10-12,36.43,Success
PAY007984,CUST00995,POL01633,2018-11-11,36.43,Success
PAY007985,CUST00995,POL01633,2018-12-11,36.43,Success
PAY007986,CUST00995,POL01633,2019-01-10,36.43,Failed
PAY007987,CUST00995,POL01633,2019-02-09,36.43,Success
PAY007988,CUST00995,POL01633,2019-03-11,36.43,Success
PAY007989,CUST00995,POL01633,2019-04-10,36.43,Success
PAY007990,CUST00995,POL01633,2019-05-10,36.43,Success
PAY007991,CUST00995,POL01633,2019-06-09,36.43,Pending
PAY007992,CUST00995,POL01633,2019-07-09,36.43,Success
PAY007993,CUST00995,POL01634,2021-05-06,763.60,Failed
PAY007994,CUST00995,POL01634,2021-11-04,763.60,Success
PAY007995,CUST00995,POL01635,2023-04-13,457.65,Success
PAY007996,CUST00995,POL01635,2023-05-13,457.65,Success
PAY007997,CUST00995,POL01635,2023-06-12,457.65,Refunded
PAY007998,CUST00995,POL01635,2023-07-12,457.65,Success
PAY007999,CUST00995,POL01635,2023-08-11,457.65,Success
PAY008000,CUST00995,POL01635,2023-09-10,457.65,Success
PAY008001,CUST00995,POL01635,2023-10-10,457.65,Success
PAY008002,CUST00995,POL01635,2023-11-09,457.65,Success
PAY008003,CUST00995,POL01635,2023-12-09,457.65,Success
PAY008004,CUST00995,POL01635,2024-01-08,457.65,Failed
PAY008005,CUST00995,POL01635,2024-02-07,457.65,Success
PAY008006,CUST00995,POL01635,2024-03-08,457.65,Success
PAY008007,CUST00996,POL01636,2024-12-21,1255.38,Success
PAY008008,CUST00996,POL01636,2025-06-21,1255.38,Success
PAY008009,CUST00997,POL01637,2020-02-20,505.49,Success
PAY008010,CUST00998,POL01638,2019-10-18,269.10,Success
PAY008011,CUST00998,POL01638,2020-04-17,269.10,Success
PAY008012,CUST00998,POL01639,2022-06-06,1298.61,Success
PAY008013,CUST00999,POL01640,2024-10-11,2876.59,Success
PAY008014,CUST00999,POL01641,2025-05-11,237.10,Success
PAY008015,CUST00999,POL01641,2025-11-09,237.10,Success
PAY008016,CUST01000,POL01642,2023-09-22,2791.55,Pending
