POLICY_ID,CUSTOMER_ID,POLICY_TYPE,POLICY_START_DATE,POLICY_END_DATE,PREMIUM,SUM_INSURED,STATUS
POL00001,CUST00001,Life,2021-01-23,2022-01-23,1176.25,593571.87,Active
POL00002,CUST00001,Auto,2024-10-24,2027-10-24,1282.54,11909.68,Cancelled
POL00003,CUST00001,Renters,2019-06-24,2020-06-24,178.05,65260.34,Active
POL00004,CUST00002,Life,2024-07-31,2025-07-28,1186.98,526449.41,Active
POL00005,CUST00002,Home,2021-02-02,2026-02-02,1813.12,327946.04,Lapsed
POL00006,CUST00003,Health,2019-04-22,2020-04-22,4207.80,257157.09,Expired
POL00007,CUST00003,Auto,2021-06-14,2022-06-14,1745.34,23948.17,Active
POL00008,CUST00004,Life,2019-01-14,2022-01-14,1999.22,952181.87,Active
POL00009,CUST00004,Health,2022-11-13,2023-11-13,2842.47,280972.60,Active
POL00010,CUST00004,Home,2020-12-04,2021-12-04,1840.87,516450.13,Active
POL00011,CUST00005,Auto,2019-10-13,2022-10-13,1255.89,18137.28,Active
POL00012,CUST00006,Health,2020-09-24,2021-09-24,3125.53,467098.89,Active
POL00013,CUST00006,Renters,2021-01-08,2026-01-08,548.97,77666.51,Active
POL00014,CUST00007,Auto,2019-01-06,2020-01-06,1827.15,42930.43,Cancelled
POL00015,CUST00008,Home,2019-09-24,2024-09-24,1498.22,604206.84,Lapsed
POL00016,CUST00009,Auto,2019-06-11,2020-06-11,1773.48,46518.61,Lapsed
POL00017,CUST00009,Health,2024-07-30,2025-07-28,2971.84,461563.70,Active
POL00018,CUST00010,Home,2021-05-21,2024-05-21,1521.76,462423.84,Active
POL00019,CUST00011,Auto,2018-12-05,2019-12-05,1634.92,25951.29,Expired
POL00020,CUST00011,Health,2022-07-04,2025-07-04,4243.76,263096.28,Active
POL00021,CUST00012,Home,2022-10-03,2027-10-03,2688.75,317593.76,Active
POL00022,CUST00013,Auto,2019-05-13,2022-05-13,1228.45,43749.81,Active
POL00023,CUST00014,Life,2025-02-17,2026-02-17,380.55,740448.03,Active
POL00024,CUST00015,Renters,2023-11-15,2027-11-15,589.58,17088.84,Expired
POL00025,CUST00015,Home,2021-05-21,2024-05-21,1041.43,743025.31,Expired
POL00026,CUST00015,Life,2024-11-26,2027-11-26,1827.37,311047.42,Active
POL00027,CUST00016,Health,2020-01-13,2021-01-13,3188.76,193171.73,Active
POL00028,CUST00017,Auto,2024-11-09,2025-11-09,1710.70,37072.90,Cancelled
POL00029,CUST00018,Health,2020-05-12,2025-05-12,1354.88,205384.64,Expired
POL00030,CUST00019,Life,2021-07-15,2024-07-15,1674.70,72237.93,Active
POL00031,CUST00020,Renters,2019-06-24,2022-06-24,596.46,76101.46,Active
POL00032,CUST00021,Home,2022-09-09,2027-09-09,2449.20,563538.10,Active
POL00033,CUST00022,Life,2019-10-05,2020-10-05,2125.71,601149.94,Active
POL00034,CUST00022,Health,2018-04-29,2023-04-28,1586.43,124906.49,Lapsed
POL00035,CUST00023,Auto,2023-09-26,2024-09-26,1930.56,56857.04,Active
POL00036,CUST00023,Health,2023-03-04,2026-03-04,5024.42,199066.66,Active
POL00037,CUST00023,Life,2023-03-09,2024-03-09,1789.12,446235.13,Active
POL00038,CUST00024,Renters,2022-12-02,2025-12-02,476.32,49604.12,Lapsed
POL00039,CUST00024,Auto,2019-03-01,2020-03-01,1924.73,28323.23,Active
POL00040,CUST00025,Auto,2023-02-20,2026-02-20,1754.50,32518.81,Active
POL00041,CUST00026,Life,2024-04-27,2025-04-27,1874.84,196719.22,Active
POL00042,CUST00027,Life,2020-05-16,2025-05-16,870.73,637536.99,Active
POL00043,CUST00027,Home,2023-08-15,2024-08-15,1507.15,464598.98,Active
POL00044,CUST00027,Auto,2020-04-25,2021-04-25,670.16,34939.51,Cancelled
POL00045,CUST00028,Home,2022-01-29,2023-01-28,837.22,631817.63,Active
POL00046,CUST00028,Renters,2020-10-12,2021-10-12,260.29,59677.81,Active
POL00047,CUST00029,Auto,2019-06-27,2024-06-27,944.97,14913.51,Active
POL00048,CUST00030,Health,2020-03-19,2021-03-19,3932.78,399828.14,Cancelled
POL00049,CUST00031,Health,2020-10-28,2023-10-28,3635.01,162059.90,Active
POL00050,CUST00031,Auto,2021-06-18,2024-06-18,600.65,35477.40,Active
POL00051,CUST00032,Life,2019-03-22,2020-03-22,1004.03,592458.01,Lapsed
POL00052,CUST00032,Home,2019-12-05,2020-12-05,977.12,656840.69,Cancelled
POL00053,CUST00032,Auto,2021-05-28,2022-05-28,660.98,31264.90,Expired
POL00054,CUST00033,Home,2023-02-15,2024-02-15,2290.41,359199.77,Active
POL00055,CUST00034,Renters,2022-12-08,2023-12-08,474.57,71902.09,Expired
POL00056,CUST00035,Life,2024-10-21,2027-10-21,1707.18,177570.50,Lapsed
POL00057,CUST00036,Home,2019-09-09,2024-09-09,1079.99,319467.44,Lapsed
POL00058,CUST00037,Life,2022-01-19,2025-01-19,1006.79,296074.53,Active
POL00059,CUST00038,Health,2023-06-16,2024-06-16,2992.68,197181.51,Active
POL00060,CUST00038,Renters,2021-09-29,2022-09-28,389.29,64902.83,Expired
POL00061,CUST00039,Health,2023-03-23,2026-03-23,2786.06,382756.38,Cancelled
POL00062,CUST00039,Life,2022-07-03,2027-07-03,1157.88,605157.66,Lapsed
POL00063,CUST00040,Renters,2021-12-23,2026-12-23,161.80,95919.45,Active
POL00064,CUST00041,Home,2025-05-19,2026-05-19,991.89,167742.69,Expired
POL00065,CUST00042,Home,2022-04-08,2023-04-08,1558.03,263812.91,Lapsed
POL00066,CUST00043,Health,2024-10-13,2025-10-13,5928.73,255629.19,Cancelled
POL00067,CUST00044,Auto,2021-12-23,2022-12-23,2102.32,59985.33,Expired
POL00068,CUST00045,Life,2018-07-05,2019-07-05,320.40,616394.26,Active
POL00069,CUST00046,Home,2019-12-08,2020-12-08,2916.72,221104.52,Active
POL00070,CUST00046,Health,2020-12-22,2025-12-22,5466.34,219666.55,Active
POL00071,CUST00047,Auto,2021-11-29,2022-11-28,565.82,52807.02,Active
POL00072,CUST00048,Life,2019-06-10,2020-06-10,1649.94,236472.74,Expired
POL00073,CUST00049,Auto,2019-01-24,2022-01-24,908.14,25055.41,Expired
POL00074,CUST00050,Home,2021-09-05,2024-09-05,948.53,560722.15,Active
POL00075,CUST00051,Home,2022-06-14,2023-06-14,1753.86,413676.96,Active
POL00076,CUST00051,Renters,2021-02-18,2026-02-18,513.14,40813.75,Active
POL00077,CUST00052,Life,2022-10-14,2023-10-14,799.68,879641.40,Expired
POL00078,CUST00053,Renters,2020-01-18,2023-01-18,456.26,80194.39,Active
POL00079,CUST00054,Auto,2024-01-19,2025-01-19,1648.65,41745.37,Active
POL00080,CUST00054,Life,2024-11-02,2027-11-02,2409.92,899057.27,Expired
POL00081,CUST00055,Life,2024-03-26,2025-03-26,1606.77,202240.31,Expired
POL00082,CUST00056,Home,2025-03-31,2027-03-28,1064.09,730215.03,Active
POL00083,CUST00057,Life,2021-09-03,2022-09-03,1453.33,831128.35,Active
POL00084,CUST00058,Life,2022-04-12,2023-04-12,1586.95,263401.74,Active
POL00085,CUST00058,Renters,2024-09-19,2025-09-19,344.61,75919.84,Expired
POL00086,CUST00058,Auto,2025-03-07,2027-03-07,991.89,45654.78,Active
POL00087,CUST00059,Health,2023-10-27,2026-10-27,4284.85,311054.93,Active
POL00088,CUST00059,Renters,2022-06-01,2023-06-01,385.24,70216.15,Active
POL00089,CUST00059,Life,2024-05-11,2025-05-11,517.37,290838.51,Expired
POL00090,CUST00060,Health,2018-07-15,2019-07-15,5009.48,230594.39,Cancelled
POL00091,CUST00061,Auto,2021-12-11,2026-12-11,1368.82,55708.57,Lapsed
POL00092,CUST00061,Life,2020-04-08,2021-04-08,1041.40,65130.96,Active
POL00093,CUST00062,Life,2022-06-19,2027-06-19,499.19,730093.70,Expired
POL00094,CUST00062,Home,2019-03-01,2020-03-01,2929.79,250757.68,Lapsed
POL00095,CUST00063,Home,2022-12-09,2023-12-09,1312.30,511609.53,Active
POL00096,CUST00064,Renters,2022-05-05,2023-05-05,316.60,96228.20,Active
POL00097,CUST00065,Home,2023-09-10,2026-09-10,851.54,784720.46,Cancelled
POL00098,CUST00065,Renters,2023-03-01,2027-03-01,159.95,73567.81,Active
POL00099,CUST00065,Auto,2021-12-22,2022-12-22,2118.52,39886.93,Lapsed
POL00100,CUST00066,Life,2021-09-15,2022-09-15,2381.79,56436.57,Active
POL00101,CUST00067,Auto,2024-11-19,2025-11-19,1353.59,47941.05,Active
POL00102,CUST00068,Health,2024-06-09,2027-06-09,5266.87,163406.36,Active
POL00103,CUST00069,Life,2025-04-05,2026-04-05,1452.51,404489.63,Active
POL00104,CUST00070,Health,2021-06-08,2022-06-08,1533.07,489098.47,Lapsed
POL00105,CUST00071,Life,2024-06-09,2025-06-09,2235.28,86835.57,Expired
POL00106,CUST00072,Life,2019-03-18,2020-03-18,668.25,370526.86,Cancelled
POL00107,CUST00072,Renters,2023-01-09,2024-01-09,582.17,98411.11,Active
POL00108,CUST00073,Renters,2023-10-31,2024-10-28,389.37,50311.41,Active
POL00109,CUST00073,Auto,2025-01-09,2027-01-09,1127.63,34205.22,Lapsed
POL00110,CUST00074,Auto,2020-02-10,2021-02-10,952.82,46962.85,Expired
POL00111,CUST00075,Health,2023-09-14,2027-09-14,1414.66,194139.74,Active
POL00112,CUST00076,Renters,2018-07-05,2021-07-05,258.17,84391.50,Active
POL00113,CUST00076,Auto,2022-07-05,2023-07-05,680.67,44019.79,Lapsed
POL00114,CUST00077,Health,2022-08-22,2025-08-22,3543.44,252107.69,Active
POL00115,CUST00077,Auto,2025-02-24,2026-02-24,607.50,57175.16,Active
POL00116,CUST00077,Home,2021-03-12,2026-03-12,2426.37,700195.29,Active
POL00117,CUST00078,Auto,2022-05-09,2023-05-09,550.49,46917.32,Expired
POL00118,CUST00079,Life,2024-05-18,2025-05-18,2390.91,421746.27,Active
POL00119,CUST00079,Auto,2020-01-24,2021-01-24,1004.60,40083.00,Active
POL00120,CUST00080,Renters,2023-12-29,2024-12-28,214.57,83233.55,Lapsed
POL00121,CUST00081,Home,2025-01-17,2026-01-17,777.42,333604.49,Lapsed
POL00122,CUST00082,Life,2023-05-17,2024-05-17,792.45,294350.41,Active
POL00123,CUST00082,Health,2021-05-13,2022-05-13,5288.08,232606.56,Active
POL00124,CUST00083,Health,2023-03-14,2024-03-14,3743.70,378188.06,Active
POL00125,CUST00084,Health,2022-03-16,2023-03-16,4330.74,72898.57,Active
POL00126,CUST00085,Health,2023-10-21,2026-10-21,3052.66,120135.06,Lapsed
POL00127,CUST00086,Health,2021-07-20,2024-07-20,3536.09,65885.73,Active
POL00128,CUST00087,Auto,2021-09-19,2022-09-19,963.93,52033.93,Active
POL00129,CUST00088,Life,2019-02-20,2024-02-20,659.16,647248.37,Cancelled
POL00130,CUST00088,Renters,2020-10-18,2021-10-18,211.02,71930.93,Cancelled
POL00131,CUST00089,Renters,2018-03-23,2021-03-23,548.92,23453.74,Expired
POL00132,CUST00089,Home,2025-07-02,2026-07-02,1369.68,669556.48,Active
POL00133,CUST00089,Health,2020-11-01,2021-11-01,1312.53,168401.03,Active
POL00134,CUST00090,Health,2025-05-24,2026-05-24,5647.42,261554.44,Lapsed
POL00135,CUST00091,Health,2021-10-06,2022-10-06,3154.54,269973.69,Expired
POL00136,CUST00092,Auto,2019-04-10,2020-04-10,1859.36,17700.31,Active
POL00137,CUST00092,Life,2021-10-29,2026-10-28,2424.42,631936.92,Expired
POL00138,CUST00092,Health,2018-11-29,2019-11-28,4999.65,288200.07,Active
POL00139,CUST00093,Renters,2021-03-25,2026-03-25,229.13,72997.03,Lapsed
POL00140,CUST00093,Home,2018-11-07,2019-11-07,1371.37,541010.08,Cancelled
POL00141,CUST00093,Health,2020-09-13,2025-09-13,2550.96,77181.79,Active
POL00142,CUST00094,Health,2025-07-25,2026-07-25,4550.76,193578.79,Cancelled
POL00143,CUST00094,Auto,2022-02-26,2025-02-26,940.44,18527.65,Lapsed
POL00144,CUST00095,Health,2023-01-27,2024-01-27,1317.50,229738.21,Lapsed
POL00145,CUST00095,Renters,2025-06-03,2026-06-03,362.53,84680.03,Cancelled
POL00146,CUST00095,Home,2021-02-11,2022-02-11,2056.38,582762.98,Lapsed
POL00147,CUST00096,Home,2023-10-26,2026-10-26,1599.23,594637.42,Active
POL00148,CUST00096,Renters,2022-03-10,2023-03-10,337.65,38128.33,Expired
POL00149,CUST00097,Life,2021-09-18,2022-09-18,2019.51,822655.80,Cancelled
POL00150,CUST00097,Renters,2021-07-07,2026-07-07,388.16,16023.29,Active
POL00151,CUST00097,Health,2020-03-02,2021-03-02,3473.99,302845.05,Expired
POL00152,CUST00098,Life,2024-10-13,2027-10-13,714.03,890533.11,Active
POL00153,CUST00099,Auto,2021-05-06,2022-05-06,767.63,28431.58,Active
POL00154,CUST00100,Life,2019-03-18,2020-03-18,1634.39,99802.31,Active
POL00155,CUST00101,Health,2025-01-19,2027-01-19,5213.15,447466.83,Lapsed
POL00156,CUST00101,Auto,2019-06-25,2022-06-25,514.98,21750.68,Lapsed
POL00157,CUST00102,Renters,2018-09-12,2023-09-12,190.26,30465.65,Active
POL00158,CUST00103,Auto,2025-03-18,2026-03-18,1261.65,16883.66,Active
POL00159,CUST00103,Renters,2021-04-01,2024-04-01,240.06,17256.47,Cancelled
POL00160,CUST00104,Home,2020-05-21,2021-05-21,2796.48,253911.16,Active
POL00161,CUST00104,Health,2020-12-02,2023-12-02,4096.17,68747.04,Lapsed
POL00162,CUST00105,Home,2025-07-24,2026-07-24,2562.86,724847.28,Active
POL00163,CUST00105,Life,2020-01-12,2021-01-12,1154.86,517098.14,Expired
POL00164,CUST00105,Health,2020-10-14,2021-10-14,4172.53,221639.41,Active
POL00165,CUST00106,Home,2025-03-30,2026-03-28,2380.43,172745.29,Expired
POL00166,CUST00107,Home,2018-05-05,2021-05-05,870.21,327537.46,Lapsed
POL00167,CUST00107,Auto,2020-06-01,2021-06-01,1115.57,18751.14,Cancelled
POL00168,CUST00107,Life,2021-02-27,2024-02-27,1776.73,996045.58,Cancelled
POL00169,CUST00108,Health,2018-07-13,2019-07-13,3467.88,115563.06,Active
POL00170,CUST00108,Home,2019-12-14,2024-12-14,1721.96,471431.94,Active
POL00171,CUST00109,Life,2023-03-27,2026-03-27,661.41,618852.92,Active
POL00172,CUST00109,Renters,2024-06-07,2025-06-07,520.55,61791.81,Active
POL00173,CUST00109,Health,2024-03-04,2025-03-04,3548.06,285404.46,Active
POL00174,CUST00110,Health,2019-03-12,2020-03-12,5497.12,98510.39,Active
POL00175,CUST00111,Home,2020-05-07,2025-05-07,2883.72,687976.79,Active
POL00176,CUST00111,Health,2022-01-04,2025-01-04,2999.60,317001.28,Expired
POL00177,CUST00111,Renters,2023-08-10,2024-08-10,488.81,95421.01,Lapsed
POL00178,CUST00112,Health,2018-12-22,2021-12-22,5187.02,321623.93,Active
POL00179,CUST00112,Auto,2024-03-13,2027-03-13,789.80,49041.75,Lapsed
POL00180,CUST00112,Home,2022-05-09,2027-05-09,716.92,340703.16,Active
POL00181,CUST00113,Auto,2020-03-26,2023-03-26,1275.25,48623.13,Cancelled
POL00182,CUST00114,Health,2019-04-21,2020-04-21,4104.99,368783.96,Active
POL00183,CUST00115,Health,2018-05-18,2019-05-18,1618.77,159454.38,Active
POL00184,CUST00115,Renters,2018-04-09,2019-04-09,395.66,62390.85,Active
POL00185,CUST00116,Home,2019-08-27,2020-08-27,2283.54,582842.27,Active
POL00186,CUST00117,Health,2025-06-12,2027-06-12,3854.56,436030.53,Lapsed
POL00187,CUST00117,Home,2023-05-11,2027-05-11,774.22,759445.56,Active
POL00188,CUST00117,Auto,2021-08-05,2024-08-05,449.80,53346.77,Cancelled
POL00189,CUST00118,Home,2024-09-19,2027-09-19,2455.44,729572.80,Active
POL00190,CUST00118,Renters,2023-03-18,2024-03-18,576.82,72572.46,Expired
POL00191,CUST00119,Renters,2023-04-07,2024-04-07,434.11,56216.61,Active
POL00192,CUST00119,Home,2021-08-20,2022-08-20,1436.43,321541.60,Cancelled
POL00193,CUST00120,Life,2020-02-18,2021-02-18,749.82,326888.06,Active
POL00194,CUST00121,Health,2022-03-16,2023-03-16,3403.58,219452.91,Active
POL00195,CUST00122,Life,2023-07-21,2026-07-21,2106.55,646707.09,Active
POL00196,CUST00123,Home,2020-01-12,2021-01-12,2523.12,324469.29,Active
POL00197,CUST00124,Renters,2019-04-02,2020-04-02,249.20,31272.61,Active
POL00198,CUST00124,Auto,2024-07-20,2025-07-20,1772.23,10872.03,Cancelled
POL00199,CUST00124,Health,2019-05-26,2020-05-26,4126.11,352022.72,Cancelled
POL00200,CUST00125,Health,2020-08-09,2021-08-09,1921.85,394275.13,Lapsed
POL00201,CUST00125,Home,2022-11-24,2027-11-24,649.72,243935.23,Active
POL00202,CUST00126,Home,2021-07-11,2022-07-11,1197.04,165779.39,Active
POL00203,CUST00127,Health,2022-01-12,2025-01-12,3235.86,166936.59,Active
POL00204,CUST00127,Life,2024-07-26,2027-07-26,2160.99,920057.42,Active
POL00205,CUST00128,Life,2023-01-30,2024-01-28,912.73,270224.85,Lapsed
POL00206,CUST00129,Home,2024-02-23,2027-02-23,2747.81,193798.37,Active
POL00207,CUST00129,Life,2023-03-10,2027-03-10,635.98,778032.15,Active
POL00208,CUST00130,Home,2019-11-16,2020-11-16,2631.69,450563.39,Active
POL00209,CUST00131,Auto,2022-03-26,2023-03-26,401.03,37073.45,Active
POL00210,CUST00131,Renters,2024-10-16,2027-10-16,333.46,63981.84,Active
POL00211,CUST00132,Renters,2022-08-17,2025-08-17,157.22,81147.19,Lapsed
POL00212,CUST00133,Life,2020-09-28,2021-09-28,1265.86,490134.34,Expired
POL00213,CUST00133,Health,2025-03-06,2026-03-06,3055.47,280652.68,Expired
POL00214,CUST00134,Health,2021-09-19,2022-09-19,1686.25,333803.53,Active
POL00215,CUST00134,Auto,2021-09-30,2026-09-28,1228.52,16164.89,Lapsed
POL00216,CUST00134,Home,2024-05-08,2027-05-08,2923.51,619653.29,Active
POL00217,CUST00135,Health,2020-06-21,2021-06-21,3208.20,305684.07,Active
POL00218,CUST00136,Home,2023-05-31,2024-05-28,2796.32,677598.36,Active
POL00219,CUST00136,Auto,2020-11-23,2025-11-23,1405.42,36335.46,Cancelled
POL00220,CUST00136,Renters,2020-10-01,2021-10-01,285.26,82150.64,Active
POL00221,CUST00137,Renters,2020-06-15,2021-06-15,313.35,24620.09,Active
POL00222,CUST00137,Home,2025-06-08,2026-06-08,2822.70,785933.10,Active
POL00223,CUST00138,Health,2022-10-28,2023-10-28,1964.12,408287.43,Active
POL00224,CUST00138,Home,2023-07-11,2024-07-11,2504.61,171245.01,Expired
POL00225,CUST00138,Renters,2022-01-03,2027-01-03,598.34,81058.84,Cancelled
POL00226,CUST00139,Health,2020-12-30,2025-12-28,4141.14,399233.83,Active
POL00227,CUST00139,Auto,2020-07-05,2021-07-05,457.66,27937.60,Cancelled
POL00228,CUST00140,Life,2025-06-21,2026-06-21,1847.12,998314.44,Active
POL00229,CUST00141,Life,2024-06-30,2025-06-28,569.76,940564.39,Active
POL00230,CUST00142,Home,2021-11-14,2022-11-14,2618.69,778259.14,Cancelled
POL00231,CUST00143,Health,2024-05-09,2025-05-09,3195.84,158010.52,Expired
POL00232,CUST00143,Life,2020-04-08,2021-04-08,1689.38,508658.45,Active
POL00233,CUST00144,Renters,2021-01-25,2026-01-25,238.50,63187.76,Active
POL00234,CUST00145,Health,2021-09-24,2022-09-24,3477.68,153925.36,Active
POL00235,CUST00145,Auto,2023-01-15,2024-01-15,940.51,22707.10,Active
POL00236,CUST00145,Home,2022-06-15,2023-06-15,2900.73,420890.79,Active
POL00237,CUST00146,Renters,2025-06-09,2026-06-09,500.85,25951.30,Lapsed
POL00238,CUST00147,Health,2018-11-23,2019-11-23,1823.41,237009.04,Active
POL00239,CUST00148,Auto,2021-03-28,2022-03-28,2196.19,16072.04,Lapsed
POL00240,CUST00149,Home,2019-04-10,2022-04-10,1801.11,549337.90,Active
POL00241,CUST00150,Renters,2018-03-16,2023-03-16,215.62,93224.25,Active
POL00242,CUST00150,Life,2018-05-03,2019-05-03,1251.28,640021.33,Lapsed
POL00243,CUST00151,Home,2023-02-19,2026-02-19,1485.29,161128.86,Lapsed
POL00244,CUST00151,Health,2018-01-31,2019-01-28,4054.31,498261.06,Active
POL00245,CUST00151,Life,2025-01-03,2026-01-03,841.28,942096.18,Lapsed
POL00246,CUST00152,Home,2021-10-24,2024-10-24,2940.31,166996.06,Active
POL00247,CUST00152,Life,2023-11-21,2027-11-21,549.42,597590.79,Active
POL00248,CUST00153,Renters,2024-01-27,2025-01-27,283.74,13666.37,Expired
POL00249,CUST00154,Life,2021-01-07,2022-01-07,2378.33,435689.26,Expired
POL00250,CUST00155,Home,2019-11-21,2020-11-21,1965.64,610304.97,Active
POL00251,CUST00155,Auto,2022-07-29,2023-07-28,1626.54,34632.64,Cancelled
POL00252,CUST00155,Renters,2021-04-13,2022-04-13,271.21,64473.03,Active
POL00253,CUST00156,Renters,2020-02-23,2021-02-23,585.23,14190.78,Active
POL00254,CUST00157,Home,2021-02-06,2022-02-06,2164.45,284116.74,Cancelled
POL00255,CUST00158,Health,2022-04-01,2027-04-01,4248.25,348036.60,Expired
POL00256,CUST00159,Life,2018-01-13,2021-01-13,2255.66,887241.26,Active
POL00257,CUST00160,Renters,2018-09-25,2023-09-25,538.73,49431.64,Active
POL00258,CUST00161,Health,2020-06-15,2025-06-15,4661.96,409757.60,Active
POL00259,CUST00161,Renters,2024-05-12,2025-05-12,450.80,26465.25,Active
POL00260,CUST00162,Home,2021-09-02,2026-09-02,1419.11,426151.64,Active
POL00261,CUST00162,Auto,2024-09-30,2027-09-28,1415.24,12290.17,Active
POL00262,CUST00163,Auto,2024-05-03,2025-05-03,816.35,13630.20,Lapsed
POL00263,CUST00163,Renters,2020-06-13,2021-06-13,596.09,93121.04,Active
POL00264,CUST00163,Health,2019-01-19,2020-01-19,4852.37,363140.99,Cancelled
POL00265,CUST00164,Home,2021-09-16,2022-09-16,1998.91,381984.79,Active
POL00266,CUST00164,Health,2025-01-13,2027-01-13,1953.38,109682.68,Lapsed
POL00267,CUST00165,Home,2018-05-09,2019-05-09,2337.75,430684.64,Active
POL00268,CUST00166,Auto,2023-12-24,2024-12-24,1631.99,17686.99,Active
POL00269,CUST00167,Renters,2023-01-30,2024-01-28,352.08,64565.32,Expired
POL00270,CUST00167,Life,2018-03-24,2019-03-24,1477.99,905789.39,Expired
POL00271,CUST00168,Health,2022-06-05,2027-06-05,2063.00,436236.42,Active
POL00272,CUST00169,Auto,2023-11-21,2027-11-21,568.37,34525.42,Active
POL00273,CUST00169,Life,2019-08-29,2024-08-28,1694.48,993114.29,Active
POL00274,CUST00170,Auto,2018-05-05,2019-05-05,980.49,19521.10,Active
POL00275,CUST00171,Renters,2019-09-06,2020-09-06,280.44,70132.92,Active
POL00276,CUST00171,Auto,2021-03-22,2024-03-22,1340.00,41082.75,Active
POL00277,CUST00172,Auto,2020-10-03,2023-10-03,1021.63,30259.17,Active
POL00278,CUST00172,Life,2021-08-10,2022-08-10,2107.47,643766.06,Active
POL00279,CUST00173,Renters,2021-12-25,2022-12-25,386.62,87872.62,Active
POL00280,CUST00173,Health,2023-12-06,2024-12-06,2455.72,263138.80,Active
POL00281,CUST00173,Life,2020-03-05,2023-03-05,1725.03,430078.51,Active
POL00282,CUST00174,Life,2021-05-03,2022-05-03,1964.25,148888.25,Active
POL00283,CUST00174,Health,2018-06-17,2021-06-17,2902.45,231475.63,Lapsed
POL00284,CUST00175,Home,2021-04-18,2022-04-18,2787.44,331861.97,Active
POL00285,CUST00176,Home,2020-09-15,2025-09-15,1844.99,546561.91,Active
POL00286,CUST00176,Auto,2025-03-02,2026-03-02,2187.63,51196.88,Active
POL00287,CUST00176,Renters,2020-06-27,2021-06-27,359.90,31698.67,Active
POL00288,CUST00177,Health,2019-07-06,2022-07-06,3151.91,392609.11,Expired
POL00289,CUST00177,Home,2022-05-14,2023-05-14,1801.64,156936.76,Active
POL00290,CUST00178,Health,2019-04-04,2024-04-04,2373.05,177642.13,Active
POL00291,CUST00179,Health,2024-12-18,2025-12-18,5452.24,337679.81,Active
POL00292,CUST00179,Auto,2021-04-12,2022-04-12,816.43,59846.64,Active
POL00293,CUST00180,Home,2023-01-23,2024-01-23,1603.85,341066.45,Cancelled
POL00294,CUST00181,Life,2023-07-10,2026-07-10,1936.27,854210.12,Cancelled
POL00295,CUST00181,Home,2018-08-15,2023-08-15,1467.17,401084.68,Active
POL00296,CUST00182,Home,2021-12-28,2022-12-28,1821.78,425907.81,Expired
POL00297,CUST00182,Life,2020-12-16,2021-12-16,832.62,234365.73,Lapsed
POL00298,CUST00182,Renters,2024-03-03,2027-03-03,475.74,64511.39,Active
POL00299,CUST00183,Renters,2024-07-07,2025-07-07,597.91,73554.55,Active
POL00300,CUST00184,Renters,2025-05-14,2026-05-14,454.16,23066.29,Lapsed
POL00301,CUST00184,Health,2024-06-30,2027-06-28,3913.63,406534.35,Expired
POL00302,CUST00185,Auto,2021-04-20,2022-04-20,1797.28,41110.89,Active
POL00303,CUST00185,Home,2022-09-07,2023-09-07,1017.40,544375.20,Lapsed
POL00304,CUST00185,Renters,2023-11-01,2024-11-01,278.12,98343.82,Expired
POL00305,CUST00186,Health,2018-05-03,2023-05-03,4862.91,297776.28,Active
POL00306,CUST00186,Life,2025-01-25,2026-01-25,1535.95,778166.45,Active
POL00307,CUST00187,Auto,2020-12-29,2023-12-28,1374.64,41302.06,Active
POL00308,CUST00187,Life,2018-01-27,2023-01-27,2247.51,528704.36,Cancelled
POL00309,CUST00187,Renters,2021-10-03,2022-10-03,275.66,50782.32,Lapsed
POL00310,CUST00188,Renters,2022-12-21,2025-12-21,271.55,15236.38,Expired
POL00311,CUST00188,Home,2019-07-27,2022-07-27,1587.95,634810.96,Active
POL00312,CUST00188,Life,2018-07-15,2019-07-15,446.95,299659.12,Active
POL00313,CUST00189,Home,2021-07-10,2022-07-10,1011.00,201448.04,Active
POL00314,CUST00190,Renters,2019-11-01,2020-11-01,590.79,43838.30,Active
POL00315,CUST00191,Renters,2021-04-30,2022-04-28,295.36,18506.46,Active
POL00316,CUST00192,Home,2020-10-21,2021-10-21,1882.04,483704.01,Active
POL00317,CUST00192,Health,2023-07-07,2027-07-07,2453.27,423386.33,Lapsed
POL00318,CUST00192,Auto,2022-11-29,2023-11-28,1764.18,15749.27,Active
POL00319,CUST00193,Health,2023-07-12,2027-07-12,5650.11,273408.98,Active
POL00320,CUST00193,Auto,2019-08-24,2020-08-24,1057.16,19022.45,Lapsed
POL00321,CUST00194,Auto,2024-01-18,2027-01-18,2086.71,42565.08,Active
POL00322,CUST00194,Life,2023-02-14,2027-02-14,1475.37,794181.87,Active
POL00323,CUST00195,Life,2020-07-30,2025-07-28,1876.85,625317.75,Active
POL00324,CUST00195,Auto,2018-09-28,2019-09-28,910.42,55645.94,Cancelled
POL00325,CUST00195,Renters,2022-07-04,2025-07-04,161.80,15713.30,Active
POL00326,CUST00196,Health,2024-01-29,2025-01-28,3586.69,138269.11,Active
POL00327,CUST00196,Renters,2025-03-19,2027-03-19,431.34,90524.51,Active
POL00328,CUST00196,Home,2022-05-18,2025-05-18,1396.50,734848.39,Active
POL00329,CUST00197,Renters,2022-05-30,2025-05-28,282.37,61844.79,Active
POL00330,CUST00198,Home,2020-03-07,2025-03-07,2817.05,592344.17,Expired
POL00331,CUST00199,Life,2022-05-13,2023-05-13,2381.34,702115.60,Expired
POL00332,CUST00200,Health,2022-02-21,2023-02-21,5790.04,269495.77,Cancelled
POL00333,CUST00201,Home,2021-06-09,2026-06-09,2221.02,462791.27,Lapsed
POL00334,CUST00202,Life,2018-12-19,2019-12-19,1015.54,742485.85,Cancelled
POL00335,CUST00202,Auto,2023-05-04,2027-05-04,575.28,41038.54,Active
POL00336,CUST00203,Auto,2021-12-20,2022-12-20,1221.94,33644.39,Active
POL00337,CUST00203,Renters,2019-06-16,2020-06-16,223.26,48533.66,Active
POL00338,CUST00204,Renters,2023-09-06,2026-09-06,225.42,70238.33,Active
POL00339,CUST00205,Renters,2022-09-25,2023-09-25,230.00,83117.61,Active
POL00340,CUST00206,Home,2018-01-26,2019-01-26,2523.89,772999.86,Cancelled
POL00341,CUST00207,Life,2020-05-03,2021-05-03,1447.93,319714.01,Active
POL00342,CUST00207,Auto,2022-04-30,2027-04-28,1515.93,56832.66,Active
POL00343,CUST00208,Auto,2019-06-16,2020-06-16,1922.73,57485.16,Cancelled
POL00344,CUST00209,Home,2020-02-19,2021-02-19,2055.79,188339.92,Active
POL00345,CUST00210,Home,2024-03-14,2027-03-14,1878.03,265011.76,Active
POL00346,CUST00211,Renters,2019-07-10,2022-07-10,190.61,69191.01,Active
POL00347,CUST00211,Life,2019-02-23,2022-02-23,1880.24,254315.09,Active
POL00348,CUST00211,Home,2024-05-01,2027-05-01,2896.06,518468.50,Expired
POL00349,CUST00212,Life,2025-03-07,2026-03-07,820.20,598724.90,Active
POL00350,CUST00212,Auto,2021-06-15,2022-06-15,1152.18,20943.30,Active
POL00351,CUST00213,Health,2024-11-08,2025-11-08,5330.95,74946.89,Expired
POL00352,CUST00214,Renters,2023-08-01,2024-08-01,578.06,70769.86,Expired
POL00353,CUST00215,Life,2022-06-15,2023-06-15,2243.42,890584.15,Active
POL00354,CUST00216,Home,2022-03-05,2027-03-05,1168.31,663718.44,Expired
POL00355,CUST00217,Health,2025-03-28,2026-03-28,1725.51,377581.00,Cancelled
POL00356,CUST00218,Home,2025-03-18,2027-03-18,2824.47,279245.67,Active
POL00357,CUST00219,Auto,2023-04-10,2024-04-10,778.75,12420.82,Lapsed
POL00358,CUST00219,Health,2023-03-01,2026-03-01,4108.02,108276.12,Active
POL00359,CUST00220,Health,2021-11-05,2026-11-05,4190.28,201790.93,Lapsed
POL00360,CUST00220,Home,2023-02-09,2024-02-09,848.71,663394.05,Active
POL00361,CUST00221,Life,2019-07-06,2020-07-06,337.65,382476.56,Cancelled
POL00362,CUST00222,Auto,2025-06-24,2027-06-24,1473.16,14858.40,Active
POL00363,CUST00222,Home,2021-08-30,2026-08-28,1336.67,727266.49,Expired
POL00364,CUST00223,Life,2024-11-20,2025-11-20,911.45,131104.91,Active
POL00365,CUST00224,Life,2023-12-16,2024-12-16,2200.92,724815.14,Active
POL00366,CUST00225,Health,2024-04-30,2027-04-28,1511.44,241326.55,Active
POL00367,CUST00225,Renters,2023-05-19,2024-05-19,169.86,28649.75,Cancelled
POL00368,CUST00226,Health,2019-02-16,2022-02-16,1977.00,351587.51,Active
POL00369,CUST00226,Home,2018-05-05,2019-05-05,2290.33,310226.95,Active
POL00370,CUST00227,Life,2021-05-14,2022-05-14,1848.94,551716.21,Active
POL00371,CUST00227,Renters,2020-11-05,2023-11-05,451.97,92751.06,Active
POL00372,CUST00227,Home,2020-11-07,2023-11-07,1648.34,239844.31,Active
POL00373,CUST00228,Auto,2021-06-26,2022-06-26,1528.31,34282.68,Active
POL00374,CUST00229,Renters,2018-10-06,2023-10-06,151.36,13806.72,Active
POL00375,CUST00230,Renters,2025-04-02,2027-04-02,595.36,71664.01,Cancelled
POL00376,CUST00230,Life,2022-04-15,2027-04-15,1203.95,96648.96,Active
POL00377,CUST00231,Life,2022-11-25,2023-11-25,1433.85,630018.86,Cancelled
POL00378,CUST00232,Health,2025-05-28,2026-05-28,5135.11,121261.31,Active
POL00379,CUST00233,Life,2024-02-14,2025-02-14,1952.04,476151.25,Expired
POL00380,CUST00233,Auto,2018-04-02,2023-04-02,1306.57,51017.43,Active
POL00381,CUST00234,Auto,2023-01-23,2024-01-23,1339.50,28689.96,Active
POL00382,CUST00235,Life,2023-04-23,2024-04-23,715.61,684584.56,Active
POL00383,CUST00236,Life,2024-09-23,2027-09-23,1319.39,503278.93,Active
POL00384,CUST00236,Home,2020-07-28,2021-07-28,2497.13,734731.54,Cancelled
POL00385,CUST00237,Renters,2021-09-27,2024-09-27,512.17,64427.21,Active
POL00386,CUST00237,Home,2025-03-05,2026-03-05,1503.16,322669.05,Active
POL00387,CUST00238,Health,2019-08-07,2020-08-07,5162.50,308241.66,Active
POL00388,CUST00239,Renters,2024-11-20,2025-11-20,595.77,66091.52,Active
POL00389,CUST00239,Home,2021-05-13,2022-05-13,2591.27,641069.19,Cancelled
POL00390,CUST00240,Auto,2020-05-23,2023-05-23,1695.49,22725.63,Active
POL00391,CUST00240,Home,2019-11-10,2020-11-10,1268.20,356624.39,Active
POL00392,CUST00241,Health,2023-04-10,2026-04-10,3675.78,68823.91,Expired
POL00393,CUST00241,Auto,2018-01-12,2021-01-12,1231.11,35848.58,Expired
POL00394,CUST00242,Life,2024-11-30,2027-11-28,1837.54,531387.02,Cancelled
POL00395,CUST00242,Health,2021-09-02,2022-09-02,1436.64,430168.32,Expired
POL00396,CUST00243,Health,2018-07-02,2019-07-02,4695.35,227698.59,Active
POL00397,CUST00244,Home,2024-06-30,2025-06-28,2038.79,522059.90,Active
POL00398,CUST00244,Auto,2018-07-12,2019-07-12,2056.92,53078.21,Active
POL00399,CUST00244,Life,2019-10-25,2020-10-25,992.44,77724.99,Lapsed
POL00400,CUST00245,Home,2019-06-20,2020-06-20,1486.87,269811.48,Active
POL00401,CUST00245,Auto,2021-09-30,2026-09-28,1494.83,18013.21,Lapsed
POL00402,CUST00245,Renters,2022-10-20,2025-10-20,425.97,18992.32,Active
POL00403,CUST00246,Renters,2023-10-19,2026-10-19,198.76,60294.64,Active
POL00404,CUST00246,Life,2018-11-21,2019-11-21,1088.40,178164.52,Cancelled
POL00405,CUST00246,Health,2025-02-28,2027-02-28,1456.66,152589.18,Active
POL00406,CUST00247,Renters,2018-07-16,2021-07-16,269.13,77606.07,Active
POL00407,CUST00248,Life,2018-05-09,2021-05-09,927.46,122868.60,Expired
POL00408,CUST00248,Renters,2023-01-07,2024-01-07,456.98,79619.83,Lapsed
POL00409,CUST00248,Auto,2020-09-21,2021-09-21,1561.12,51630.20,Active
POL00410,CUST00249,Renters,2018-09-06,2019-09-06,298.03,30659.00,Lapsed
POL00411,CUST00250,Home,2024-12-31,2025-12-28,1150.84,562339.98,Active
POL00412,CUST00250,Life,2023-09-01,2024-09-01,1234.97,391491.24,Active
POL00413,CUST00251,Life,2023-05-01,2027-05-01,2025.41,739725.62,Active
POL00414,CUST00251,Auto,2024-01-08,2027-01-08,2128.62,41104.95,Cancelled
POL00415,CUST00252,Renters,2021-06-07,2022-06-07,527.89,87566.31,Expired
POL00416,CUST00252,Auto,2024-01-23,2027-01-23,1678.85,21319.21,Active
POL00417,CUST00253,Renters,2023-08-10,2024-08-10,592.53,93171.07,Active
POL00418,CUST00254,Auto,2018-03-03,2019-03-03,814.03,31698.53,Lapsed
POL00419,CUST00255,Health,2019-05-14,2020-05-14,3041.84,180213.35,Active
POL00420,CUST00255,Renters,2018-12-15,2023-12-15,487.98,87971.91,Active
POL00421,CUST00256,Auto,2018-01-15,2019-01-15,1720.00,10175.42,Active
POL00422,CUST00256,Renters,2018-11-02,2019-11-02,450.80,92452.59,Active
POL00423,CUST00257,Auto,2020-07-09,2021-07-09,402.85,55815.39,Active
POL00424,CUST00258,Home,2022-09-16,2027-09-16,1929.51,402469.28,Active
POL00425,CUST00258,Health,2024-03-25,2027-03-25,5976.03,216948.09,Active
POL00426,CUST00259,Auto,2024-05-21,2027-05-21,2014.23,16635.05,Active
POL00427,CUST00260,Home,2018-03-02,2019-03-02,1927.91,240480.14,Active
POL00428,CUST00260,Health,2019-04-28,2022-04-28,4790.18,293814.80,Active
POL00429,CUST00261,Auto,2024-10-28,2027-10-28,1125.06,33876.40,Expired
POL00430,CUST00262,Life,2019-03-08,2024-03-08,1369.43,852675.75,Active
POL00431,CUST00262,Renters,2018-01-01,2023-01-01,566.40,29014.49,Active
POL00432,CUST00262,Auto,2023-04-10,2024-04-10,1305.58,23999.93,Active
POL00433,CUST00263,Life,2023-01-28,2024-01-28,459.47,55934.65,Expired
POL00434,CUST00264,Auto,2019-04-21,2024-04-21,1069.24,59052.74,Active
POL00435,CUST00264,Renters,2022-01-25,2023-01-25,211.27,71243.69,Active
POL00436,CUST00265,Auto,2023-08-28,2027-08-28,1813.37,17042.46,Cancelled
POL00437,CUST00266,Home,2024-09-03,2025-09-03,1733.32,618617.73,Active
POL00438,CUST00267,Home,2018-05-26,2019-05-26,968.95,194668.48,Lapsed
POL00439,CUST00267,Auto,2022-01-14,2025-01-14,860.86,31033.84,Lapsed
POL00440,CUST00268,Renters,2024-02-23,2025-02-23,376.52,92902.36,Lapsed
POL00441,CUST00269,Life,2019-07-19,2024-07-19,1280.14,638880.90,Active
POL00442,CUST00269,Health,2020-04-23,2025-04-23,3796.04,364926.73,Lapsed
POL00443,CUST00270,Home,2018-12-08,2019-12-08,1818.02,673536.85,Lapsed
POL00444,CUST00270,Auto,2019-12-27,2020-12-27,1540.92,55995.86,Cancelled
POL00445,CUST00271,Home,2021-07-09,2026-07-09,2908.75,183003.04,Expired
POL00446,CUST00271,Health,2021-11-22,2026-11-22,1353.55,366883.01,Active
POL00447,CUST00272,Life,2025-03-22,2026-03-22,2124.31,255420.21,Active
POL00448,CUST00272,Renters,2024-06-29,2025-06-28,342.78,58848.50,Active
POL00449,CUST00273,Home,2024-11-30,2025-11-28,1462.02,245230.15,Expired
POL00450,CUST00273,Life,2024-05-21,2027-05-21,1556.62,417514.52,Lapsed
POL00451,CUST00273,Health,2020-09-16,2023-09-16,5470.86,364500.17,Cancelled
POL00452,CUST00274,Health,2023-07-04,2026-07-04,2774.84,145632.46,Active
POL00453,CUST00275,Home,2023-02-25,2027-02-25,1997.07,292242.84,Active
POL00454,CUST00275,Life,2018-05-11,2023-05-11,1227.86,563963.17,Active
POL00455,CUST00275,Auto,2019-09-13,2020-09-13,559.10,24079.49,Lapsed
POL00456,CUST00276,Renters,2024-05-05,2025-05-05,225.37,89407.48,Lapsed
POL00457,CUST00276,Health,2019-08-03,2022-08-03,3417.33,250212.95,Active
POL00458,CUST00276,Home,2019-10-26,2020-10-26,1921.75,666920.10,Expired
POL00459,CUST00277,Renters,2018-01-18,2019-01-18,245.15,38165.26,Lapsed
POL00460,CUST00277,Health,2023-04-11,2024-04-11,1413.39,290740.10,Active
POL00461,CUST00278,Renters,2022-03-18,2027-03-18,511.67,18637.70,Active
POL00462,CUST00279,Health,2019-10-28,2020-10-28,3775.94,119969.18,Active
POL00463,CUST00280,Life,2025-05-06,2026-05-06,2192.56,598410.61,Lapsed
POL00464,CUST00281,Auto,2018-05-28,2019-05-28,2161.62,16529.23,Active
POL00465,CUST00281,Home,2022-03-08,2023-03-08,2464.43,314752.68,Active
POL00466,CUST00282,Home,2023-02-15,2026-02-15,2767.42,164896.54,Cancelled
POL00467,CUST00282,Health,2018-10-31,2021-10-28,5735.47,63127.23,Expired
POL00468,CUST00283,Life,2024-12-14,2027-12-14,478.55,103083.23,Expired
POL00469,CUST00283,Auto,2022-09-07,2025-09-07,1228.91,56493.08,Active
POL00470,CUST00284,Life,2021-05-15,2022-05-15,2455.33,445990.65,Active
POL00471,CUST00285,Home,2019-11-23,2022-11-23,2716.95,417108.18,Lapsed
POL00472,CUST00286,Life,2019-02-20,2024-02-20,2400.91,636814.29,Active
POL00473,CUST00286,Home,2020-09-10,2021-09-10,2306.92,513808.65,Expired
POL00474,CUST00287,Health,2020-02-04,2021-02-04,2378.51,84896.75,Active
POL00475,CUST00288,Health,2018-04-25,2019-04-25,4936.14,408229.72,Lapsed
POL00476,CUST00288,Renters,2021-01-03,2022-01-03,362.48,55251.08,Expired
POL00477,CUST00289,Home,2021-02-22,2022-02-22,1423.82,751440.47,Active
POL00478,CUST00290,Health,2024-09-06,2025-09-06,3105.96,253940.15,Active
POL00479,CUST00291,Renters,2019-05-02,2020-05-02,450.46,24167.19,Active
POL00480,CUST00292,Life,2021-06-19,2022-06-19,1546.46,696636.14,Lapsed
POL00481,CUST00293,Renters,2021-12-30,2022-12-28,191.57,97251.49,Active
POL00482,CUST00294,Health,2020-12-29,2023-12-28,1985.28,408484.69,Cancelled
POL00483,CUST00294,Renters,2020-06-30,2023-06-28,333.03,84467.34,Expired
POL00484,CUST00294,Home,2025-01-21,2026-01-21,2552.81,571900.15,Active
POL00485,CUST00295,Home,2021-06-20,2022-06-20,2190.16,778978.71,Lapsed
POL00486,CUST00295,Renters,2023-12-08,2024-12-08,320.14,91583.58,Active
POL00487,CUST00295,Auto,2025-03-26,2026-03-26,1436.10,28676.45,Expired
POL00488,CUST00296,Home,2025-03-06,2027-03-06,2078.28,704361.66,Active
POL00489,CUST00297,Home,2020-07-17,2023-07-17,1817.46,784480.06,Lapsed
POL00490,CUST00298,Renters,2019-10-11,2020-10-11,194.90,96647.13,Lapsed
POL00491,CUST00299,Home,2023-07-13,2026-07-13,2428.91,437700.54,Expired
POL00492,CUST00299,Auto,2019-09-18,2020-09-18,2114.11,24601.85,Active
POL00493,CUST00300,Home,2021-12-19,2024-12-19,1039.30,182050.81,Lapsed
POL00494,CUST00300,Renters,2020-09-29,2021-09-28,506.84,30620.37,Active
POL00495,CUST00301,Auto,2025-04-29,2027-04-28,983.13,30064.63,Cancelled
POL00496,CUST00302,Life,2022-05-01,2023-05-01,1347.52,644898.76,Expired
POL00497,CUST00303,Auto,2024-05-08,2025-05-08,993.91,28798.76,Cancelled
POL00498,CUST00304,Auto,2019-07-16,2020-07-16,856.52,42601.45,Expired
POL00499,CUST00305,Health,2023-03-11,2027-03-11,5783.48,154095.89,Expired
POL00500,CUST00305,Renters,2020-01-30,2021-01-28,302.60,47832.09,Active
POL00501,CUST00306,Home,2020-04-11,2021-04-11,2111.92,621302.79,Active
POL00502,CUST00306,Life,2019-10-12,2020-10-12,351.74,658079.68,Active
POL00503,CUST00307,Home,2022-09-20,2027-09-20,1334.81,441086.95,Active
POL00504,CUST00308,Life,2022-10-14,2023-10-14,350.72,609420.15,Active
POL00505,CUST00309,Health,2022-12-13,2023-12-13,1859.30,317104.00,Active
POL00506,CUST00310,Home,2023-12-07,2024-12-07,2218.61,338487.58,Lapsed
POL00507,CUST00311,Life,2022-08-23,2025-08-23,1958.18,723584.85,Active
POL00508,CUST00311,Renters,2019-05-12,2022-05-12,525.20,61742.79,Active
POL00509,CUST00312,Auto,2023-11-24,2027-11-24,708.41,46147.50,Active
POL00510,CUST00313,Renters,2020-10-17,2021-10-17,208.09,39414.11,Cancelled
POL00511,CUST00313,Life,2023-10-26,2024-10-26,2025.61,169377.89,Active
POL00512,CUST00313,Auto,2022-11-08,2023-11-08,1086.70,11369.29,Active
POL00513,CUST00314,Life,2023-12-06,2027-12-06,1042.24,972309.73,Active
POL00514,CUST00314,Health,2018-10-09,2019-10-09,4539.66,297828.53,Active
POL00515,CUST00314,Home,2020-01-22,2021-01-22,978.17,447387.54,Active
POL00516,CUST00315,Health,2024-07-01,2027-07-01,3101.98,494859.46,Lapsed
POL00517,CUST00316,Renters,2024-07-14,2025-07-14,369.28,37188.83,Cancelled
POL00518,CUST00316,Life,2018-08-28,2019-08-28,2136.37,316314.38,Lapsed
POL00519,CUST00316,Home,2019-10-16,2020-10-16,1848.75,364622.89,Active
POL00520,CUST00317,Home,2020-11-04,2023-11-04,762.53,756329.54,Active
POL00521,CUST00318,Life,2018-08-21,2019-08-21,423.31,781103.35,Active
POL00522,CUST00318,Home,2021-01-14,2022-01-14,1896.44,668156.13,Active
POL00523,CUST00319,Home,2021-04-13,2022-04-13,740.38,724013.59,Expired
POL00524,CUST00320,Health,2020-12-02,2023-12-02,5338.87,291570.32,Active
POL00525,CUST00320,Life,2025-08-07,2027-08-07,2218.86,605686.62,Lapsed
POL00526,CUST00321,Life,2023-09-09,2024-09-09,1679.84,173491.19,Active
POL00527,CUST00322,Auto,2021-11-20,2026-11-20,1148.67,54940.38,Active
POL00528,CUST00322,Home,2025-01-21,2026-01-21,1446.05,538815.45,Active
POL00529,CUST00322,Life,2019-12-20,2020-12-20,1946.56,864297.26,Active
POL00530,CUST00323,Life,2020-02-27,2021-02-27,1487.07,909601.39,Active
POL00531,CUST00323,Health,2023-09-15,2027-09-15,1299.89,278369.08,Active
POL00532,CUST00324,Home,2020-11-20,2025-11-20,1035.98,631702.59,Active
POL00533,CUST00324,Health,2021-07-30,2022-07-28,3208.13,110219.55,Active
POL00534,CUST00324,Renters,2019-10-08,2020-10-08,568.02,69835.65,Active
POL00535,CUST00325,Home,2023-03-13,2024-03-13,1013.67,430451.89,Active
POL00536,CUST00326,Life,2020-03-07,2021-03-07,1484.28,263227.06,Active
POL00537,CUST00326,Auto,2019-12-26,2020-12-26,569.85,43137.31,Active
POL00538,CUST00327,Health,2018-02-04,2019-02-04,3870.11,426569.08,Lapsed
POL00539,CUST00327,Life,2019-12-29,2024-12-28,1395.22,787141.46,Active
POL00540,CUST00328,Life,2022-11-19,2023-11-19,545.94,233642.54,Active
POL00541,CUST00328,Auto,2019-10-31,2024-10-28,855.28,35553.99,Active
POL00542,CUST00328,Renters,2024-11-24,2027-11-24,425.83,27924.62,Lapsed
POL00543,CUST00329,Home,2022-11-05,2025-11-05,2370.00,277860.51,Active
POL00544,CUST00330,Life,2025-01-31,2026-01-28,837.40,575493.19,Cancelled
POL00545,CUST00331,Renters,2024-11-09,2025-11-09,355.82,99364.91,Active
POL00546,CUST00332,Renters,2020-04-14,2021-04-14,435.75,79116.73,Active
POL00547,CUST00332,Health,2023-02-07,2024-02-07,1721.57,140506.29,Active
POL00548,CUST00332,Life,2019-02-11,2024-02-11,792.37,551937.23,Lapsed
POL00549,CUST00333,Health,2023-07-13,2026-07-13,4672.09,285191.00,Cancelled
POL00550,CUST00333,Renters,2020-10-10,2021-10-10,357.29,86790.59,Active
POL00551,CUST00334,Life,2025-05-30,2027-05-28,2479.49,955673.98,Active
POL00552,CUST00334,Renters,2021-12-20,2026-12-20,378.25,34554.58,Active
POL00553,CUST00335,Health,2019-07-14,2024-07-14,3480.86,78318.11,Active
POL00554,CUST00335,Life,2023-06-08,2024-06-08,1609.64,636916.59,Active
POL00555,CUST00336,Renters,2019-04-06,2022-04-06,304.51,44273.86,Lapsed
POL00556,CUST00336,Life,2023-12-27,2024-12-27,2043.14,360333.67,Expired
POL00557,CUST00337,Home,2023-02-22,2024-02-22,1295.71,497516.84,Active
POL00558,CUST00338,Renters,2018-06-18,2019-06-18,417.75,41286.97,Expired
POL00559,CUST00338,Home,2020-08-26,2021-08-26,2904.32,591777.08,Active
POL00560,CUST00338,Life,2024-09-09,2025-09-09,2430.13,232002.80,Cancelled
POL00561,CUST00339,Health,2018-08-01,2023-08-01,4337.41,64053.50,Active
POL00562,CUST00339,Renters,2022-03-06,2023-03-06,263.43,40864.97,Active
POL00563,CUST00339,Life,2022-06-30,2023-06-28,1131.23,617488.70,Expired
POL00564,CUST00340,Home,2019-05-27,2024-05-27,1166.19,318102.87,Active
POL00565,CUST00340,Renters,2021-08-26,2022-08-26,520.84,97250.42,Active
POL00566,CUST00341,Home,2019-11-12,2024-11-12,2378.45,194193.15,Active
POL00567,CUST00341,Auto,2025-02-07,2027-02-07,1290.38,40874.28,Active
POL00568,CUST00342,Home,2019-07-28,2020-07-28,877.57,185580.43,Active
POL00569,CUST00342,Life,2024-09-20,2025-09-20,892.34,332684.95,Cancelled
POL00570,CUST00343,Health,2019-05-03,2020-05-03,3405.42,154115.60,Active
POL00571,CUST00344,Renters,2020-06-10,2023-06-10,439.94,52699.08,Active
POL00572,CUST00345,Renters,2018-10-07,2019-10-07,522.24,50065.33,Active
POL00573,CUST00346,Home,2021-09-03,2022-09-03,2533.86,426156.26,Active
POL00574,CUST00347,Health,2019-10-28,2024-10-28,2689.88,449896.46,Active
POL00575,CUST00347,Renters,2021-10-30,2022-10-28,200.47,57816.25,Active
POL00576,CUST00348,Life,2018-12-15,2023-12-15,939.12,538869.79,Expired
POL00577,CUST00348,Home,2025-07-07,2027-07-07,1998.81,728391.41,Active
POL00578,CUST00348,Auto,2023-10-25,2024-10-25,1916.66,46556.40,Cancelled
POL00579,CUST00349,Renters,2020-02-08,2025-02-08,297.67,82979.67,Lapsed
POL00580,CUST00350,Home,2023-07-27,2024-07-27,1538.92,286448.03,Active
POL00581,CUST00350,Health,2018-12-02,2023-12-02,3786.10,60198.76,Lapsed
POL00582,CUST00351,Renters,2022-12-29,2025-12-28,566.08,84615.30,Active
POL00583,CUST00351,Home,2023-08-29,2027-08-28,2410.91,276853.27,Active
POL00584,CUST00351,Auto,2020-09-14,2025-09-14,543.68,33715.53,Active
POL00585,CUST00352,Renters,2024-01-01,2025-01-01,545.69,40892.59,Lapsed
POL00586,CUST00352,Life,2023-12-15,2026-12-15,607.69,430896.07,Lapsed
POL00587,CUST00353,Auto,2025-01-10,2026-01-10,1380.19,28335.90,Cancelled
POL00588,CUST00354,Home,2024-05-15,2025-05-15,2495.65,548738.81,Active
POL00589,CUST00354,Health,2020-01-15,2023-01-15,5984.49,129690.13,Cancelled
POL00590,CUST00355,Health,2018-11-10,2019-11-10,5802.72,335666.07,Cancelled
POL00591,CUST00356,Life,2019-05-25,2020-05-25,302.69,248104.09,Cancelled
POL00592,CUST00357,Life,2025-08-02,2026-08-02,1573.83,596376.07,Active
POL00593,CUST00358,Renters,2024-05-22,2025-05-22,379.12,87011.08,Active
POL00594,CUST00358,Auto,2021-09-08,2026-09-08,1747.51,19827.30,Active
POL00595,CUST00359,Health,2021-01-14,2022-01-14,4848.03,343354.81,Active
POL00596,CUST00360,Home,2021-03-09,2024-03-09,2590.56,223266.10,Cancelled
POL00597,CUST00360,Health,2018-04-05,2019-04-05,4980.12,438060.40,Active
POL00598,CUST00361,Life,2023-01-19,2026-01-19,914.90,718946.77,Active
POL00599,CUST00362,Home,2024-12-20,2027-12-20,1342.96,768876.71,Active
POL00600,CUST00362,Auto,2022-05-16,2023-05-16,1957.99,34800.45,Cancelled
POL00601,CUST00362,Health,2025-03-29,2026-03-28,4184.91,221667.12,Active
POL00602,CUST00363,Health,2018-08-18,2019-08-18,5003.63,212175.94,Active
POL00603,CUST00363,Home,2018-05-08,2019-05-08,1741.91,770954.72,Active
POL00604,CUST00364,Home,2018-05-22,2021-05-22,824.46,457199.10,Active
POL00605,CUST00365,Life,2021-02-18,2024-02-18,544.11,55974.23,Active
POL00606,CUST00365,Renters,2019-08-16,2020-08-16,232.65,29320.64,Active
POL00607,CUST00366,Home,2024-07-17,2025-07-17,2575.90,285358.68,Active
POL00608,CUST00366,Auto,2019-06-19,2022-06-19,1136.16,58525.57,Active
POL00609,CUST00367,Health,2018-06-01,2019-06-01,5784.40,293221.67,Lapsed
POL00610,CUST00368,Renters,2024-01-04,2027-01-04,381.16,10870.45,Active
POL00611,CUST00369,Life,2018-04-07,2023-04-07,1746.17,326997.12,Active
POL00612,CUST00370,Health,2024-05-28,2027-05-28,2167.68,196715.91,Active
POL00613,CUST00371,Life,2018-06-10,2023-06-10,2424.02,59241.93,Lapsed
POL00614,CUST00371,Health,2023-07-07,2024-07-07,5417.52,219606.51,Lapsed
POL00615,CUST00372,Health,2019-04-01,2024-04-01,4935.10,60414.19,Cancelled
POL00616,CUST00372,Home,2022-04-24,2027-04-24,2106.66,632406.96,Lapsed
POL00617,CUST00372,Life,2024-12-05,2025-12-05,1912.72,873270.74,Active
POL00618,CUST00373,Auto,2018-04-05,2023-04-05,1868.68,15937.03,Active
POL00619,CUST00374,Life,2024-10-10,2027-10-10,1025.40,67262.56,Lapsed
POL00620,CUST00374,Auto,2018-10-08,2019-10-08,766.22,28753.09,Active
POL00621,CUST00374,Renters,2022-07-15,2025-07-15,270.15,91922.49,Lapsed
POL00622,CUST00375,Home,2025-04-27,2026-04-27,2031.51,241479.97,Active
POL00623,CUST00376,Home,2023-03-31,2024-03-28,1460.43,373886.53,Active
POL00624,CUST00377,Renters,2021-09-21,2022-09-21,503.84,90302.88,Active
POL00625,CUST00377,Home,2018-05-10,2019-05-10,1014.94,515012.44,Lapsed
POL00626,CUST00377,Life,2019-12-21,2020-12-21,1917.02,672120.76,Active
POL00627,CUST00378,Health,2022-11-18,2023-11-18,5584.54,187457.68,Active
POL00628,CUST00379,Home,2025-02-09,2026-02-09,2919.34,617466.02,Active
POL00629,CUST00380,Life,2021-12-03,2026-12-03,2498.18,695419.49,Active
POL00630,CUST00380,Home,2023-01-30,2024-01-28,2633.53,410123.09,Expired
POL00631,CUST00381,Health,2024-02-14,2027-02-14,2608.57,143462.07,Active
POL00632,CUST00381,Renters,2019-03-22,2024-03-22,206.50,75345.24,Cancelled
POL00633,CUST00382,Renters,2019-03-29,2020-03-28,482.21,97290.69,Lapsed
POL00634,CUST00382,Home,2021-02-06,2022-02-06,811.06,505356.29,Cancelled
POL00635,CUST00383,Life,2020-07-12,2021-07-12,1400.97,313366.07,Expired
POL00636,CUST00384,Auto,2021-11-23,2022-11-23,1869.81,25550.10,Cancelled
POL00637,CUST00385,Health,2018-07-28,2019-07-28,5154.22,277356.38,Active
POL00638,CUST00386,Home,2019-03-07,2024-03-07,2587.37,329414.61,Active
POL00639,CUST00387,Auto,2023-07-27,2024-07-27,1461.45,15248.11,Expired
POL00640,CUST00388,Renters,2023-09-10,2024-09-10,519.66,28542.97,Active
POL00641,CUST00388,Auto,2020-07-04,2021-07-04,1354.20,43799.79,Active
POL00642,CUST00389,Home,2019-04-04,2022-04-04,665.98,250508.67,Active
POL00643,CUST00389,Health,2022-04-23,2023-04-23,3528.79,97719.07,Active
POL00644,CUST00390,Auto,2025-07-22,2027-07-22,1059.41,42566.59,Cancelled
POL00645,CUST00391,Home,2024-07-24,2025-07-24,1522.68,408967.01,Lapsed
POL00646,CUST00391,Auto,2018-09-29,2021-09-28,1515.54,44849.07,Active
POL00647,CUST00391,Renters,2022-07-24,2023-07-24,247.91,79015.94,Cancelled
POL00648,CUST00392,Home,2019-04-06,2024-04-06,1133.12,165330.31,Cancelled
POL00649,CUST00393,Auto,2021-07-19,2022-07-19,484.33,48182.53,Lapsed
POL00650,CUST00394,Renters,2021-09-13,2022-09-13,203.32,23992.13,Active
POL00651,CUST00395,Health,2021-08-03,2024-08-03,5589.09,271705.68,Active
POL00652,CUST00395,Auto,2024-08-22,2025-08-22,1777.14,52704.10,Active
POL00653,CUST00396,Home,2021-04-25,2022-04-25,2371.55,241875.18,Active
POL00654,CUST00397,Health,2022-01-21,2025-01-21,5975.56,269004.19,Active
POL00655,CUST00397,Auto,2018-03-07,2019-03-07,1999.60,45283.89,Active
POL00656,CUST00398,Renters,2019-08-28,2022-08-28,337.48,28618.70,Active
POL00657,CUST00398,Health,2018-10-04,2019-10-04,5620.06,451902.42,Active
POL00658,CUST00399,Auto,2022-07-23,2023-07-23,1835.20,21687.80,Active
POL00659,CUST00400,Renters,2023-04-27,2024-04-27,534.19,69061.39,Active
POL00660,CUST00400,Home,2023-01-19,2024-01-19,1800.46,433617.22,Cancelled
POL00661,CUST00401,Home,2023-05-08,2024-05-08,2398.99,264036.78,Active
POL00662,CUST00401,Renters,2023-03-19,2024-03-19,197.97,43475.40,Active
POL00663,CUST00402,Health,2018-05-13,2019-05-13,3977.21,131082.28,Expired
POL00664,CUST00402,Home,2024-05-18,2027-05-18,2992.52,200330.91,Active
POL00665,CUST00403,Auto,2022-06-27,2023-06-27,1202.17,24560.26,Expired
POL00666,CUST00403,Home,2022-03-24,2027-03-24,871.52,786277.15,Active
POL00667,CUST00403,Renters,2022-06-17,2023-06-17,517.93,30237.97,Active
POL00668,CUST00404,Health,2020-01-09,2025-01-09,5146.78,417696.88,Cancelled
POL00669,CUST00405,Health,2025-03-30,2026-03-28,4293.70,331970.82,Active
POL00670,CUST00405,Renters,2018-01-03,2023-01-03,372.82,59107.63,Lapsed
POL00671,CUST00406,Renters,2018-07-10,2019-07-10,284.68,92248.28,Active
POL00672,CUST00406,Home,2019-12-12,2020-12-12,1061.83,176479.05,Active
POL00673,CUST00406,Life,2018-09-01,2019-09-01,2476.48,862550.39,Cancelled
POL00674,CUST00407,Home,2024-12-30,2025-12-28,1189.45,534862.07,Active
POL00675,CUST00408,Home,2019-06-02,2020-06-02,817.12,405334.17,Expired
POL00676,CUST00408,Auto,2019-04-28,2020-04-28,836.91,28584.76,Cancelled
POL00677,CUST00409,Renters,2023-01-10,2024-01-10,350.85,21529.80,Active
POL00678,CUST00409,Home,2021-01-27,2024-01-27,2202.67,738709.06,Active
POL00679,CUST00410,Auto,2024-05-28,2027-05-28,685.01,23524.11,Cancelled
POL00680,CUST00410,Renters,2021-12-23,2022-12-23,411.85,49745.49,Expired
POL00681,CUST00411,Home,2020-12-04,2023-12-04,904.44,476116.94,Lapsed
POL00682,CUST00412,Renters,2024-08-16,2025-08-16,371.69,28807.26,Active
POL00683,CUST00412,Auto,2019-11-28,2024-11-28,1461.22,12857.99,Active
POL00684,CUST00413,Life,2023-11-30,2027-11-28,677.95,434304.25,Active
POL00685,CUST00413,Renters,2023-05-30,2024-05-28,538.02,45261.11,Active
POL00686,CUST00413,Health,2019-12-09,2020-12-09,2080.08,447315.34,Active
POL00687,CUST00414,Renters,2020-10-28,2021-10-28,260.56,80925.49,Active
POL00688,CUST00415,Health,2022-12-22,2023-12-22,5189.01,137392.39,Cancelled
POL00689,CUST00415,Home,2025-04-04,2026-04-04,1155.84,390978.10,Active
POL00690,CUST00416,Auto,2024-08-21,2025-08-21,1088.18,17178.31,Expired
POL00691,CUST00417,Auto,2022-11-21,2023-11-21,1103.66,38622.15,Cancelled
POL00692,CUST00417,Health,2025-05-23,2026-05-23,5363.26,327748.17,Active
POL00693,CUST00418,Home,2020-03-30,2021-03-28,1262.45,451549.31,Expired
POL00694,CUST00419,Auto,2020-05-03,2021-05-03,1487.93,50442.60,Active
POL00695,CUST00419,Health,2018-12-21,2021-12-21,4547.20,169973.92,Lapsed
POL00696,CUST00419,Life,2019-11-21,2020-11-21,1037.53,772812.72,Active
POL00697,CUST00420,Home,2019-07-15,2022-07-15,699.51,323043.27,Active
POL00698,CUST00420,Health,2023-08-14,2024-08-14,2486.00,321532.65,Active
POL00699,CUST00421,Health,2020-12-08,2023-12-08,3170.71,167865.81,Active
POL00700,CUST00421,Auto,2022-03-17,2023-03-17,1376.02,22820.36,Active
POL00701,CUST00422,Auto,2025-05-23,2026-05-23,1988.08,11677.90,Cancelled
POL00702,CUST00422,Life,2018-02-15,2023-02-15,1299.73,395173.88,Active
POL00703,CUST00423,Home,2022-12-25,2023-12-25,2021.14,287143.72,Expired
POL00704,CUST00424,Home,2020-01-22,2023-01-22,2658.29,651213.28,Active
POL00705,CUST00424,Renters,2021-09-11,2026-09-11,336.62,88161.22,Active
POL00706,CUST00425,Health,2018-04-09,2019-04-09,5250.44,254935.07,Cancelled
POL00707,CUST00426,Auto,2024-02-11,2027-02-11,1629.03,48126.83,Cancelled
POL00708,CUST00427,Renters,2024-07-09,2025-07-09,404.99,73218.51,Expired
POL00709,CUST00428,Home,2019-01-06,2022-01-06,2812.93,413396.34,Active
POL00710,CUST00428,Health,2025-06-16,2026-06-16,5796.68,177024.64,Active
POL00711,CUST00429,Auto,2022-04-08,2027-04-08,723.34,22923.18,Expired
POL00712,CUST00430,Life,2018-08-11,2019-08-11,2108.46,867030.77,Expired
POL00713,CUST00430,Home,2021-01-15,2022-01-15,1424.98,183673.28,Active
POL00714,CUST00431,Home,2021-09-07,2022-09-07,1677.04,417973.09,Active
POL00715,CUST00431,Auto,2025-01-20,2027-01-20,456.60,30105.56,Cancelled
POL00716,CUST00432,Life,2023-11-27,2024-11-27,2171.45,953839.00,Active
POL00717,CUST00433,Health,2024-01-21,2025-01-21,4079.24,226360.91,Active
POL00718,CUST00434,Auto,2020-09-10,2025-09-10,616.08,19730.92,Active
POL00719,CUST00435,Home,2021-09-30,2026-09-28,2700.11,676829.19,Cancelled
POL00720,CUST00435,Life,2020-05-30,2023-05-28,2365.33,573753.72,Cancelled
POL00721,CUST00436,Auto,2022-03-24,2025-03-24,401.38,48242.76,Active
POL00722,CUST00436,Home,2023-08-16,2024-08-16,2556.37,307996.52,Cancelled
POL00723,CUST00436,Life,2024-02-18,2025-02-18,1553.90,430062.46,Active
POL00724,CUST00437,Health,2022-07-10,2025-07-10,2561.78,485505.78,Lapsed
POL00725,CUST00438,Auto,2020-11-16,2021-11-16,1488.70,10553.98,Active
POL00726,CUST00439,Life,2022-03-25,2027-03-25,2385.56,953781.77,Lapsed
POL00727,CUST00440,Health,2023-07-23,2026-07-23,1259.32,440120.10,Active
POL00728,CUST00440,Renters,2020-10-08,2021-10-08,419.77,15984.87,Active
POL00729,CUST00441,Health,2019-08-25,2024-08-25,2663.81,471102.64,Active
POL00730,CUST00441,Renters,2018-03-10,2019-03-10,529.63,39450.25,Lapsed
POL00731,CUST00442,Home,2021-04-30,2022-04-28,2927.09,300882.88,Active
POL00732,CUST00443,Renters,2024-04-07,2027-04-07,499.55,43301.94,Active
POL00733,CUST00443,Life,2018-01-18,2019-01-18,1681.48,459082.76,Lapsed
POL00734,CUST00444,Life,2021-06-22,2022-06-22,866.78,508053.78,Active
POL00735,CUST00444,Auto,2018-08-01,2021-08-01,1282.35,13105.49,Active
POL00736,CUST00445,Renters,2024-08-16,2025-08-16,479.29,35795.00,Active
POL00737,CUST00445,Auto,2021-01-14,2024-01-14,1176.25,21274.63,Active
POL00738,CUST00446,Renters,2018-10-20,2021-10-20,588.74,58439.16,Active
POL00739,CUST00447,Health,2020-02-28,2021-02-28,2899.29,413492.23,Cancelled
POL00740,CUST00448,Renters,2022-05-27,2023-05-27,371.35,84598.71,Active
POL00741,CUST00449,Life,2019-04-26,2024-04-26,1974.51,814058.31,Active
POL00742,CUST00450,Auto,2023-10-06,2024-10-06,2047.61,44668.66,Active
POL00743,CUST00450,Home,2024-10-26,2025-10-26,2763.11,619543.69,Expired
POL00744,CUST00451,Health,2020-12-15,2021-12-15,4889.39,267335.57,Active
POL00745,CUST00451,Life,2018-06-18,2019-06-18,1489.87,261239.96,Expired
POL00746,CUST00452,Health,2019-01-30,2020-01-28,2845.97,345289.00,Expired
POL00747,CUST00452,Auto,2025-07-16,2026-07-16,664.13,33870.35,Expired
POL00748,CUST00453,Renters,2025-08-12,2026-08-12,280.17,61892.12,Active
POL00749,CUST00454,Health,2019-06-26,2022-06-26,3004.45,83152.60,Active
POL00750,CUST00454,Renters,2022-03-12,2025-03-12,382.62,45660.40,Active
POL00751,CUST00455,Life,2019-06-14,2024-06-14,1693.23,866602.05,Expired
POL00752,CUST00455,Auto,2018-08-29,2019-08-28,1550.37,44427.98,Active
POL00753,CUST00456,Auto,2024-06-11,2025-06-11,2144.52,53152.01,Lapsed
POL00754,CUST00457,Life,2025-01-25,2027-01-25,928.83,263872.60,Active
POL00755,CUST00458,Renters,2024-09-04,2027-09-04,530.37,63740.62,Lapsed
POL00756,CUST00459,Health,2024-11-30,2027-11-28,2326.72,293792.35,Active
POL00757,CUST00460,Home,2022-09-23,2025-09-23,1072.18,393398.24,Lapsed
POL00758,CUST00461,Auto,2023-07-29,2024-07-28,968.86,18962.14,Active
POL00759,CUST00461,Health,2018-08-20,2021-08-20,1665.95,74486.41,Active
POL00760,CUST00462,Auto,2021-05-15,2024-05-15,1445.33,54055.34,Active
POL00761,CUST00462,Health,2018-01-29,2019-01-28,2365.86,293927.40,Active
POL00762,CUST00462,Home,2025-03-16,2026-03-16,993.46,681296.81,Lapsed
POL00763,CUST00463,Renters,2022-07-17,2023-07-17,258.03,43845.59,Cancelled
POL00764,CUST00464,Life,2022-12-05,2025-12-05,1860.04,179827.65,Active
POL00765,CUST00464,Home,2018-01-01,2019-01-01,1053.36,774992.78,Active
POL00766,CUST00465,Health,2021-08-08,2022-08-08,5504.16,324208.32,Active
POL00767,CUST00465,Life,2020-06-24,2021-06-24,1165.36,770449.66,Active
POL00768,CUST00466,Health,2023-03-30,2026-03-28,4684.69,378550.97,Cancelled
POL00769,CUST00467,Renters,2022-01-20,2023-01-20,430.76,13383.42,Active
POL00770,CUST00468,Auto,2023-07-25,2024-07-25,433.30,18350.22,Expired
POL00771,CUST00468,Home,2019-10-17,2020-10-17,1188.26,700517.19,Active
POL00772,CUST00469,Auto,2021-03-04,2026-03-04,1206.07,56265.57,Active
POL00773,CUST00470,Life,2020-11-21,2025-11-21,375.64,317990.86,Active
POL00774,CUST00470,Auto,2022-09-04,2025-09-04,933.88,29050.30,Cancelled
POL00775,CUST00471,Auto,2021-09-11,2026-09-11,918.97,19122.62,Active
POL00776,CUST00471,Renters,2020-03-01,2025-03-01,227.68,77187.09,Lapsed
POL00777,CUST00472,Renters,2023-08-15,2027-08-15,395.72,16065.33,Active
POL00778,CUST00473,Auto,2020-03-29,2021-03-28,1435.96,36824.01,Active
POL00779,CUST00474,Renters,2024-05-12,2027-05-12,429.40,85546.96,Active
POL00780,CUST00474,Life,2019-07-31,2022-07-28,316.30,531239.05,Lapsed
POL00781,CUST00475,Health,2021-09-04,2022-09-04,2026.31,250884.87,Cancelled
POL00782,CUST00475,Life,2023-12-15,2024-12-15,456.84,293853.42,Active
POL00783,CUST00476,Life,2019-08-12,2020-08-12,1475.70,496454.39,Active
POL00784,CUST00476,Auto,2020-10-01,2023-10-01,749.17,20608.04,Lapsed
POL00785,CUST00477,Renters,2018-05-05,2023-05-05,410.27,63673.90,Cancelled
POL00786,CUST00477,Home,2024-06-16,2027-06-16,1254.57,546105.38,Active
POL00787,CUST00478,Health,2023-07-09,2024-07-09,2744.97,449722.02,Active
POL00788,CUST00479,Home,2018-01-05,2019-01-05,1202.34,780140.49,Active
POL00789,CUST00479,Health,2023-11-03,2024-11-03,5253.04,256926.35,Active
POL00790,CUST00480,Life,2019-04-11,2020-04-11,1923.19,525817.24,Active
POL00791,CUST00481,Renters,2023-10-08,2024-10-08,225.74,43906.95,Active
POL00792,CUST00481,Health,2021-02-20,2022-02-20,3678.50,231284.80,Active
POL00793,CUST00482,Auto,2023-12-10,2024-12-10,1243.73,28090.69,Active
POL00794,CUST00482,Life,2022-09-18,2023-09-18,617.71,75626.13,Active
POL00795,CUST00482,Renters,2024-06-05,2025-06-05,520.76,70398.89,Active
POL00796,CUST00483,Health,2020-11-28,2021-11-28,2706.60,293354.11,Cancelled
POL00797,CUST00483,Life,2020-05-10,2023-05-10,442.56,988187.90,Active
POL00798,CUST00484,Home,2024-03-04,2027-03-04,1092.87,201527.81,Active
POL00799,CUST00484,Life,2025-01-31,2027-01-28,1924.10,664688.66,Cancelled
POL00800,CUST00485,Auto,2018-04-19,2021-04-19,412.68,53653.82,Active
POL00801,CUST00485,Home,2019-08-13,2022-08-13,2744.32,433828.28,Active
POL00802,CUST00486,Health,2023-07-04,2024-07-04,4958.11,250740.98,Active
POL00803,CUST00487,Home,2019-02-15,2020-02-15,2117.10,382359.66,Lapsed
POL00804,CUST00487,Renters,2020-06-30,2025-06-28,591.84,89898.75,Expired
POL00805,CUST00488,Auto,2020-07-18,2021-07-18,1931.50,47502.60,Active
POL00806,CUST00488,Home,2022-11-29,2025-11-28,1890.54,655685.52,Active
POL00807,CUST00489,Life,2018-04-12,2019-04-12,2183.69,177976.93,Active
POL00808,CUST00490,Auto,2024-07-13,2027-07-13,1058.89,43127.32,Active
POL00809,CUST00490,Life,2018-06-04,2019-06-04,1530.26,265430.22,Cancelled
POL00810,CUST00491,Auto,2025-01-11,2026-01-11,1367.58,20365.20,Active
POL00811,CUST00491,Life,2019-05-17,2020-05-17,1498.49,927181.16,Active
POL00812,CUST00492,Home,2019-11-10,2020-11-10,825.70,798981.83,Lapsed
POL00813,CUST00493,Auto,2024-08-16,2025-08-16,1871.14,59811.19,Lapsed
POL00814,CUST00494,Home,2022-10-06,2023-10-06,2397.84,225773.79,Active
POL00815,CUST00494,Auto,2022-03-27,2025-03-27,1144.95,55763.53,Cancelled
POL00816,CUST00494,Health,2019-06-09,2020-06-09,4024.24,240519.52,Active
POL00817,CUST00495,Auto,2019-01-20,2022-01-20,1955.64,30180.27,Cancelled
POL00818,CUST00496,Life,2022-06-08,2023-06-08,2210.82,764027.51,Active
POL00819,CUST00497,Health,2021-12-29,2026-12-28,3305.62,61846.61,Expired
POL00820,CUST00497,Life,2024-02-21,2025-02-21,2063.48,792705.59,Lapsed
POL00821,CUST00498,Health,2020-01-10,2025-01-10,3450.35,220086.75,Active
POL00822,CUST00498,Renters,2023-05-30,2024-05-28,463.51,29229.06,Active
POL00823,CUST00498,Auto,2018-02-03,2019-02-03,425.14,14737.93,Active
POL00824,CUST00499,Renters,2020-09-23,2021-09-23,262.58,82016.90,Active
POL00825,CUST00499,Health,2024-02-25,2025-02-25,3145.87,427527.29,Active
POL00826,CUST00500,Home,2024-06-26,2025-06-26,2540.73,157954.30,Expired
POL00827,CUST00500,Health,2022-11-04,2023-11-04,4537.80,93009.40,Active
POL00828,CUST00501,Health,2018-05-31,2019-05-28,3918.67,142613.00,Active
POL00829,CUST00502,Home,2021-02-12,2022-02-12,1366.84,392084.86,Lapsed
POL00830,CUST00503,Auto,2020-04-30,2021-04-28,1361.53,28180.86,Active
POL00831,CUST00503,Renters,2024-09-14,2025-09-14,247.46,49844.66,Lapsed
POL00832,CUST00504,Renters,2023-09-29,2026-09-28,412.50,66259.21,Cancelled
POL00833,CUST00505,Renters,2024-03-03,2025-03-03,498.48,43383.37,Active
POL00834,CUST00506,Life,2022-05-17,2023-05-17,1707.08,499095.90,Active
POL00835,CUST00506,Health,2024-07-10,2025-07-10,5755.07,202128.74,Lapsed
POL00836,CUST00507,Health,2025-02-09,2027-02-09,2590.25,316575.60,Active
POL00837,CUST00507,Home,2018-12-02,2019-12-02,2672.19,755293.15,Active
POL00838,CUST00508,Health,2020-10-06,2025-10-06,3784.32,388422.84,Lapsed
POL00839,CUST00509,Auto,2021-12-22,2022-12-22,1612.86,19836.71,Active
POL00840,CUST00510,Health,2019-11-12,2020-11-12,5109.69,223968.87,Active
POL00841,CUST00511,Auto,2021-03-15,2024-03-15,1810.76,26165.74,Active
POL00842,CUST00512,Life,2022-07-19,2023-07-19,539.55,904314.37,Active
POL00843,CUST00512,Renters,2023-09-03,2024-09-03,322.47,70501.14,Active
POL00844,CUST00513,Home,2020-06-22,2025-06-22,851.71,223832.57,Lapsed
POL00845,CUST00513,Renters,2018-05-19,2019-05-19,562.94,34626.88,Lapsed
POL00846,CUST00513,Health,2021-02-26,2022-02-26,1625.33,66963.76,Expired
POL00847,CUST00514,Health,2018-02-12,2019-02-12,1598.58,452134.42,Active
POL00848,CUST00515,Health,2019-05-03,2022-05-03,1547.30,430534.45,Active
POL00849,CUST00515,Renters,2021-09-10,2022-09-10,238.87,53709.71,Expired
POL00850,CUST00516,Home,2018-08-29,2019-08-28,1753.33,719988.29,Expired
POL00851,CUST00516,Health,2018-03-08,2019-03-08,1975.55,103653.99,Active
POL00852,CUST00517,Life,2023-06-08,2024-06-08,2433.46,457268.12,Lapsed
POL00853,CUST00517,Home,2018-11-23,2019-11-23,1798.36,525436.97,Active
POL00854,CUST00518,Auto,2021-10-06,2022-10-06,996.69,13321.47,Active
POL00855,CUST00518,Home,2025-05-10,2027-05-10,2744.21,192252.98,Active
POL00856,CUST00518,Renters,2023-11-03,2027-11-03,406.60,63176.24,Active
POL00857,CUST00519,Health,2021-11-25,2024-11-25,5455.26,120228.04,Lapsed
POL00858,CUST00519,Renters,2022-01-21,2025-01-21,448.50,85494.90,Active
POL00859,CUST00520,Renters,2020-01-08,2021-01-08,544.63,63955.46,Lapsed
POL00860,CUST00520,Health,2019-02-15,2022-02-15,2008.80,122601.99,Active
POL00861,CUST00521,Renters,2019-09-27,2020-09-27,236.67,18304.25,Lapsed
POL00862,CUST00522,Health,2020-07-23,2021-07-23,2382.12,193407.99,Active
POL00863,CUST00522,Auto,2019-08-20,2020-08-20,1779.06,31834.03,Active
POL00864,CUST00523,Health,2023-11-18,2024-11-18,1549.38,474450.01,Active
POL00865,CUST00524,Home,2023-09-23,2024-09-23,1230.33,558725.24,Lapsed
POL00866,CUST00525,Home,2020-06-28,2021-06-28,2790.54,512902.25,Cancelled
POL00867,CUST00525,Auto,2024-12-16,2027-12-16,851.05,10687.04,Lapsed
POL00868,CUST00525,Renters,2024-08-23,2027-08-23,409.16,67386.95,Lapsed
POL00869,CUST00526,Home,2023-10-31,2027-10-28,1629.96,306385.28,Active
POL00870,CUST00527,Home,2022-12-25,2025-12-25,1134.41,241008.72,Active
POL00871,CUST00528,Renters,2019-10-21,2024-10-21,374.50,35378.58,Active
POL00872,CUST00529,Life,2020-05-20,2021-05-20,902.59,284270.49,Active
POL00873,CUST00529,Home,2021-10-16,2022-10-16,2630.03,675845.29,Active
POL00874,CUST00530,Home,2019-08-15,2024-08-15,2221.58,566023.36,Active
POL00875,CUST00530,Renters,2018-03-24,2019-03-24,420.04,22495.11,Active
POL00876,CUST00530,Life,2021-05-22,2022-05-22,1992.02,435814.20,Expired
POL00877,CUST00531,Home,2019-06-01,2020-06-01,2930.82,495565.23,Active
POL00878,CUST00532,Renters,2018-07-19,2019-07-19,370.23,26542.64,Active
POL00879,CUST00533,Auto,2022-03-24,2023-03-24,731.57,13199.52,Active
POL00880,CUST00534,Home,2021-03-16,2022-03-16,2945.80,454670.00,Active
POL00881,CUST00534,Renters,2021-04-01,2024-04-01,203.22,92119.42,Expired
POL00882,CUST00534,Auto,2025-07-07,2027-07-07,2153.26,18839.76,Lapsed
POL00883,CUST00535,Auto,2025-04-08,2026-04-08,1258.22,17793.98,Lapsed
POL00884,CUST00536,Health,2025-01-21,2027-01-21,1925.61,441052.11,Active
POL00885,CUST00537,Renters,2022-08-24,2023-08-24,290.21,40298.68,Expired
POL00886,CUST00537,Life,2024-05-22,2027-05-22,2222.14,619466.30,Active
POL00887,CUST00538,Health,2024-01-02,2025-01-02,4478.45,144639.19,Active
POL00888,CUST00539,Life,2025-06-26,2026-06-26,660.07,882983.15,Cancelled
POL00889,CUST00540,Life,2021-07-18,2022-07-18,847.60,416607.71,Active
POL00890,CUST00541,Renters,2019-10-17,2020-10-17,204.14,62073.50,Expired
POL00891,CUST00541,Health,2022-09-12,2023-09-12,1886.37,444117.22,Active
POL00892,CUST00542,Life,2022-12-11,2027-12-11,2230.14,875242.70,Active
POL00893,CUST00542,Auto,2020-03-13,2021-03-13,2007.36,43406.51,Active
POL00894,CUST00542,Renters,2019-07-15,2020-07-15,160.90,59995.05,Cancelled
POL00895,CUST00543,Home,2022-12-27,2023-12-27,2823.52,467354.48,Active
POL00896,CUST00543,Renters,2020-06-18,2021-06-18,151.95,83953.55,Cancelled
POL00897,CUST00543,Auto,2025-07-31,2027-07-28,925.92,53483.89,Lapsed
POL00898,CUST00544,Renters,2019-11-13,2024-11-13,243.08,35743.63,Active
POL00899,CUST00545,Home,2022-02-26,2025-02-26,2316.46,646338.54,Active
POL00900,CUST00545,Auto,2025-04-29,2026-04-28,539.40,54981.51,Active
POL00901,CUST00545,Life,2023-11-16,2027-11-16,1917.66,279890.77,Active
POL00902,CUST00546,Home,2021-09-14,2022-09-14,2170.87,378971.35,Active
POL00903,CUST00547,Life,2022-04-12,2023-04-12,2094.41,197029.35,Active
POL00904,CUST00548,Renters,2019-02-26,2022-02-26,509.47,84844.40,Active
POL00905,CUST00548,Home,2024-06-30,2027-06-28,1078.09,168254.52,Active
POL00906,CUST00548,Health,2025-03-21,2027-03-21,4586.83,310326.10,Lapsed
POL00907,CUST00549,Home,2022-05-08,2025-05-08,826.23,592857.64,Active
POL00908,CUST00550,Home,2020-04-09,2021-04-09,1837.05,399761.63,Active
POL00909,CUST00550,Auto,2025-02-26,2026-02-26,1859.81,57169.39,Cancelled
POL00910,CUST00551,Auto,2018-02-02,2021-02-02,1777.95,49667.91,Cancelled
POL00911,CUST00551,Health,2023-08-16,2024-08-16,4331.87,249163.42,Active
POL00912,CUST00551,Renters,2019-08-03,2020-08-03,455.01,69599.36,Expired
POL00913,CUST00552,Renters,2022-10-16,2023-10-16,469.40,36639.61,Active
POL00914,CUST00553,Health,2020-03-08,2021-03-08,2959.90,353508.89,Active
POL00915,CUST00553,Home,2023-02-23,2027-02-23,2266.94,789648.31,Active
POL00916,CUST00554,Health,2019-04-13,2020-04-13,5557.79,368977.63,Active
POL00917,CUST00554,Auto,2018-05-06,2023-05-06,458.85,52234.77,Active
POL00918,CUST00555,Renters,2023-08-12,2024-08-12,406.70,90662.19,Active
POL00919,CUST00556,Health,2021-03-07,2022-03-07,5723.57,214190.22,Active
POL00920,CUST00557,Life,2020-12-16,2025-12-16,1395.73,747905.57,Active
POL00921,CUST00558,Life,2025-06-23,2027-06-23,1596.30,883541.05,Lapsed
POL00922,CUST00559,Home,2022-09-20,2023-09-20,2310.64,186961.88,Active
POL00923,CUST00559,Renters,2018-09-28,2023-09-28,534.12,30757.69,Lapsed
POL00924,CUST00559,Health,2021-02-15,2022-02-15,2062.61,367824.70,Active
POL00925,CUST00560,Health,2022-06-02,2023-06-02,5091.72,206955.56,Lapsed
POL00926,CUST00561,Health,2020-11-16,2023-11-16,2257.38,356396.29,Lapsed
POL00927,CUST00562,Auto,2023-07-30,2024-07-28,1488.39,59371.77,Expired
POL00928,CUST00562,Health,2021-12-29,2022-12-28,3250.28,454073.88,Active
POL00929,CUST00563,Health,2024-02-10,2027-02-10,4697.81,230683.16,Active
POL00930,CUST00563,Home,2022-11-06,2025-11-06,2593.93,408103.33,Active
POL00931,CUST00563,Renters,2025-03-09,2027-03-09,281.15,39111.30,Active
POL00932,CUST00564,Home,2022-11-12,2023-11-12,2606.27,390082.38,Active
POL00933,CUST00565,Life,2022-12-11,2023-12-11,1025.26,610719.73,Active
POL00934,CUST00565,Auto,2019-01-16,2024-01-16,1359.18,11968.89,Active
POL00935,CUST00566,Home,2023-11-12,2026-11-12,2733.58,160829.21,Lapsed
POL00936,CUST00567,Auto,2018-09-19,2023-09-19,1104.57,11147.89,Active
POL00937,CUST00568,Renters,2020-05-13,2021-05-13,502.11,80694.67,Expired
POL00938,CUST00569,Health,2020-11-29,2025-11-28,4726.93,401852.57,Active
POL00939,CUST00569,Home,2021-02-08,2022-02-08,2192.03,316212.91,Active
POL00940,CUST00570,Life,2020-06-15,2021-06-15,1137.80,386239.04,Lapsed
POL00941,CUST00570,Renters,2021-01-01,2026-01-01,572.90,47484.18,Active
POL00942,CUST00571,Health,2021-05-12,2026-05-12,5094.74,324026.51,Lapsed
POL00943,CUST00572,Renters,2025-05-14,2026-05-14,460.73,37504.14,Lapsed
POL00944,CUST00572,Home,2022-01-19,2023-01-19,1876.83,278097.92,Active
POL00945,CUST00573,Health,2023-01-05,2024-01-05,5866.13,486272.21,Active
POL00946,CUST00574,Health,2019-07-19,2020-07-19,4447.60,346070.13,Active
POL00947,CUST00575,Home,2018-09-23,2019-09-23,2031.90,637887.91,Active
POL00948,CUST00576,Auto,2019-08-06,2020-08-06,1582.28,19232.53,Active
POL00949,CUST00576,Renters,2020-01-21,2021-01-21,236.60,33358.97,Lapsed
POL00950,CUST00577,Renters,2020-08-08,2021-08-08,522.96,93142.57,Active
POL00951,CUST00577,Auto,2023-04-26,2024-04-26,1378.87,14773.42,Active
POL00952,CUST00577,Life,2022-09-30,2023-09-28,523.31,976921.50,Active
POL00953,CUST00578,Auto,2024-05-27,2025-05-27,550.91,40923.32,Active
POL00954,CUST00578,Health,2018-05-14,2019-05-14,5604.89,354514.45,Active
POL00955,CUST00579,Life,2023-12-16,2027-12-16,1404.58,187987.19,Active
POL00956,CUST00579,Home,2018-07-09,2019-07-09,2485.04,391205.53,Active
POL00957,CUST00580,Renters,2018-04-10,2019-04-10,241.41,81599.09,Cancelled
POL00958,CUST00581,Home,2023-06-05,2024-06-05,857.29,758482.96,Active
POL00959,CUST00581,Health,2018-09-21,2021-09-21,3251.33,152864.61,Active
POL00960,CUST00582,Home,2024-05-12,2025-05-12,1662.37,383340.16,Active
POL00961,CUST00582,Health,2021-04-11,2022-04-11,1588.68,413989.03,Active
POL00962,CUST00583,Renters,2024-04-14,2027-04-14,437.08,78510.92,Active
POL00963,CUST00583,Home,2025-04-10,2026-04-10,2051.01,591622.99,Active
POL00964,CUST00584,Renters,2018-07-02,2019-07-02,182.25,15409.58,Active
POL00965,CUST00584,Auto,2019-10-17,2020-10-17,405.26,18690.63,Lapsed
POL00966,CUST00585,Auto,2025-02-22,2027-02-22,800.07,14297.69,Active
POL00967,CUST00586,Renters,2025-04-08,2027-04-08,186.36,10795.15,Active
POL00968,CUST00586,Life,2020-09-15,2021-09-15,360.69,255857.01,Lapsed
POL00969,CUST00587,Renters,2020-12-20,2021-12-20,427.58,48500.75,Active
POL00970,CUST00587,Auto,2022-12-04,2025-12-04,1721.85,47504.18,Lapsed
POL00971,CUST00587,Life,2022-04-13,2025-04-13,1118.96,548515.27,Active
POL00972,CUST00588,Home,2025-06-25,2027-06-25,1324.62,622888.80,Cancelled
POL00973,CUST00588,Life,2022-09-01,2023-09-01,1776.07,990832.48,Expired
POL00974,CUST00589,Auto,2020-10-22,2023-10-22,963.75,56348.63,Active
POL00975,CUST00590,Health,2022-07-03,2023-07-03,5882.54,317236.60,Active
POL00976,CUST00590,Home,2018-08-25,2021-08-25,1135.33,595634.31,Active
POL00977,CUST00591,Health,2019-05-24,2024-05-24,4543.31,266206.31,Active
POL00978,CUST00592,Renters,2024-06-19,2027-06-19,292.08,59165.67,Active
POL00979,CUST00592,Life,2021-10-07,2024-10-07,1516.36,461035.13,Lapsed
POL00980,CUST00593,Life,2019-01-23,2022-01-23,1612.03,757604.10,Active
POL00981,CUST00593,Health,2024-10-29,2027-10-28,1625.66,341721.61,Active
POL00982,CUST00593,Auto,2023-12-13,2024-12-13,1655.86,31300.91,Active
POL00983,CUST00594,Home,2019-05-09,2020-05-09,2073.41,351806.99,Active
POL00984,CUST00594,Health,2022-01-03,2023-01-03,2840.38,462681.17,Cancelled
POL00985,CUST00595,Life,2020-06-11,2025-06-11,1008.74,841945.51,Active
POL00986,CUST00596,Life,2020-01-06,2021-01-06,1854.67,592875.91,Cancelled
POL00987,CUST00596,Health,2024-03-22,2025-03-22,4924.71,229974.27,Active
POL00988,CUST00596,Home,2024-12-21,2025-12-21,1628.76,238147.38,Lapsed
POL00989,CUST00597,Home,2023-03-03,2026-03-03,2740.88,480344.48,Active
POL00990,CUST00597,Auto,2022-10-23,2025-10-23,451.81,58731.05,Active
POL00991,CUST00598,Life,2024-12-01,2027-12-01,804.98,272954.06,Active
POL00992,CUST00598,Auto,2024-02-08,2025-02-08,1567.86,53630.76,Active
POL00993,CUST00598,Renters,2022-02-15,2023-02-15,572.09,40272.67,Expired
POL00994,CUST00599,Renters,2021-03-13,2022-03-13,179.23,37007.37,Active
POL00995,CUST00600,Renters,2018-08-17,2023-08-17,519.81,34045.10,Lapsed
POL00996,CUST00601,Home,2025-02-10,2026-02-10,1517.35,262624.89,Active
POL00997,CUST00601,Auto,2024-05-18,2025-05-18,567.16,43840.36,Active
POL00998,CUST00602,Home,2018-01-10,2021-01-10,1026.42,588454.78,Active
POL00999,CUST00602,Life,2022-02-28,2023-02-28,1138.75,817954.30,Active
POL01000,CUST00603,Health,2024-03-21,2025-03-21,5141.72,301749.07,Active
POL01001,CUST00603,Home,2024-12-20,2025-12-20,2709.93,427498.00,Active
POL01002,CUST00604,Auto,2023-04-11,2026-04-11,990.65,11881.78,Expired
POL01003,CUST00605,Life,2021-03-12,2026-03-12,1435.96,484135.89,Lapsed
POL01004,CUST00606,Auto,2018-07-30,2019-07-28,1923.30,20744.64,Active
POL01005,CUST00606,Health,2021-10-11,2024-10-11,2763.80,59001.26,Active
POL01006,CUST00606,Life,2021-04-13,2022-04-13,697.54,657678.18,Active
POL01007,CUST00607,Life,2025-03-29,2026-03-28,1856.30,833582.81,Active
POL01008,CUST00607,Renters,2024-04-16,2027-04-16,299.01,15012.73,Cancelled
POL01009,CUST00607,Auto,2020-09-12,2025-09-12,982.71,53727.22,Lapsed
POL01010,CUST00608,Life,2022-07-26,2027-07-26,730.90,781291.46,Active
POL01011,CUST00608,Home,2022-03-26,2027-03-26,2920.41,477414.81,Active
POL01012,CUST00609,Health,2023-04-29,2024-04-28,1447.71,145078.18,Active
POL01013,CUST00610,Health,2020-08-10,2021-08-10,2267.28,455979.36,Active
POL01014,CUST00610,Home,2019-05-24,2022-05-24,2679.33,238338.16,Lapsed
POL01015,CUST00611,Renters,2023-07-25,2024-07-25,457.86,22450.36,Active
POL01016,CUST00611,Health,2020-02-19,2023-02-19,5372.22,300907.69,Active
POL01017,CUST00612,Health,2022-09-22,2025-09-22,2158.66,399630.08,Active
POL01018,CUST00613,Auto,2018-05-18,2021-05-18,1070.68,23169.58,Active
POL01019,CUST00613,Life,2020-10-04,2021-10-04,2202.82,919650.53,Expired
POL01020,CUST00614,Auto,2024-05-26,2025-05-26,526.25,28083.66,Active
POL01021,CUST00615,Life,2018-12-22,2023-12-22,1405.24,122675.74,Active
POL01022,CUST00615,Auto,2019-01-16,2024-01-16,1557.11,33077.91,Active
POL01023,CUST00616,Renters,2022-03-08,2023-03-08,387.04,30840.16,Lapsed
POL01024,CUST00616,Auto,2024-06-10,2025-06-10,1293.48,44020.46,Active
POL01025,CUST00616,Life,2018-10-03,2019-10-03,1127.41,611241.74,Lapsed
POL01026,CUST00617,Life,2023-02-08,2024-02-08,305.86,758989.28,Active
POL01027,CUST00618,Home,2018-12-03,2023-12-03,2236.70,472985.38,Expired
POL01028,CUST00618,Life,2018-11-09,2023-11-09,1081.75,352365.72,Expired
POL01029,CUST00619,Renters,2019-11-19,2020-11-19,428.94,97611.93,Expired
POL01030,CUST00619,Life,2024-03-19,2027-03-19,2146.91,218923.80,Active
POL01031,CUST00619,Health,2020-06-21,2021-06-21,5479.34,79263.79,Active
POL01032,CUST00620,Renters,2019-12-10,2020-12-10,358.49,76195.50,Active
POL01033,CUST00621,Life,2019-09-26,2022-09-26,2478.32,888521.14,Active
POL01034,CUST00622,Home,2018-06-09,2019-06-09,1337.55,730907.17,Active
POL01035,CUST00623,Life,2021-08-02,2024-08-02,1250.75,793931.18,Active
POL01036,CUST00624,Renters,2024-09-15,2025-09-15,428.16,72529.72,Active
POL01037,CUST00625,Renters,2018-03-12,2019-03-12,436.40,58199.25,Active
POL01038,CUST00625,Auto,2023-08-25,2024-08-25,673.50,18524.96,Active
POL01039,CUST00626,Life,2024-06-04,2025-06-04,1551.15,651873.38,Active
POL01040,CUST00626,Health,2023-02-11,2024-02-11,5808.78,272005.60,Cancelled
POL01041,CUST00627,Auto,2024-11-03,2025-11-03,559.07,59792.47,Expired
POL01042,CUST00627,Home,2023-10-15,2026-10-15,1512.25,320395.81,Active
POL01043,CUST00628,Health,2024-10-22,2025-10-22,1600.47,483321.55,Active
POL01044,CUST00629,Life,2019-07-06,2020-07-06,1419.05,983409.32,Active
POL01045,CUST00629,Renters,2020-04-23,2023-04-23,212.12,88132.25,Active
POL01046,CUST00629,Home,2018-02-07,2019-02-07,2013.89,550009.14,Lapsed
POL01047,CUST00630,Renters,2020-10-04,2025-10-04,470.08,42551.85,Active
POL01048,CUST00630,Life,2019-06-09,2024-06-09,504.55,364812.09,Active
POL01049,CUST00631,Renters,2020-11-13,2025-11-13,336.24,25011.91,Lapsed
POL01050,CUST00632,Renters,2023-11-23,2024-11-23,248.25,40856.32,Active
POL01051,CUST00632,Home,2021-05-05,2024-05-05,1582.81,671111.61,Active
POL01052,CUST00632,Auto,2024-06-12,2027-06-12,1002.50,26118.86,Expired
POL01053,CUST00633,Health,2024-01-11,2027-01-11,4587.62,120420.63,Lapsed
POL01054,CUST00633,Life,2025-04-24,2026-04-24,1233.68,118344.40,Active
POL01055,CUST00634,Health,2022-12-10,2027-12-10,5584.87,132658.46,Active
POL01056,CUST00635,Auto,2018-12-18,2019-12-18,1436.09,36216.28,Active
POL01057,CUST00636,Health,2024-03-16,2025-03-16,4343.55,65113.73,Active
POL01058,CUST00637,Renters,2021-09-28,2022-09-28,330.11,47514.60,Active
POL01059,CUST00637,Auto,2020-09-30,2025-09-28,677.63,56569.75,Active
POL01060,CUST00637,Health,2021-09-24,2022-09-24,4195.44,491660.77,Lapsed
POL01061,CUST00638,Home,2018-06-24,2019-06-24,2710.75,571855.18,Lapsed
POL01062,CUST00638,Life,2023-02-03,2024-02-03,496.55,402241.48,Active
POL01063,CUST00638,Health,2022-06-08,2023-06-08,5189.71,306283.10,Active
POL01064,CUST00639,Life,2022-02-25,2023-02-25,910.14,688575.11,Active
POL01065,CUST00640,Home,2025-06-08,2027-06-08,1655.94,462915.72,Active
POL01066,CUST00640,Life,2020-05-11,2021-05-11,1481.50,215985.27,Active
POL01067,CUST00641,Auto,2022-07-17,2023-07-17,937.22,59705.47,Active
POL01068,CUST00641,Health,2020-07-25,2021-07-25,5129.51,474162.93,Active
POL01069,CUST00642,Auto,2020-07-03,2021-07-03,886.65,26439.95,Active
POL01070,CUST00643,Life,2022-03-08,2023-03-08,1783.13,336341.28,Active
POL01071,CUST00644,Auto,2019-09-29,2024-09-28,1792.14,21916.81,Active
POL01072,CUST00645,Auto,2020-10-27,2023-10-27,1852.35,58953.63,Active
POL01073,CUST00646,Renters,2021-12-01,2022-12-01,572.47,27186.72,Cancelled
POL01074,CUST00647,Auto,2023-02-28,2024-02-28,1508.39,11763.29,Active
POL01075,CUST00648,Renters,2019-12-31,2024-12-28,199.43,79358.54,Expired
POL01076,CUST00649,Health,2025-08-04,2026-08-04,5999.31,233383.65,Active
POL01077,CUST00650,Renters,2020-05-28,2021-05-28,197.91,52128.60,Cancelled
POL01078,CUST00651,Life,2024-11-21,2025-11-21,2330.34,780194.24,Active
POL01079,CUST00652,Home,2018-07-31,2021-07-28,1147.99,249688.97,Active
POL01080,CUST00652,Auto,2025-07-04,2027-07-04,827.11,49995.97,Expired
POL01081,CUST00652,Life,2019-03-01,2020-03-01,2405.21,356157.76,Expired
POL01082,CUST00653,Renters,2021-09-26,2026-09-26,583.69,26277.71,Lapsed
POL01083,CUST00653,Home,2021-07-22,2022-07-22,783.39,646934.33,Active
POL01084,CUST00654,Auto,2019-08-15,2020-08-15,770.94,32227.96,Lapsed
POL01085,CUST00654,Life,2021-02-18,2024-02-18,1775.67,238409.96,Cancelled
POL01086,CUST00655,Health,2019-11-24,2024-11-24,3639.16,70794.44,Expired
POL01087,CUST00656,Health,2019-03-21,2024-03-21,4097.76,336428.88,Active
POL01088,CUST00656,Renters,2019-08-27,2020-08-27,445.55,89744.34,Lapsed
POL01089,CUST00657,Life,2025-05-04,2026-05-04,1244.68,732027.84,Lapsed
POL01090,CUST00658,Life,2024-05-20,2025-05-20,1951.52,998146.56,Lapsed
POL01091,CUST00659,Auto,2022-03-11,2027-03-11,1432.96,57724.23,Active
POL01092,CUST00660,Health,2019-07-22,2020-07-22,2036.31,279519.83,Active
POL01093,CUST00661,Renters,2020-08-07,2021-08-07,284.12,50377.11,Cancelled
POL01094,CUST00662,Auto,2023-05-21,2024-05-21,1008.53,16105.89,Lapsed
POL01095,CUST00663,Renters,2020-09-28,2021-09-28,467.94,87609.06,Active
POL01096,CUST00664,Health,2018-11-30,2021-11-28,3601.52,459534.26,Active
POL01097,CUST00665,Health,2020-11-03,2025-11-03,4034.86,300808.63,Active
POL01098,CUST00666,Health,2018-09-06,2019-09-06,5780.01,335760.07,Cancelled
POL01099,CUST00667,Health,2018-07-02,2019-07-02,4792.40,453261.64,Cancelled
POL01100,CUST00667,Home,2019-04-22,2020-04-22,1274.17,435212.93,Expired
POL01101,CUST00668,Life,2021-03-31,2022-03-28,2014.79,333951.11,Active
POL01102,CUST00669,Renters,2023-04-21,2026-04-21,338.25,44866.10,Active
POL01103,CUST00670,Life,2021-01-04,2022-01-04,1639.48,446019.24,Active
POL01104,CUST00671,Health,2020-06-13,2025-06-13,1362.10,318264.53,Lapsed
POL01105,CUST00671,Auto,2020-04-20,2025-04-20,1417.00,19186.88,Active
POL01106,CUST00672,Home,2019-06-17,2024-06-17,1013.74,745586.34,Expired
POL01107,CUST00672,Life,2020-09-17,2021-09-17,1596.65,722950.66,Expired
POL01108,CUST00672,Auto,2024-05-07,2025-05-07,1673.89,19536.46,Active
POL01109,CUST00673,Life,2020-09-20,2023-09-20,2028.03,369515.16,Active
POL01110,CUST00674,Renters,2025-01-31,2027-01-28,557.03,78411.94,Active
POL01111,CUST00675,Life,2018-05-03,2021-05-03,1233.41,221404.94,Active
POL01112,CUST00676,Auto,2023-05-23,2024-05-23,2023.54,58222.90,Active
POL01113,CUST00677,Renters,2023-06-06,2024-06-06,184.33,25631.30,Cancelled
POL01114,CUST00678,Renters,2022-05-26,2023-05-26,393.86,13719.47,Active
POL01115,CUST00679,Auto,2019-09-07,2020-09-07,664.85,54372.35,Active
POL01116,CUST00680,Auto,2021-01-07,2024-01-07,1147.09,27775.59,Cancelled
POL01117,CUST00680,Renters,2020-07-30,2023-07-28,394.28,55691.98,Active
POL01118,CUST00681,Renters,2023-12-31,2024-12-28,590.02,69729.38,Active
POL01119,CUST00681,Home,2019-02-13,2024-02-13,616.72,787790.77,Active
POL01120,CUST00681,Health,2018-10-29,2023-10-28,3838.60,304295.92,Cancelled
POL01121,CUST00682,Home,2024-07-26,2025-07-26,2024.14,744415.63,Cancelled
POL01122,CUST00682,Health,2025-03-30,2027-03-28,5539.38,99814.74,Active
POL01123,CUST00683,Renters,2023-03-31,2024-03-28,382.71,95722.27,Expired
POL01124,CUST00684,Health,2022-11-14,2025-11-14,2118.09,453531.08,Active
POL01125,CUST00684,Home,2022-03-22,2023-03-22,1410.14,713256.84,Active
POL01126,CUST00684,Life,2020-07-16,2021-07-16,1709.56,645160.00,Active
POL01127,CUST00685,Life,2023-06-02,2024-06-02,2233.76,169596.21,Active
POL01128,CUST00686,Renters,2020-08-03,2021-08-03,433.29,19785.99,Lapsed
POL01129,CUST00687,Home,2022-06-11,2023-06-11,1220.70,721221.31,Active
POL01130,CUST00687,Renters,2020-07-01,2021-07-01,510.51,96654.45,Active
POL01131,CUST00688,Health,2022-08-29,2025-08-28,2893.98,460749.08,Active
POL01132,CUST00689,Health,2018-02-13,2019-02-13,3958.32,232960.66,Active
POL01133,CUST00689,Life,2021-05-18,2022-05-18,2152.48,925023.08,Active
POL01134,CUST00690,Home,2018-09-08,2021-09-08,1472.84,771372.58,Active
POL01135,CUST00691,Renters,2020-01-21,2021-01-21,239.16,11772.44,Active
POL01136,CUST00692,Home,2025-01-20,2026-01-20,2965.82,459174.52,Active
POL01137,CUST00693,Home,2020-09-17,2021-09-17,1378.07,212294.43,Active
POL01138,CUST00693,Auto,2023-12-29,2026-12-28,497.45,23669.14,Active
POL01139,CUST00694,Auto,2024-08-28,2027-08-28,681.28,50039.22,Cancelled
POL01140,CUST00695,Life,2021-12-01,2022-12-01,2414.20,154571.43,Active
POL01141,CUST00695,Auto,2023-07-26,2024-07-26,2009.45,42479.76,Active
POL01142,CUST00696,Auto,2025-07-12,2027-07-12,1582.84,53700.04,Active
POL01143,CUST00697,Renters,2025-05-25,2027-05-25,357.26,12158.08,Expired
POL01144,CUST00698,Renters,2018-06-05,2019-06-05,193.22,57200.05,Active
POL01145,CUST00699,Home,2021-02-25,2024-02-25,1526.10,610019.00,Active
POL01146,CUST00699,Auto,2022-09-19,2027-09-19,482.34,30012.99,Active
POL01147,CUST00700,Home,2023-06-23,2024-06-23,2337.61,440828.59,Active
POL01148,CUST00701,Home,2018-04-28,2023-04-28,2444.75,558727.07,Expired
POL01149,CUST00702,Home,2023-03-06,2024-03-06,1753.93,421606.61,Active
POL01150,CUST00702,Health,2019-02-18,2020-02-18,4410.41,466757.75,Active
POL01151,CUST00703,Health,2024-08-07,2025-08-07,5207.49,261376.45,Lapsed
POL01152,CUST00703,Home,2018-03-17,2019-03-17,1788.31,220025.27,Cancelled
POL01153,CUST00704,Auto,2019-07-22,2020-07-22,2119.55,24789.37,Active
POL01154,CUST00705,Home,2025-01-28,2027-01-28,1824.00,668917.10,Lapsed
POL01155,CUST00705,Health,2018-04-23,2019-04-23,4152.42,371241.28,Expired
POL01156,CUST00705,Renters,2024-05-08,2027-05-08,428.64,24108.60,Active
POL01157,CUST00706,Life,2025-02-01,2027-02-01,849.59,756380.16,Expired
POL01158,CUST00707,Auto,2025-05-24,2026-05-24,1333.58,41451.67,Active
POL01159,CUST00708,Renters,2019-04-16,2020-04-16,273.93,47465.58,Active
POL01160,CUST00709,Renters,2021-08-15,2026-08-15,156.67,58302.20,Cancelled
POL01161,CUST00710,Auto,2020-09-27,2023-09-27,822.47,51778.69,Active
POL01162,CUST00711,Auto,2019-05-13,2024-05-13,1772.02,32710.00,Active
POL01163,CUST00711,Life,2019-02-22,2024-02-22,1914.00,893971.31,Active
POL01164,CUST00712,Life,2018-07-05,2019-07-05,735.61,584244.81,Expired
POL01165,CUST00712,Auto,2018-12-18,2019-12-18,681.83,25590.96,Lapsed
POL01166,CUST00713,Health,2019-02-14,2020-02-14,1532.20,225376.47,Active
POL01167,CUST00713,Renters,2019-09-17,2022-09-17,354.75,33897.22,Active
POL01168,CUST00714,Renters,2018-01-16,2023-01-16,486.51,96712.46,Active
POL01169,CUST00714,Health,2022-04-28,2023-04-28,2882.85,466456.84,Active
POL01170,CUST00715,Auto,2023-12-27,2027-12-27,1130.88,29808.24,Expired
POL01171,CUST00715,Renters,2022-06-27,2025-06-27,412.75,11090.53,Active
POL01172,CUST00716,Auto,2018-04-14,2019-04-14,2058.44,57484.21,Active
POL01173,CUST00717,Home,2018-06-01,2021-06-01,865.56,690895.80,Expired
POL01174,CUST00718,Life,2018-12-19,2019-12-19,1285.03,586412.40,Active
POL01175,CUST00719,Home,2025-08-16,2026-08-16,2344.54,352225.86,Active
POL01176,CUST00719,Auto,2021-11-26,2022-11-26,1694.81,32818.10,Lapsed
POL01177,CUST00719,Renters,2019-09-26,2020-09-26,506.75,39661.25,Lapsed
POL01178,CUST00720,Home,2025-05-22,2027-05-22,2193.08,524729.51,Active
POL01179,CUST00720,Health,2022-12-09,2023-12-09,1686.09,446376.34,Active
POL01180,CUST00721,Renters,2024-04-01,2027-04-01,330.29,94480.44,Lapsed
POL01181,CUST00722,Life,2023-06-14,2024-06-14,1878.16,738083.67,Lapsed
POL01182,CUST00722,Renters,2019-09-11,2020-09-11,160.73,17218.39,Expired
POL01183,CUST00723,Auto,2021-08-31,2024-08-28,532.84,22618.92,Active
POL01184,CUST00723,Renters,2020-08-04,2021-08-04,236.95,14611.06,Lapsed
POL01185,CUST00724,Renters,2019-06-08,2020-06-08,388.15,32051.08,Expired
POL01186,CUST00724,Health,2022-01-26,2023-01-26,5941.56,234797.32,Active
POL01187,CUST00724,Home,2022-06-17,2023-06-17,1522.58,251101.43,Active
POL01188,CUST00725,Renters,2020-02-15,2021-02-15,345.55,16094.78,Active
POL01189,CUST00726,Home,2021-11-07,2022-11-07,1880.78,216104.32,Active
POL01190,CUST00727,Renters,2019-11-09,2020-11-09,285.58,66681.44,Lapsed
POL01191,CUST00727,Life,2024-01-30,2027-01-28,2244.35,294628.74,Active
POL01192,CUST00728,Auto,2021-09-29,2022-09-28,1664.46,55492.31,Active
POL01193,CUST00729,Life,2024-06-21,2025-06-21,1905.42,219648.68,Lapsed
POL01194,CUST00730,Home,2021-08-20,2026-08-20,1884.45,519053.04,Expired
POL01195,CUST00731,Home,2023-06-26,2027-06-26,1431.02,325131.03,Expired
POL01196,CUST00731,Life,2023-02-11,2024-02-11,626.52,148239.57,Lapsed
POL01197,CUST00732,Home,2018-05-06,2019-05-06,1467.58,525723.73,Active
POL01198,CUST00733,Home,2019-03-30,2020-03-28,2239.08,615574.92,Active
POL01199,CUST00734,Health,2019-07-02,2020-07-02,2615.65,372411.48,Lapsed
POL01200,CUST00735,Home,2021-08-29,2022-08-28,2355.29,772046.79,Active
POL01201,CUST00735,Health,2024-01-12,2025-01-12,2198.36,108050.87,Active
POL01202,CUST00736,Home,2020-02-19,2021-02-19,2705.17,523305.17,Expired
POL01203,CUST00736,Auto,2018-05-04,2023-05-04,601.34,49227.98,Active
POL01204,CUST00737,Auto,2020-11-07,2021-11-07,901.21,23195.16,Lapsed
POL01205,CUST00738,Auto,2025-05-10,2026-05-10,1281.64,35786.22,Cancelled
POL01206,CUST00738,Life,2025-05-03,2027-05-03,1560.92,363401.39,Active
POL01207,CUST00739,Home,2019-06-30,2024-06-28,1378.51,347704.43,Lapsed
POL01208,CUST00740,Health,2019-12-16,2020-12-16,1424.27,196080.72,Active
POL01209,CUST00740,Renters,2020-01-14,2023-01-14,249.47,11788.48,Expired
POL01210,CUST00741,Renters,2023-09-10,2024-09-10,180.33,64823.70,Cancelled
POL01211,CUST00742,Life,2021-04-23,2022-04-23,1017.17,619605.15,Lapsed
POL01212,CUST00743,Renters,2018-03-17,2019-03-17,262.55,59454.30,Expired
POL01213,CUST00743,Home,2021-12-31,2026-12-28,2787.75,776769.41,Lapsed
POL01214,CUST00744,Health,2018-02-01,2023-02-01,1537.67,374683.05,Expired
POL01215,CUST00744,Auto,2023-07-24,2024-07-24,1102.75,40214.90,Active
POL01216,CUST00745,Life,2018-07-19,2019-07-19,1945.97,397220.36,Cancelled
POL01217,CUST00745,Health,2023-09-29,2026-09-28,2439.37,370293.92,Active
POL01218,CUST00746,Home,2023-07-27,2027-07-27,1997.74,658191.96,Active
POL01219,CUST00747,Life,2018-06-27,2021-06-27,674.78,671482.54,Active
POL01220,CUST00747,Auto,2024-05-15,2025-05-15,1640.86,42612.97,Active
POL01221,CUST00748,Auto,2024-06-02,2027-06-02,1054.97,34843.96,Active
POL01222,CUST00748,Health,2020-06-12,2021-06-12,2210.48,259686.89,Active
POL01223,CUST00748,Life,2025-02-21,2026-02-21,1678.12,231209.99,Active
POL01224,CUST00749,Home,2022-08-02,2027-08-02,1416.16,295735.41,Lapsed
POL01225,CUST00750,Home,2019-10-12,2022-10-12,2266.45,320613.11,Active
POL01226,CUST00751,Auto,2021-04-11,2024-04-11,1825.98,28407.22,Active
POL01227,CUST00752,Health,2020-10-27,2021-10-27,5680.07,394687.10,Active
POL01228,CUST00753,Renters,2019-08-28,2022-08-28,163.35,91571.66,Active
POL01229,CUST00753,Auto,2020-08-28,2021-08-28,1056.42,10218.55,Active
POL01230,CUST00753,Life,2019-06-01,2022-06-01,314.56,926785.35,Active
POL01231,CUST00754,Home,2025-08-10,2027-08-10,1846.92,579448.14,Cancelled
POL01232,CUST00754,Auto,2024-04-24,2025-04-24,730.74,26857.93,Active
POL01233,CUST00754,Renters,2023-03-09,2024-03-09,167.40,51138.62,Active
POL01234,CUST00755,Auto,2018-10-30,2023-10-28,1568.30,41759.66,Lapsed
POL01235,CUST00755,Health,2024-11-01,2025-11-01,3505.84,301651.52,Active
POL01236,CUST00755,Renters,2025-04-26,2027-04-26,278.73,81035.74,Cancelled
POL01237,CUST00756,Auto,2019-09-10,2020-09-10,1647.35,59042.54,Active
POL01238,CUST00756,Health,2022-09-13,2023-09-13,2499.61,58753.62,Cancelled
POL01239,CUST00756,Renters,2020-12-22,2023-12-22,229.60,54533.62,Expired
POL01240,CUST00757,Health,2018-01-15,2023-01-15,4922.09,275055.42,Expired
POL01241,CUST00758,Home,2023-11-10,2024-11-10,927.19,609838.45,Active
POL01242,CUST00758,Health,2020-03-13,2023-03-13,2806.51,83421.82,Active
POL01243,CUST00759,Health,2024-06-22,2025-06-22,2116.36,300489.98,Expired
POL01244,CUST00760,Life,2022-06-22,2023-06-22,2449.63,934413.90,Active
POL01245,CUST00760,Auto,2022-06-28,2025-06-28,1970.00,46226.56,Active
POL01246,CUST00761,Life,2024-09-11,2027-09-11,2306.43,83238.37,Active
POL01247,CUST00761,Health,2023-04-05,2024-04-05,1334.77,304405.72,Lapsed
POL01248,CUST00762,Renters,2018-05-15,2019-05-15,314.01,72353.69,Lapsed
POL01249,CUST00762,Home,2021-09-29,2022-09-28,1613.43,690420.76,Lapsed
POL01250,CUST00763,Life,2018-08-19,2019-08-19,1068.29,695937.68,Expired
POL01251,CUST00763,Home,2020-09-03,2023-09-03,2959.92,407055.29,Active
POL01252,CUST00764,Health,2018-01-20,2023-01-20,5019.43,326919.65,Active
POL01253,CUST00765,Renters,2024-11-12,2025-11-12,330.35,39763.09,Active
POL01254,CUST00766,Health,2020-01-19,2021-01-19,3318.59,75539.19,Active
POL01255,CUST00766,Home,2018-10-18,2023-10-18,2225.83,537695.29,Active
POL01256,CUST00767,Home,2018-08-03,2021-08-03,1076.54,175924.08,Active
POL01257,CUST00768,Health,2018-02-05,2019-02-05,5148.65,439008.40,Active
POL01258,CUST00768,Home,2018-09-21,2019-09-21,2239.41,341546.82,Active
POL01259,CUST00769,Life,2020-01-09,2021-01-09,702.96,640420.02,Cancelled
POL01260,CUST00769,Health,2022-10-19,2027-10-19,4030.47,198225.24,Active
POL01261,CUST00770,Auto,2020-08-23,2021-08-23,407.69,59556.23,Active
POL01262,CUST00771,Home,2021-09-25,2022-09-25,1995.42,249574.28,Active
POL01263,CUST00771,Health,2024-10-10,2025-10-10,1770.38,111246.41,Expired
POL01264,CUST00772,Auto,2025-05-16,2027-05-16,1003.52,28938.37,Active
POL01265,CUST00772,Health,2020-05-23,2023-05-23,4322.73,122877.98,Cancelled
POL01266,CUST00772,Renters,2021-12-13,2024-12-13,184.42,91367.10,Active
POL01267,CUST00773,Health,2018-11-14,2019-11-14,3651.15,425021.32,Expired
POL01268,CUST00773,Renters,2019-11-08,2024-11-08,561.69,93279.35,Cancelled
POL01269,CUST00774,Health,2019-12-21,2024-12-21,3756.56,85659.11,Lapsed
POL01270,CUST00774,Life,2024-12-01,2027-12-01,500.58,65932.05,Active
POL01271,CUST00775,Home,2023-05-23,2027-05-23,1625.94,493969.79,Active
POL01272,CUST00775,Health,2023-09-03,2026-09-03,5855.76,420745.56,Active
POL01273,CUST00775,Life,2025-02-20,2026-02-20,1235.62,480270.31,Active
POL01274,CUST00776,Life,2023-12-14,2024-12-14,433.97,170235.60,Cancelled
POL01275,CUST00777,Auto,2019-10-31,2020-10-28,475.17,30527.23,Lapsed
POL01276,CUST00777,Life,2023-02-20,2024-02-20,1348.69,450259.50,Cancelled
POL01277,CUST00777,Health,2023-03-01,2024-03-01,2847.69,467344.45,Lapsed
POL01278,CUST00778,Home,2020-04-28,2021-04-28,2096.64,378962.03,Lapsed
POL01279,CUST00779,Home,2020-09-06,2025-09-06,1350.69,328481.49,Active
POL01280,CUST00780,Home,2018-07-13,2019-07-13,1187.85,474219.38,Active
POL01281,CUST00781,Renters,2018-08-07,2019-08-07,453.15,85393.47,Active
POL01282,CUST00782,Auto,2019-06-14,2022-06-14,1283.80,28290.72,Lapsed
POL01283,CUST00783,Health,2021-10-27,2026-10-27,1322.01,110301.68,Active
POL01284,CUST00784,Renters,2022-02-02,2023-02-02,460.36,93972.57,Expired
POL01285,CUST00785,Renters,2022-06-04,2023-06-04,284.72,15403.80,Active
POL01286,CUST00785,Home,2025-06-16,2026-06-16,1525.72,653496.63,Lapsed
POL01287,CUST00785,Auto,2020-09-18,2021-09-18,1702.29,24286.54,Active
POL01288,CUST00786,Auto,2019-01-05,2020-01-05,1834.99,43001.73,Active
POL01289,CUST00786,Life,2023-05-14,2027-05-14,2061.05,132026.69,Expired
POL01290,CUST00787,Life,2020-08-13,2021-08-13,1340.58,217105.61,Active
POL01291,CUST00788,Life,2019-06-11,2020-06-11,2001.20,994235.43,Cancelled
POL01292,CUST00789,Home,2024-03-27,2027-03-27,2307.37,272366.34,Active
POL01293,CUST00789,Auto,2023-10-03,2024-10-03,526.19,44809.52,Cancelled
POL01294,CUST00790,Auto,2021-05-15,2022-05-15,2040.31,38159.24,Active
POL01295,CUST00791,Auto,2020-09-06,2021-09-06,1807.10,23174.83,Active
POL01296,CUST00791,Renters,2022-05-20,2023-05-20,219.07,43959.19,Lapsed
POL01297,CUST00792,Auto,2020-03-13,2023-03-13,2127.43,47217.66,Expired
POL01298,CUST00793,Home,2018-09-05,2021-09-05,1707.98,710730.58,Cancelled
POL01299,CUST00793,Health,2019-07-15,2020-07-15,1718.86,272964.84,Active
POL01300,CUST00793,Auto,2018-07-18,2023-07-18,1157.54,47631.81,Lapsed
POL01301,CUST00794,Renters,2024-12-27,2025-12-27,371.80,72320.71,Lapsed
POL01302,CUST00794,Home,2024-03-04,2025-03-04,1454.57,524470.40,Active
POL01303,CUST00795,Home,2024-02-01,2027-02-01,1914.73,244490.59,Active
POL01304,CUST00795,Health,2020-11-11,2023-11-11,5037.90,226802.67,Active
POL01305,CUST00795,Renters,2018-06-08,2021-06-08,349.02,56158.39,Active
POL01306,CUST00796,Life,2022-02-23,2025-02-23,985.53,412148.70,Active
POL01307,CUST00796,Auto,2020-03-23,2023-03-23,537.03,26642.38,Active
POL01308,CUST00797,Renters,2022-04-05,2027-04-05,596.25,36106.10,Lapsed
POL01309,CUST00797,Home,2021-01-21,2022-01-21,1411.11,300063.79,Active
POL01310,CUST00798,Home,2020-06-22,2025-06-22,2008.91,622405.96,Active
POL01311,CUST00798,Health,2023-12-13,2024-12-13,5723.05,313464.63,Lapsed
POL01312,CUST00798,Auto,2024-10-12,2027-10-12,553.06,19448.79,Expired
POL01313,CUST00799,Renters,2025-01-17,2026-01-17,358.53,39764.76,Lapsed
POL01314,CUST00800,Auto,2021-06-02,2022-06-02,1469.05,26465.15,Cancelled
POL01315,CUST00801,Life,2019-06-19,2022-06-19,2427.90,934299.28,Active
POL01316,CUST00801,Health,2021-01-14,2022-01-14,4806.06,370219.46,Cancelled
POL01317,CUST00802,Renters,2024-10-18,2027-10-18,190.72,74089.25,Active
POL01318,CUST00803,Health,2018-11-03,2019-11-03,5743.13,179788.85,Cancelled
POL01319,CUST00803,Renters,2020-10-01,2021-10-01,551.37,52468.48,Active
POL01320,CUST00804,Health,2024-06-08,2027-06-08,3189.87,93135.34,Active
POL01321,CUST00805,Auto,2023-11-20,2026-11-20,2127.61,46076.64,Active
POL01322,CUST00806,Health,2020-11-21,2021-11-21,5996.92,410109.99,Lapsed
POL01323,CUST00807,Health,2025-07-09,2027-07-09,5856.33,181576.34,Expired
POL01324,CUST00807,Home,2023-07-23,2026-07-23,1725.01,367317.30,Lapsed
POL01325,CUST00807,Life,2018-05-07,2023-05-07,1193.59,441338.00,Active
POL01326,CUST00808,Home,2024-05-28,2025-05-28,1583.68,649548.38,Lapsed
POL01327,CUST00808,Renters,2018-02-09,2023-02-09,384.08,74223.49,Lapsed
POL01328,CUST00809,Renters,2019-11-04,2020-11-04,583.76,70514.79,Lapsed
POL01329,CUST00809,Home,2023-07-08,2024-07-08,2676.56,458601.76,Active
POL01330,CUST00810,Health,2023-04-13,2026-04-13,3647.19,309827.65,Expired
POL01331,CUST00811,Life,2021-09-29,2022-09-28,1262.42,168756.97,Expired
POL01332,CUST00812,Life,2022-12-21,2023-12-21,1874.64,786781.52,Active
POL01333,CUST00813,Life,2019-08-24,2020-08-24,1353.00,651233.08,Lapsed
POL01334,CUST00814,Home,2022-06-25,2025-06-25,1101.28,247141.55,Expired
POL01335,CUST00815,Health,2020-06-16,2023-06-16,2197.91,380007.09,Active
POL01336,CUST00815,Home,2024-02-04,2027-02-04,2171.95,323613.58,Active
POL01337,CUST00816,Renters,2023-12-25,2024-12-25,440.55,49589.93,Active
POL01338,CUST00816,Home,2025-03-13,2026-03-13,2249.00,160765.64,Cancelled
POL01339,CUST00817,Life,2019-08-14,2020-08-14,1486.63,357048.39,Active
POL01340,CUST00818,Renters,2023-11-10,2027-11-10,596.42,65224.82,Active
POL01341,CUST00818,Health,2025-08-04,2027-08-04,2987.01,420923.68,Active
POL01342,CUST00819,Auto,2018-05-03,2019-05-03,996.92,30239.31,Active
POL01343,CUST00820,Auto,2021-05-04,2026-05-04,1438.61,40781.89,Active
POL01344,CUST00821,Home,2019-09-18,2020-09-18,1958.35,589831.84,Active
POL01345,CUST00822,Auto,2024-03-28,2027-03-28,1026.16,42645.91,Active
POL01346,CUST00822,Home,2019-01-08,2020-01-08,2367.12,593882.59,Lapsed
POL01347,CUST00823,Home,2019-11-28,2020-11-28,1811.98,404434.03,Active
POL01348,CUST00824,Health,2018-04-04,2021-04-04,2685.80,332577.39,Active
POL01349,CUST00824,Renters,2022-01-03,2027-01-03,507.73,18705.47,Active
POL01350,CUST00825,Life,2021-03-15,2022-03-15,1874.70,519069.68,Active
POL01351,CUST00825,Auto,2022-12-10,2027-12-10,1987.93,35058.67,Expired
POL01352,CUST00825,Health,2024-03-15,2025-03-15,3356.93,489498.99,Cancelled
POL01353,CUST00826,Renters,2022-07-10,2027-07-10,295.52,84582.84,Active
POL01354,CUST00827,Renters,2025-03-05,2026-03-05,263.01,19191.07,Active
POL01355,CUST00828,Home,2023-08-29,2026-08-28,1850.67,398144.53,Active
POL01356,CUST00829,Health,2021-02-05,2024-02-05,4760.05,69925.88,Lapsed
POL01357,CUST00830,Health,2021-12-09,2026-12-09,4569.17,186214.06,Active
POL01358,CUST00830,Life,2020-05-30,2021-05-28,1215.16,348105.57,Active
POL01359,CUST00831,Health,2023-10-26,2024-10-26,2084.93,91689.16,Active
POL01360,CUST00831,Home,2025-05-03,2026-05-03,2058.21,620615.19,Active
POL01361,CUST00832,Renters,2024-06-18,2027-06-18,184.56,63770.11,Active
POL01362,CUST00832,Home,2019-10-30,2024-10-28,2890.13,606296.56,Active
POL01363,CUST00833,Auto,2021-02-18,2026-02-18,1035.43,50418.43,Cancelled
POL01364,CUST00833,Home,2018-10-27,2021-10-27,1853.16,402628.90,Expired
POL01365,CUST00834,Home,2020-07-29,2021-07-28,2020.58,210646.56,Active
POL01366,CUST00834,Auto,2024-01-30,2025-01-28,2018.59,21501.12,Active
POL01367,CUST00834,Life,2022-01-02,2027-01-02,1389.71,159271.00,Active
POL01368,CUST00835,Renters,2018-03-24,2023-03-24,396.41,22688.36,Active
POL01369,CUST00835,Auto,2020-06-08,2023-06-08,410.59,54497.84,Cancelled
POL01370,CUST00836,Auto,2020-11-17,2021-11-17,1848.00,24024.47,Cancelled
POL01371,CUST00836,Health,2021-09-23,2026-09-23,3392.32,336955.16,Active
POL01372,CUST00836,Renters,2025-05-02,2026-05-02,214.38,87345.52,Lapsed
POL01373,CUST00837,Home,2025-07-25,2027-07-25,1574.97,179182.55,Active
POL01374,CUST00837,Life,2025-01-24,2027-01-24,1779.05,967782.67,Active
POL01375,CUST00837,Auto,2023-01-01,2026-01-01,552.64,31769.31,Expired
POL01376,CUST00838,Renters,2025-04-18,2026-04-18,370.98,94128.11,Expired
POL01377,CUST00838,Health,2020-04-24,2021-04-24,2060.69,65230.92,Lapsed
POL01378,CUST00838,Home,2023-11-11,2027-11-11,1537.15,370661.48,Cancelled
POL01379,CUST00839,Auto,2020-02-11,2021-02-11,1327.06,41183.81,Lapsed
POL01380,CUST00840,Auto,2019-08-25,2024-08-25,887.56,23858.19,Expired
POL01381,CUST00841,Health,2020-03-17,2023-03-17,1925.43,242187.84,Active
POL01382,CUST00841,Home,2020-06-07,2023-06-07,1958.04,160070.18,Cancelled
POL01383,CUST00841,Renters,2019-10-29,2022-10-28,345.85,35401.67,Expired
POL01384,CUST00842,Home,2022-09-05,2023-09-05,1321.22,471093.76,Active
POL01385,CUST00843,Home,2019-04-24,2020-04-24,2927.99,790188.17,Active
POL01386,CUST00843,Life,2023-09-24,2026-09-24,1271.04,172078.88,Active
POL01387,CUST00844,Renters,2018-11-20,2019-11-20,519.70,43427.59,Lapsed
POL01388,CUST00844,Health,2019-07-13,2022-07-13,5238.71,148940.48,Active
POL01389,CUST00845,Auto,2021-03-18,2022-03-18,656.21,33068.04,Cancelled
POL01390,CUST00845,Life,2019-02-01,2020-02-01,799.58,641110.19,Active
POL01391,CUST00846,Home,2020-07-15,2021-07-15,2039.16,616011.75,Active
POL01392,CUST00846,Life,2023-05-05,2027-05-05,2491.15,524184.02,Expired
POL01393,CUST00847,Home,2023-07-05,2024-07-05,708.09,716113.41,Active
POL01394,CUST00848,Home,2019-04-27,2020-04-27,2708.11,351275.07,Active
POL01395,CUST00849,Health,2022-08-11,2023-08-11,3012.60,104065.80,Lapsed
POL01396,CUST00850,Home,2024-07-07,2025-07-07,1808.27,645662.42,Active
POL01397,CUST00850,Auto,2020-03-20,2021-03-20,2031.36,38496.01,Active
POL01398,CUST00851,Renters,2019-01-23,2020-01-23,384.47,96992.80,Lapsed
POL01399,CUST00851,Life,2022-11-09,2023-11-09,698.89,133930.83,Active
POL01400,CUST00851,Auto,2020-07-12,2023-07-12,854.36,38969.21,Lapsed
POL01401,CUST00852,Life,2018-10-28,2023-10-28,734.13,424183.19,Active
POL01402,CUST00852,Home,2022-10-18,2027-10-18,1771.48,691741.94,Active
POL01403,CUST00853,Renters,2018-04-07,2023-04-07,534.73,86457.24,Active
POL01404,CUST00854,Auto,2018-12-02,2019-12-02,1497.62,47469.19,Active
POL01405,CUST00854,Renters,2024-07-24,2027-07-24,193.76,51424.24,Active
POL01406,CUST00854,Health,2021-07-01,2026-07-01,3509.80,307533.13,Active
POL01407,CUST00855,Auto,2024-07-20,2027-07-20,612.71,21186.05,Active
POL01408,CUST00856,Life,2022-01-27,2027-01-27,2157.35,199108.01,Active
POL01409,CUST00857,Life,2023-03-26,2026-03-26,1906.35,373315.13,Cancelled
POL01410,CUST00857,Auto,2024-03-04,2027-03-04,1757.78,20023.33,Cancelled
POL01411,CUST00858,Life,2020-03-07,2023-03-07,412.33,453082.23,Active
POL01412,CUST00858,Home,2020-12-16,2021-12-16,2173.97,782090.52,Cancelled
POL01413,CUST00859,Health,2020-11-01,2021-11-01,1312.89,301621.19,Cancelled
POL01414,CUST00860,Health,2020-07-18,2025-07-18,5062.70,266917.74,Active
POL01415,CUST00860,Life,2020-06-03,2021-06-03,1186.41,410786.12,Lapsed
POL01416,CUST00861,Auto,2023-04-29,2024-04-28,1225.48,46085.54,Active
POL01417,CUST00862,Home,2022-07-28,2023-07-28,2686.44,750941.43,Expired
POL01418,CUST00863,Health,2018-06-02,2019-06-02,3531.32,317585.88,Lapsed
POL01419,CUST00863,Renters,2024-06-15,2025-06-15,432.73,63669.20,Active
POL01420,CUST00864,Renters,2020-12-10,2025-12-10,238.34,29346.66,Active
POL01421,CUST00865,Life,2023-04-22,2027-04-22,350.44,224252.32,Active
POL01422,CUST00865,Renters,2022-07-11,2027-07-11,436.43,63974.28,Active
POL01423,CUST00865,Health,2022-06-23,2023-06-23,3561.52,481979.06,Lapsed
POL01424,CUST00866,Home,2023-08-03,2026-08-03,1670.15,526206.76,Cancelled
POL01425,CUST00867,Auto,2022-10-17,2023-10-17,473.49,42274.37,Active
POL01426,CUST00868,Life,2023-03-10,2024-03-10,1751.86,172831.40,Active
POL01427,CUST00869,Health,2024-03-19,2027-03-19,5932.94,196529.91,Cancelled
POL01428,CUST00870,Life,2024-04-20,2027-04-20,1592.77,645016.64,Lapsed
POL01429,CUST00870,Auto,2021-11-02,2022-11-02,1161.99,51670.25,Active
POL01430,CUST00870,Renters,2022-04-10,2023-04-10,260.65,32034.27,Active
POL01431,CUST00871,Auto,2021-02-01,2022-02-01,1847.76,53319.09,Active
POL01432,CUST00871,Life,2018-04-01,2019-04-01,2384.22,936616.32,Active
POL01433,CUST00872,Auto,2021-11-20,2022-11-20,1355.24,51227.73,Lapsed
POL01434,CUST00872,Home,2021-01-14,2022-01-14,1385.80,465912.69,Active
POL01435,CUST00872,Renters,2021-01-29,2022-01-28,541.87,57335.37,Lapsed
POL01436,CUST00873,Life,2024-08-20,2025-08-20,572.65,338164.82,Active
POL01437,CUST00874,Auto,2023-10-01,2027-10-01,907.10,35521.05,Active
POL01438,CUST00874,Life,2021-09-23,2022-09-23,1610.45,937447.83,Active
POL01439,CUST00875,Renters,2019-09-17,2022-09-17,432.41,35548.47,Lapsed
POL01440,CUST00875,Home,2019-06-01,2020-06-01,956.12,455459.16,Cancelled
POL01441,CUST00875,Life,2022-01-31,2027-01-28,983.19,853179.28,Active
POL01442,CUST00876,Health,2019-04-26,2020-04-26,1343.39,406055.66,Active
POL01443,CUST00876,Renters,2019-09-27,2020-09-27,178.24,34867.45,Active
POL01444,CUST00877,Auto,2021-03-04,2022-03-04,1005.50,54386.51,Expired
POL01445,CUST00877,Renters,2025-06-10,2026-06-10,586.74,65148.53,Lapsed
POL01446,CUST00877,Home,2021-05-20,2026-05-20,1806.58,390861.92,Active
POL01447,CUST00878,Renters,2024-07-16,2025-07-16,427.23,57116.09,Expired
POL01448,CUST00878,Health,2023-10-22,2027-10-22,1622.38,91775.58,Active
POL01449,CUST00879,Health,2021-03-13,2022-03-13,4721.13,69154.21,Lapsed
POL01450,CUST00880,Renters,2019-11-26,2020-11-26,572.61,46376.26,Lapsed
POL01451,CUST00880,Health,2021-01-23,2022-01-23,4556.93,266330.59,Cancelled
POL01452,CUST00880,Life,2021-06-11,2022-06-11,1726.14,829409.41,Lapsed
POL01453,CUST00881,Auto,2024-03-01,2027-03-01,1198.53,36323.73,Active
POL01454,CUST00882,Renters,2019-01-12,2020-01-12,426.77,78310.40,Cancelled
POL01455,CUST00882,Life,2024-05-04,2027-05-04,1154.92,165648.44,Active
POL01456,CUST00882,Auto,2019-08-21,2020-08-21,1596.98,38009.25,Active
POL01457,CUST00883,Life,2022-05-04,2023-05-04,2323.82,282377.16,Active
POL01458,CUST00883,Auto,2022-04-27,2023-04-27,1616.40,59044.89,Active
POL01459,CUST00884,Auto,2019-06-24,2022-06-24,1546.96,23198.38,Active
POL01460,CUST00885,Health,2021-12-25,2022-12-25,1494.97,255160.89,Active
POL01461,CUST00886,Life,2018-12-06,2023-12-06,1064.72,146217.63,Active
POL01462,CUST00887,Auto,2025-01-07,2026-01-07,2180.00,56456.42,Active
POL01463,CUST00888,Auto,2019-06-12,2020-06-12,768.02,35270.34,Active
POL01464,CUST00888,Life,2024-10-06,2025-10-06,2280.40,436107.74,Cancelled
POL01465,CUST00889,Home,2021-12-10,2026-12-10,829.64,684060.19,Active
POL01466,CUST00890,Life,2020-06-23,2021-06-23,1952.58,482985.66,Cancelled
POL01467,CUST00890,Auto,2019-03-28,2020-03-28,2197.02,40479.46,Active
POL01468,CUST00891,Auto,2019-12-20,2020-12-20,762.24,30926.00,Active
POL01469,CUST00892,Auto,2025-07-25,2026-07-25,1129.33,15636.73,Expired
POL01470,CUST00893,Renters,2022-10-12,2027-10-12,230.02,63894.55,Cancelled
POL01471,CUST00893,Health,2020-09-13,2021-09-13,4849.16,176844.24,Active
POL01472,CUST00893,Auto,2018-12-02,2021-12-02,995.52,53034.31,Lapsed
POL01473,CUST00894,Renters,2021-10-01,2022-10-01,180.97,55398.18,Lapsed
POL01474,CUST00895,Renters,2020-06-25,2021-06-25,337.49,72991.24,Active
POL01475,CUST00896,Auto,2024-06-24,2027-06-24,2019.47,32448.67,Expired
POL01476,CUST00896,Renters,2021-01-09,2024-01-09,430.08,92838.32,Active
POL01477,CUST00897,Health,2023-01-14,2027-01-14,4104.62,156539.61,Active
POL01478,CUST00897,Auto,2018-05-06,2019-05-06,2165.86,48722.60,Active
POL01479,CUST00898,Health,2021-03-23,2024-03-23,4668.88,467634.39,Cancelled
POL01480,CUST00899,Life,2023-03-29,2024-03-28,2479.03,61732.47,Active
POL01481,CUST00899,Home,2025-04-26,2026-04-26,1994.32,689626.59,Active
POL01482,CUST00899,Health,2024-04-17,2027-04-17,1326.67,314435.76,Active
POL01483,CUST00900,Renters,2025-05-01,2027-05-01,332.80,70028.06,Active
POL01484,CUST00900,Auto,2023-03-20,2026-03-20,1932.05,44883.03,Active
POL01485,CUST00901,Renters,2021-06-07,2024-06-07,417.58,83569.19,Active
POL01486,CUST00901,Health,2021-12-21,2022-12-21,5651.79,378773.15,Active
POL01487,CUST00902,Auto,2023-07-25,2024-07-25,590.51,41948.11,Active
POL01488,CUST00903,Renters,2023-01-15,2024-01-15,567.83,58334.23,Active
POL01489,CUST00904,Renters,2019-05-24,2020-05-24,177.71,44337.13,Active
POL01490,CUST00904,Health,2024-06-22,2025-06-22,2211.93,299800.87,Active
POL01491,CUST00905,Renters,2023-10-13,2026-10-13,460.30,54186.37,Active
POL01492,CUST00905,Home,2019-05-23,2020-05-23,978.34,229443.33,Active
POL01493,CUST00906,Health,2025-03-26,2027-03-26,5007.44,218084.75,Active
POL01494,CUST00907,Health,2025-05-28,2027-05-28,3401.66,338332.57,Active
POL01495,CUST00908,Auto,2021-09-15,2024-09-15,1033.09,40945.04,Cancelled
POL01496,CUST00908,Renters,2023-01-21,2024-01-21,409.48,10428.75,Active
POL01497,CUST00908,Life,2021-07-15,2022-07-15,899.01,150847.37,Active
POL01498,CUST00909,Renters,2024-12-23,2025-12-23,150.63,65345.74,Active
POL01499,CUST00909,Health,2024-12-24,2025-12-24,4212.75,188008.81,Active
POL01500,CUST00909,Home,2019-02-17,2020-02-17,1798.76,210130.57,Cancelled
POL01501,CUST00910,Home,2021-05-21,2022-05-21,1281.20,299834.67,Lapsed
POL01502,CUST00911,Home,2024-05-22,2025-05-22,2607.68,400198.74,Expired
POL01503,CUST00912,Life,2018-07-23,2019-07-23,849.64,995452.02,Active
POL01504,CUST00912,Health,2018-11-02,2019-11-02,1202.18,80318.76,Expired
POL01505,CUST00913,Life,2025-06-14,2026-06-14,1038.71,744278.28,Expired
POL01506,CUST00914,Auto,2022-11-01,2023-11-01,1393.47,37440.21,Active
POL01507,CUST00914,Life,2019-11-29,2020-11-28,1714.88,306817.97,Active
POL01508,CUST00915,Renters,2022-01-22,2025-01-22,225.78,73954.21,Active
POL01509,CUST00916,Auto,2019-09-16,2020-09-16,1514.70,35159.82,Active
POL01510,CUST00917,Health,2024-09-23,2025-09-23,2769.35,362231.91,Expired
POL01511,CUST00917,Home,2021-07-07,2022-07-07,2326.38,486298.55,Cancelled
POL01512,CUST00918,Home,2021-04-02,2022-04-02,2841.81,627604.47,Cancelled
POL01513,CUST00918,Renters,2025-01-23,2026-01-23,571.78,49691.03,Active
POL01514,CUST00919,Health,2018-05-02,2019-05-02,4328.70,337906.27,Active
POL01515,CUST00920,Health,2021-05-23,2022-05-23,3596.19,407071.27,Active
POL01516,CUST00921,Home,2018-05-27,2019-05-27,644.81,778243.92,Active
POL01517,CUST00922,Health,2021-11-19,2022-11-19,5946.18,245480.88,Lapsed
POL01518,CUST00923,Renters,2020-01-29,2021-01-28,380.08,24977.08,Cancelled
POL01519,CUST00923,Life,2024-02-28,2027-02-28,2464.36,908597.75,Active
POL01520,CUST00924,Life,2018-10-17,2019-10-17,1604.98,494200.30,Active
POL01521,CUST00924,Home,2025-05-08,2026-05-08,1499.90,333659.21,Active
POL01522,CUST00925,Health,2023-08-29,2026-08-28,2340.86,324899.34,Active
POL01523,CUST00926,Life,2019-10-30,2020-10-28,731.52,113954.85,Active
POL01524,CUST00926,Home,2021-12-22,2022-12-22,2289.60,219715.52,Active
POL01525,CUST00927,Renters,2021-10-04,2022-10-04,214.06,55209.54,Cancelled
POL01526,CUST00927,Auto,2018-06-11,2019-06-11,1990.34,16996.38,Active
POL01527,CUST00928,Home,2021-06-12,2024-06-12,2643.86,254800.42,Lapsed
POL01528,CUST00928,Life,2023-08-02,2024-08-02,2150.78,558287.08,Active
POL01529,CUST00929,Life,2024-07-09,2025-07-09,816.73,446607.64,Active
POL01530,CUST00930,Auto,2019-06-13,2020-06-13,1301.44,12277.06,Active
POL01531,CUST00931,Home,2020-01-23,2021-01-23,2055.80,775719.41,Active
POL01532,CUST00932,Life,2019-06-16,2020-06-16,2215.73,647555.86,Active
POL01533,CUST00932,Renters,2021-09-29,2024-09-28,599.33,48093.69,Cancelled
POL01534,CUST00933,Home,2023-06-27,2026-06-27,784.21,528335.59,Active
POL01535,CUST00933,Auto,2022-10-01,2025-10-01,1723.99,42814.09,Active
POL01536,CUST00934,Home,2021-02-11,2026-02-11,693.20,416427.99,Lapsed
POL01537,CUST00934,Auto,2020-07-03,2021-07-03,604.24,42866.03,Lapsed
POL01538,CUST00935,Health,2021-07-30,2026-07-28,4882.71,64835.68,Cancelled
POL01539,CUST00936,Home,2023-01-10,2024-01-10,1358.88,732663.50,Expired
POL01540,CUST00936,Renters,2018-11-02,2019-11-02,552.90,70639.27,Active
POL01541,CUST00937,Auto,2024-08-27,2027-08-27,1220.86,39390.88,Expired
POL01542,CUST00937,Health,2019-03-10,2020-03-10,4397.20,391916.49,Active
POL01543,CUST00937,Life,2019-12-13,2020-12-13,1107.53,945480.26,Active
POL01544,CUST00938,Health,2018-12-02,2023-12-02,3280.34,363066.86,Active
POL01545,CUST00939,Auto,2019-04-27,2024-04-27,1233.73,12350.31,Active
POL01546,CUST00940,Health,2025-05-24,2027-05-24,3517.85,146205.33,Active
POL01547,CUST00941,Renters,2022-12-17,2027-12-17,267.50,57465.67,Active
POL01548,CUST00941,Auto,2025-08-17,2026-08-17,506.54,14186.89,Active
POL01549,CUST00941,Home,2019-05-26,2020-05-26,2027.23,737293.48,Active
POL01550,CUST00942,Health,2021-04-27,2022-04-27,2786.90,142477.18,Active
POL01551,CUST00943,Auto,2019-04-11,2024-04-11,1904.74,15123.04,Active
POL01552,CUST00944,Auto,2025-07-27,2026-07-27,876.60,57311.58,Active
POL01553,CUST00945,Auto,2022-08-04,2023-08-04,2133.98,23506.73,Cancelled
POL01554,CUST00945,Renters,2021-07-12,2022-07-12,219.40,19581.97,Cancelled
POL01555,CUST00946,Life,2020-01-20,2021-01-20,1114.96,686179.95,Active
POL01556,CUST00946,Auto,2023-09-12,2027-09-12,454.47,45803.57,Active
POL01557,CUST00947,Life,2021-04-22,2022-04-22,1842.71,587219.06,Active
POL01558,CUST00948,Auto,2018-07-19,2021-07-19,415.68,37316.83,Cancelled
POL01559,CUST00949,Renters,2020-07-22,2025-07-22,159.31,52100.96,Cancelled
POL01560,CUST00950,Life,2020-03-22,2025-03-22,1255.11,184268.68,Active
POL01561,CUST00951,Health,2022-01-16,2023-01-16,3092.36,387283.72,Lapsed
POL01562,CUST00951,Home,2021-05-02,2022-05-02,2033.97,511927.02,Active
POL01563,CUST00952,Renters,2022-08-24,2023-08-24,309.45,25597.07,Lapsed
POL01564,CUST00952,Life,2019-03-24,2022-03-24,1901.34,176086.62,Expired
POL01565,CUST00952,Health,2019-10-24,2020-10-24,5588.29,369721.44,Active
POL01566,CUST00953,Health,2021-10-09,2022-10-09,3622.28,368307.27,Active
POL01567,CUST00954,Auto,2025-04-15,2026-04-15,1622.51,58865.14,Active
POL01568,CUST00954,Health,2021-01-22,2022-01-22,2241.71,379134.03,Active
POL01569,CUST00955,Renters,2024-06-27,2025-06-27,320.71,66522.88,Active
POL01570,CUST00955,Health,2023-11-08,2026-11-08,5862.00,456171.76,Active
POL01571,CUST00955,Life,2018-04-18,2019-04-18,1530.75,988736.33,Cancelled
POL01572,CUST00956,Home,2019-03-08,2020-03-08,2973.37,370925.58,Active
POL01573,CUST00957,Life,2019-09-04,2022-09-04,1636.49,131121.93,Active
POL01574,CUST00957,Auto,2021-02-17,2022-02-17,723.98,11890.13,Lapsed
POL01575,CUST00957,Renters,2024-12-30,2027-12-28,505.30,57319.73,Active
POL01576,CUST00958,Auto,2024-10-14,2025-10-14,2090.13,16088.20,Active
POL01577,CUST00959,Renters,2021-08-22,2022-08-22,408.77,49396.43,Expired
POL01578,CUST00959,Health,2022-05-20,2025-05-20,2054.31,395227.43,Active
POL01579,CUST00960,Home,2021-08-19,2022-08-19,2253.06,580559.38,Active
POL01580,CUST00960,Life,2021-03-19,2022-03-19,2384.55,578117.13,Lapsed
POL01581,CUST00960,Health,2024-04-27,2027-04-27,5212.46,388147.32,Active
POL01582,CUST00961,Health,2021-04-01,2022-04-01,3360.08,485156.88,Active
POL01583,CUST00961,Home,2019-03-25,2022-03-25,1455.30,788414.80,Active
POL01584,CUST00961,Renters,2021-04-14,2022-04-14,379.03,90994.16,Expired
POL01585,CUST00962,Auto,2020-06-22,2021-06-22,1245.32,29469.61,Active
POL01586,CUST00963,Life,2025-05-26,2027-05-26,1591.35,418941.97,Lapsed
POL01587,CUST00963,Health,2018-01-04,2019-01-04,4336.14,170900.49,Expired
POL01588,CUST00964,Health,2025-05-03,2026-05-03,5693.81,439584.29,Cancelled
POL01589,CUST00964,Life,2018-04-24,2021-04-24,354.77,285144.53,Lapsed
POL01590,CUST00965,Auto,2021-06-19,2022-06-19,754.56,55161.20,Active
POL01591,CUST00965,Health,2022-01-05,2025-01-05,4747.46,285585.36,Active
POL01592,CUST00966,Auto,2021-01-27,2022-01-27,1280.26,46700.66,Lapsed
POL01593,CUST00967,Home,2019-07-13,2020-07-13,1982.98,253489.79,Lapsed
POL01594,CUST00968,Home,2025-06-03,2026-06-03,1255.45,666794.63,Active
POL01595,CUST00969,Health,2021-04-30,2022-04-28,1605.69,343808.58,Lapsed
POL01596,CUST00969,Renters,2025-06-26,2027-06-26,344.86,41750.97,Active
POL01597,CUST00969,Auto,2025-07-12,2026-07-12,1929.76,19252.27,Active
POL01598,CUST00970,Renters,2023-08-16,2026-08-16,224.98,47273.87,Active
POL01599,CUST00971,Renters,2025-08-14,2026-08-14,320.96,62574.06,Active
POL01600,CUST00971,Health,2018-12-26,2019-12-26,2111.61,85540.98,Cancelled
POL01601,CUST00972,Auto,2021-12-19,2022-12-19,1303.18,24477.48,Active
POL01602,CUST00972,Health,2023-02-17,2024-02-17,2723.43,275751.99,Active
POL01603,CUST00973,Life,2022-06-16,2025-06-16,2228.89,596409.37,Active
POL01604,CUST00974,Health,2025-04-30,2027-04-28,5539.00,398711.07,Active
POL01605,CUST00975,Health,2024-10-04,2025-10-04,4041.17,244226.39,Cancelled
POL01606,CUST00976,Renters,2023-02-18,2024-02-18,171.88,86427.69,Cancelled
POL01607,CUST00977,Auto,2025-08-01,2026-08-01,1906.03,16430.30,Active
POL01608,CUST00977,Life,2021-12-12,2024-12-12,2469.69,369752.62,Active
POL01609,CUST00978,Life,2018-05-30,2023-05-28,589.25,63768.82,Active
POL01610,CUST00979,Renters,2025-07-17,2026-07-17,235.33,95928.66,Active
POL01611,CUST00979,Life,2020-10-07,2021-10-07,1707.23,306338.27,Active
POL01612,CUST00979,Auto,2024-12-13,2025-12-13,1242.50,44472.98,Active
POL01613,CUST00980,Life,2021-11-06,2022-11-06,580.00,930414.64,Active
POL01614,CUST00981,Health,2019-03-10,2020-03-10,4905.12,72951.94,Active
POL01615,CUST00982,Auto,2020-04-30,2021-04-28,1894.91,40936.51,Active
POL01616,CUST00983,Health,2023-04-23,2024-04-23,5190.46,100364.96,Active
POL01617,CUST00984,Renters,2020-09-19,2025-09-19,577.02,70600.64,Expired
POL01618,CUST00985,Health,2025-04-30,2026-04-28,5203.97,162941.03,Lapsed
POL01619,CUST00986,Health,2020-11-01,2021-11-01,1235.79,248646.52,Active
POL01620,CUST00986,Auto,2019-10-06,2022-10-06,1315.50,37268.35,Active
POL01621,CUST00987,Auto,2018-02-28,2019-02-28,1458.40,27105.32,Cancelled
POL01622,CUST00988,Life,2024-03-09,2027-03-09,1747.75,450099.51,Active
POL01623,CUST00989,Health,2023-12-05,2024-12-05,4793.11,191111.98,Active
POL01624,CUST00990,Life,2023-08-09,2026-08-09,1848.00,61976.70,Lapsed
POL01625,CUST00990,Auto,2020-07-25,2021-07-25,1205.87,35791.85,Cancelled
POL01626,CUST00990,Renters,2021-08-28,2022-08-28,315.72,47189.14,Active
POL01627,CUST00991,Health,2021-06-11,2022-06-11,3816.59,104836.89,Active
POL01628,CUST00992,Home,2025-07-12,2026-07-12,998.87,763724.28,Active
POL01629,CUST00992,Life,2023-03-03,2026-03-03,2081.98,251796.78,Active
POL01630,CUST00993,Renters,2018-04-09,2019-04-09,343.92,93635.64,Cancelled
POL01631,CUST00994,Renters,2020-05-11,2025-05-11,477.95,48445.63,Active
POL01632,CUST00994,Life,2020-01-26,2023-01-26,621.95,200897.63,Lapsed
POL01633,CUST00995,Renters,2018-08-13,2019-08-13,437.12,41809.42,Expired
POL01634,CUST00995,Home,2021-05-06,2026-05-06,1527.20,476399.77,Lapsed
POL01635,CUST00995,Health,2023-04-13,2027-04-13,5491.84,391656.43,Active
POL01636,CUST00996,Health,2024-12-21,2025-12-21,2510.75,440972.15,Active
POL01637,CUST00997,Renters,2020-02-20,2021-02-20,505.49,66847.40,Active
POL01638,CUST00998,Auto,2019-10-18,2020-10-18,538.20,41359.15,Active
POL01639,CUST00998,Home,2022-06-06,2023-06-06,1298.61,269334.14,Active
POL01640,CUST00999,Home,2024-10-11,2025-10-11,2876.59,737631.66,Lapsed
POL01641,CUST00999,Life,2025-05-11,2027-05-11,474.20,829787.29,Active
POL01642,CUST01000,Home,2023-09-22,2026-09-22,2791.55,223818.27,Active
